/*Table structure for table `cliparts` */

CREATE TABLE IF NOT EXISTS `cliparts` (
  `xe_id` bigint(20) NOT NULL AUTO_INCREMENT,
  `name` varchar(60) DEFAULT NULL,
  `price` decimal(6,2) DEFAULT NULL,
  `width` float(5,2) DEFAULT NULL,
  `height` float(5,2) DEFAULT NULL,
  `file_name` varchar(60) DEFAULT NULL,
  `is_scaling` tinyint(1) DEFAULT '0',
  `total_used` int(11) DEFAULT 0,
  `store_id` int(4) NOT NULL,
  `created_at` datetime DEFAULT CURRENT_TIMESTAMP,
  PRIMARY KEY (`xe_id`),
  KEY `cliparts_index_key_01` (`name`,`price`,`store_id`)
) ENGINE=InnoDB DEFAULT CHARSET=latin1;


LOCK TABLES `cliparts` WRITE;
/*!40000 ALTER TABLE `cliparts` DISABLE KEYS */;
INSERT INTO `cliparts` (`xe_id`, `name`, `price`, `width`, `height`, `file_name`, `is_scaling`, `total_used`, `store_id`, `created_at`) VALUES
  (30, 'Basketball', 0.00, 0.00, 0.00, '202003300236423133.svg', 0, 0, 1, '2020-03-30 14:36:42'),
  (31, 'Basketball', 0.00, 0.00, 0.00, '202003300236423133_1.svg', 0, 0, 1, '2020-03-30 14:36:42'),
  (32, 'Basketball', 0.00, 0.00, 0.00, '202003300236423133_2.svg', 0, 0, 1, '2020-03-30 14:36:42'),
  (33, 'Basketball', 0.00, 0.00, 0.00, '202003300236423133_3.svg', 0, 0, 1, '2020-03-30 14:36:42'),
  (34, 'Basketball', 0.00, 0.00, 0.00, '202003300236423133_4.svg', 0, 0, 1, '2020-03-30 14:36:42'),
  (35, 'Basketball', 0.00, 0.00, 0.00, '202003300236423133_5.svg', 0, 0, 1, '2020-03-30 14:36:42'),
  (36, 'Basketball', 0.00, 0.00, 0.00, '202003300236423133_6.svg', 0, 0, 1, '2020-03-30 14:36:42'),
  (37, 'Basketball', 0.00, 0.00, 0.00, '202003300236423133_7.svg', 0, 0, 1, '2020-03-30 14:36:42'),
  (38, 'Basketball', 0.00, 0.00, 0.00, '202003300236423133_8.svg', 0, 0, 1, '2020-03-30 14:36:42'),
  (39, 'Basketball', 0.00, 0.00, 0.00, '202003300236423133_9.svg', 0, 0, 1, '2020-03-30 14:36:42'),
  (40, 'Basketball', 0.00, 0.00, 0.00, '202003300238429411.svg', 0, 0, 1, '2020-03-30 14:38:42'),
  (41, 'Basketball', 0.00, 0.00, 0.00, '202003300238429411_1.svg', 0, 0, 1, '2020-03-30 14:38:42'),
  (42, 'Basketball', 0.00, 0.00, 0.00, '202003300238429411_2.svg', 0, 0, 1, '2020-03-30 14:38:42'),
  (43, 'Basketball', 0.00, 0.00, 0.00, '202003300238429411_3.svg', 0, 0, 1, '2020-03-30 14:38:42'),
  (44, 'Basketball', 0.00, 0.00, 0.00, '202003300238429411_4.svg', 0, 0, 1, '2020-03-30 14:38:42'),
  (45, 'Basketball', 0.00, 0.00, 0.00, '202003300238429411_5.svg', 0, 0, 1, '2020-03-30 14:38:42'),
  (46, 'Basketball', 0.00, 0.00, 0.00, '202003300238429411_6.svg', 0, 0, 1, '2020-03-30 14:38:42'),
  (47, 'Basketball', 0.00, 0.00, 0.00, '202003300238429411_7.svg', 0, 0, 1, '2020-03-30 14:38:42'),
  (48, 'Basketball', 0.00, 0.00, 0.00, '202003300238429411_8.svg', 0, 0, 1, '2020-03-30 14:38:42'),
  (49, 'Basketball', 0.00, 0.00, 0.00, '202003300238429411_9.svg', 0, 0, 1, '2020-03-30 14:38:42'),
  (50, 'Basketball', 0.00, 0.00, 0.00, '202003300238429411_10.svg', 0, 0, 1, '2020-03-30 14:38:42'),
  (51, 'Basketball', 0.00, 0.00, 0.00, '202003300238429411_11.svg', 0, 0, 1, '2020-03-30 14:38:42'),
  (52, 'Football', 0.00, 0.00, 0.00, '202003300245101272.svg', 0, 0, 1, '2020-03-30 14:45:10'),
  (53, 'Football', 0.00, 0.00, 0.00, '202003300245101272_1.svg', 0, 0, 1, '2020-03-30 14:45:10'),
  (54, 'Football', 0.00, 0.00, 0.00, '202003300245101272_2.svg', 0, 0, 1, '2020-03-30 14:45:10'),
  (55, 'Football', 0.00, 0.00, 0.00, '202003300245101272_3.svg', 0, 0, 1, '2020-03-30 14:45:10'),
  (56, 'Football', 0.00, 0.00, 0.00, '202003300245101272_4.svg', 0, 0, 1, '2020-03-30 14:45:10'),
  (57, 'Football', 0.00, 0.00, 0.00, '202003300245101272_5.svg', 0, 0, 1, '2020-03-30 14:45:10'),
  (58, 'Football', 0.00, 0.00, 0.00, '202003300245101272_6.svg', 0, 0, 1, '2020-03-30 14:45:10'),
  (59, 'Football', 0.00, 0.00, 0.00, '202003300245101272_7.svg', 0, 0, 1, '2020-03-30 14:45:10'),
  (60, 'Football', 0.00, 0.00, 0.00, '202003300245101272_8.svg', 0, 0, 1, '2020-03-30 14:45:10'),
  (61, 'Football', 0.00, 0.00, 0.00, '202003300245101272_9.svg', 0, 0, 1, '2020-03-30 14:45:10'),
  (62, 'Racing', 0.00, 0.00, 0.00, '202003300246159198.svg', 0, 0, 1, '2020-03-30 14:46:15'),
  (63, 'Racing', 0.00, 0.00, 0.00, '202003300246159198_1.svg', 0, 0, 1, '2020-03-30 14:46:15'),
  (64, 'Racing', 0.00, 0.00, 0.00, '202003300246159198_2.svg', 0, 0, 1, '2020-03-30 14:46:15'),
  (65, 'Racing', 0.00, 0.00, 0.00, '202003300246159198_3.svg', 0, 0, 1, '2020-03-30 14:46:15'),
  (66, 'Racing', 0.00, 0.00, 0.00, '202003300246159198_4.svg', 0, 0, 1, '2020-03-30 14:46:15'),
  (67, 'Racing', 0.00, 0.00, 0.00, '202003300246159198_5.svg', 0, 0, 1, '2020-03-30 14:46:15'),
  (68, 'Racing', 0.00, 0.00, 0.00, '202003300246159198_6.svg', 0, 0, 1, '2020-03-30 14:46:15'),
  (69, 'Racing', 0.00, 0.00, 0.00, '202003300246159198_7.svg', 0, 0, 1, '2020-03-30 14:46:15'),
  (70, 'Racing', 0.00, 0.00, 0.00, '202003300246159198_8.svg', 0, 0, 1, '2020-03-30 14:46:15'),
  (71, 'Racing', 0.00, 0.00, 0.00, '202003300246159198_9.svg', 0, 0, 1, '2020-03-30 14:46:15'),
  (72, 'Racing', 0.00, 0.00, 0.00, '20200330024710494.svg', 0, 0, 1, '2020-03-30 14:47:10'),
  (73, 'Racing', 0.00, 0.00, 0.00, '20200330024710494_1.svg', 0, 0, 1, '2020-03-30 14:47:10'),
  (74, 'Racing', 0.00, 0.00, 0.00, '20200330024710494_2.svg', 0, 0, 1, '2020-03-30 14:47:10'),
  (75, 'Racing', 0.00, 0.00, 0.00, '20200330024710494_3.svg', 0, 0, 1, '2020-03-30 14:47:10'),
  (76, 'Baby', 0.00, 0.00, 0.00, '202003300251349589.svg', 0, 0, 1, '2020-03-30 14:51:34'),
  (77, 'Baby', 0.00, 0.00, 0.00, '202003300251349589_1.svg', 0, 0, 1, '2020-03-30 14:51:34'),
  (78, 'Baby', 0.00, 0.00, 0.00, '202003300251349589_2.svg', 0, 0, 1, '2020-03-30 14:51:34'),
  (79, 'Baby', 0.00, 0.00, 0.00, '202003300251349589_3.svg', 0, 0, 1, '2020-03-30 14:51:34'),
  (80, 'Baby', 0.00, 0.00, 0.00, '202003300251349589_4.svg', 0, 0, 1, '2020-03-30 14:51:34'),
  (81, 'Baby', 0.00, 0.00, 0.00, '202003300251349589_5.svg', 0, 0, 1, '2020-03-30 14:51:34'),
  (82, 'Baby', 0.00, 0.00, 0.00, '202003300251349589_6.svg', 0, 0, 1, '2020-03-30 14:51:34'),
  (83, 'Baby', 0.00, 0.00, 0.00, '202003300251349589_7.svg', 0, 0, 1, '2020-03-30 14:51:34'),
  (84, 'Baby', 0.00, 0.00, 0.00, '202003300251349589_8.svg', 0, 0, 1, '2020-03-30 14:51:34'),
  (85, 'Baby', 0.00, 0.00, 0.00, '202003300251349589_9.svg', 0, 0, 1, '2020-03-30 14:51:34'),
  (86, 'Child', 0.00, 0.00, 0.00, '202003300253261409.svg', 0, 0, 1, '2020-03-30 14:53:26'),
  (87, 'Child', 0.00, 0.00, 0.00, '202003300253261409_1.svg', 0, 0, 1, '2020-03-30 14:53:26'),
  (88, 'Child', 0.00, 0.00, 0.00, '202003300253261409_2.svg', 0, 0, 1, '2020-03-30 14:53:26'),
  (89, 'Child', 0.00, 0.00, 0.00, '202003300253261409_3.svg', 0, 0, 1, '2020-03-30 14:53:26'),
  (90, 'Child', 0.00, 0.00, 0.00, '202003300253261409_4.svg', 0, 0, 1, '2020-03-30 14:53:26'),
  (91, 'Child', 0.00, 0.00, 0.00, '202003300253261409_5.svg', 0, 0, 1, '2020-03-30 14:53:26'),
  (92, 'Child', 0.00, 0.00, 0.00, '202003300253261409_6.svg', 0, 0, 1, '2020-03-30 14:53:26'),
  (93, 'Child', 0.00, 0.00, 0.00, '202003300253261409_7.svg', 0, 0, 1, '2020-03-30 14:53:26'),
  (94, 'Child', 0.00, 0.00, 0.00, '202003300253261409_8.svg', 0, 0, 1, '2020-03-30 14:53:26'),
  (95, 'Child', 0.00, 0.00, 0.00, '202003300253261409_9.svg', 0, 0, 1, '2020-03-30 14:53:26'),
  (96, 'Love', 0.00, 0.00, 0.00, '202003300254114642.svg', 0, 0, 1, '2020-03-30 14:54:11'),
  (97, 'Love', 0.00, 0.00, 0.00, '202003300254114642_1.svg', 0, 0, 1, '2020-03-30 14:54:11'),
  (98, 'Love', 0.00, 0.00, 0.00, '202003300254114642_2.svg', 0, 0, 1, '2020-03-30 14:54:11'),
  (99, 'Love', 0.00, 0.00, 0.00, '202003300254114642_3.svg', 0, 0, 1, '2020-03-30 14:54:11'),
  (100, 'Love', 0.00, 0.00, 0.00, '202003300254114642_4.svg', 0, 0, 1, '2020-03-30 14:54:11'),
  (101, 'Love', 0.00, 0.00, 0.00, '202003300254114642_5.svg', 0, 0, 1, '2020-03-30 14:54:11'),
  (102, 'Love', 0.00, 0.00, 0.00, '202003300254114642_6.svg', 0, 0, 1, '2020-03-30 14:54:11'),
  (103, 'Love', 0.00, 0.00, 0.00, '202003300254114642_7.svg', 0, 0, 1, '2020-03-30 14:54:11'),
  (104, 'Love', 0.00, 0.00, 0.00, '202003300254114642_8.svg', 0, 0, 1, '2020-03-30 14:54:11'),
  (105, 'Love', 0.00, 0.00, 0.00, '202003300254114642_9.svg', 0, 0, 1, '2020-03-30 14:54:11'),
  (106, 'Family', 0.00, 0.00, 0.00, '202003300254444488.svg', 0, 0, 1, '2020-03-30 14:54:44'),
  (107, 'Family', 0.00, 0.00, 0.00, '202003300254444488_1.svg', 0, 0, 1, '2020-03-30 14:54:44'),
  (108, 'Family', 0.00, 0.00, 0.00, '202003300254444488_2.svg', 0, 0, 1, '2020-03-30 14:54:44'),
  (109, 'Family', 0.00, 0.00, 0.00, '202003300254444488_3.svg', 0, 0, 1, '2020-03-30 14:54:44'),
  (110, 'Family', 0.00, 0.00, 0.00, '202003300254444488_4.svg', 0, 0, 1, '2020-03-30 14:54:44'),
  (111, 'Family', 0.00, 0.00, 0.00, '202003300254444488_5.svg', 0, 0, 1, '2020-03-30 14:54:44'),
  (112, 'Family', 0.00, 0.00, 0.00, '202003300254444488_6.svg', 0, 0, 1, '2020-03-30 14:54:44'),
  (113, 'Family', 0.00, 0.00, 0.00, '202003300254444488_7.svg', 0, 0, 1, '2020-03-30 14:54:44'),
  (114, 'Family', 0.00, 0.00, 0.00, '202003300254444488_8.svg', 0, 0, 1, '2020-03-30 14:54:44'),
  (115, 'Family', 0.00, 0.00, 0.00, '202003300254444488_9.svg', 0, 0, 1, '2020-03-30 14:54:44'),
  (116, 'Moon', 0.00, 0.00, 0.00, '20200330025744387.svg', 0, 0, 1, '2020-03-30 14:57:44'),
  (117, 'Moon', 0.00, 0.00, 0.00, '20200330025744387_1.svg', 0, 0, 1, '2020-03-30 14:57:44'),
  (118, 'Moon', 0.00, 0.00, 0.00, '20200330025744387_2.svg', 0, 0, 1, '2020-03-30 14:57:44'),
  (119, 'Moon', 0.00, 0.00, 0.00, '20200330025744387_3.svg', 0, 0, 1, '2020-03-30 14:57:44'),
  (120, 'Moon', 0.00, 0.00, 0.00, '20200330025744387_4.svg', 0, 0, 1, '2020-03-30 14:57:44'),
  (121, 'Beach', 0.00, 0.00, 0.00, '202003300258409911.svg', 0, 0, 1, '2020-03-30 14:58:40'),
  (122, 'Beach', 0.00, 0.00, 0.00, '202003300258409911_1.svg', 0, 0, 1, '2020-03-30 14:58:40'),
  (123, 'Beach', 0.00, 0.00, 0.00, '202003300258409911_2.svg', 0, 0, 1, '2020-03-30 14:58:40'),
  (124, 'Beach', 0.00, 0.00, 0.00, '202003300258409911_3.svg', 0, 0, 1, '2020-03-30 14:58:40'),
  (125, 'Beach', 0.00, 0.00, 0.00, '202003300258409911_4.svg', 0, 0, 1, '2020-03-30 14:58:40'),
  (126, 'Beach', 0.00, 0.00, 0.00, '202003300258409911_5.svg', 0, 0, 1, '2020-03-30 14:58:40'),
  (127, 'Beach', 0.00, 0.00, 0.00, '202003300258409911_6.svg', 0, 0, 1, '2020-03-30 14:58:40'),
  (128, 'Beach', 0.00, 0.00, 0.00, '202003300258409911_7.svg', 0, 0, 1, '2020-03-30 14:58:40'),
  (134, 'Beach - TEST 001', 0.00, 0.00, 0.00, '20200331083640703.svg', 0, 0, 1, '2020-03-31 08:36:40');
/*!40000 ALTER TABLE `cliparts` ENABLE KEYS */;
UNLOCK TABLES;

/*Table structure for table `clipart_tag_rel` */

CREATE TABLE IF NOT EXISTS `clipart_tag_rel` (
  `clipart_id` bigint(20) DEFAULT NULL,
  `tag_id` bigint(20) DEFAULT NULL,
  KEY `clipart_tag_rel_index_001` (`clipart_id`, `tag_id`)
) ENGINE=InnoDB DEFAULT CHARSET=latin1;

LOCK TABLES `clipart_tag_rel` WRITE;
/*!40000 ALTER TABLE `clipart_tag_rel` DISABLE KEYS */;
INSERT INTO `clipart_tag_rel` (`clipart_id`, `tag_id`) VALUES
  (40, 3),
  (41, 3),
  (42, 3),
  (43, 3),
  (44, 3),
  (45, 3),
  (46, 3),
  (47, 3),
  (48, 3),
  (49, 3),
  (50, 3),
  (51, 3),
  (52, 4),
  (53, 4),
  (54, 4),
  (55, 4),
  (56, 4),
  (57, 4),
  (58, 4),
  (59, 4),
  (60, 4),
  (61, 4),
  (72, 5),
  (73, 5),
  (74, 5),
  (75, 5),
  (132, 10),
  (132, 11),
  (133, 11);
/*!40000 ALTER TABLE `clipart_tag_rel` ENABLE KEYS */;
UNLOCK TABLES;

/*Table structure for table `clipart_category_rel` */

CREATE TABLE IF NOT EXISTS `clipart_category_rel` (
  `clipart_id` bigint(20) DEFAULT NULL,
  `category_id` bigint(20) DEFAULT NULL,
  KEY `clipart_category_rel_index_001` (`clipart_id`, `category_id`)
) ENGINE=InnoDB DEFAULT CHARSET=latin1;
INSERT INTO `clipart_category_rel` (`clipart_id`, `category_id`) VALUES
  (1, 53),
  (2, 53),
  (3, 53),
  (4, 53),
  (5, 53),
  (6, 53),
  (7, 53),
  (8, 53),
  (9, 53),
  (10, 53),
  (11, 53),
  (12, 53),
  (13, 53),
  (14, 54),
  (15, 54),
  (16, 54),
  (17, 54),
  (18, 54),
  (19, 54),
  (20, 54),
  (21, 54),
  (22, 54),
  (23, 54),
  (24, 54),
  (25, 54),
  (26, 54),
  (27, 54),
  (28, 54),
  (29, 54),
  (30, 56),
  (30, 57),
  (30, 58),
  (30, 59),
  (31, 56),
  (31, 57),
  (31, 58),
  (31, 59),
  (32, 56),
  (32, 57),
  (32, 58),
  (32, 59),
  (33, 56),
  (33, 57),
  (33, 58),
  (33, 59),
  (34, 56),
  (34, 57),
  (34, 58),
  (34, 59),
  (35, 56),
  (35, 57),
  (35, 58),
  (35, 59),
  (36, 56),
  (36, 57),
  (36, 58),
  (36, 59),
  (37, 56),
  (37, 57),
  (37, 58),
  (37, 59),
  (38, 56),
  (38, 57),
  (38, 58),
  (38, 59),
  (39, 56),
  (39, 57),
  (39, 58),
  (39, 59),
  (40, 56),
  (40, 57),
  (40, 58),
  (40, 59),
  (41, 56),
  (41, 57),
  (41, 58),
  (41, 59),
  (42, 56),
  (42, 57),
  (42, 58),
  (42, 59),
  (43, 56),
  (43, 57),
  (43, 58),
  (43, 59),
  (44, 56),
  (44, 57),
  (44, 58),
  (44, 59),
  (45, 56),
  (45, 57),
  (45, 58),
  (45, 59),
  (46, 56),
  (46, 57),
  (46, 58),
  (46, 59),
  (47, 56),
  (47, 57),
  (47, 58),
  (47, 59),
  (48, 56),
  (48, 57),
  (48, 58),
  (48, 59),
  (49, 56),
  (49, 57),
  (49, 58),
  (49, 59),
  (50, 56),
  (50, 57),
  (50, 58),
  (50, 59),
  (51, 56),
  (51, 57),
  (51, 58),
  (51, 59),
  (52, 58),
  (53, 58),
  (54, 58),
  (55, 58),
  (56, 58),
  (57, 58),
  (58, 58),
  (59, 58),
  (60, 58),
  (61, 58),
  (62, 59),
  (63, 59),
  (64, 59),
  (65, 59),
  (66, 59),
  (67, 59),
  (68, 59),
  (69, 59),
  (70, 59),
  (71, 59),
  (72, 59),
  (73, 59),
  (74, 59),
  (75, 59),
  (76, 60),
  (77, 60),
  (78, 60),
  (79, 60),
  (80, 60),
  (81, 60),
  (82, 60),
  (83, 60),
  (84, 60),
  (85, 60),
  (86, 60),
  (87, 60),
  (88, 60),
  (89, 60),
  (90, 60),
  (91, 60),
  (92, 60),
  (93, 60),
  (94, 60),
  (95, 60),
  (96, 60),
  (97, 60),
  (98, 60),
  (99, 60),
  (100, 60),
  (101, 60),
  (102, 60),
  (103, 60),
  (104, 60),
  (105, 60),
  (106, 60),
  (107, 60),
  (108, 60),
  (109, 60),
  (110, 60),
  (111, 60),
  (112, 60),
  (113, 60),
  (114, 60),
  (115, 60),
  (116, 61),
  (117, 61),
  (118, 61),
  (119, 61),
  (120, 61),
  (121, 61),
  (122, 61),
  (123, 61),
  (124, 61),
  (125, 61),
  (126, 61),
  (127, 61),
  (128, 61),
  (129, 61),
  (130, 61),
  (131, 61),
  (132, 61),
  (133, 61),
  (134, 61);
/*!40000 ALTER TABLE `clipart_category_rel` ENABLE KEYS */;
UNLOCK TABLES;