-- phpMyAdmin SQL Dump
-- version 4.5.4.1deb2ubuntu2.1
-- http://www.phpmyadmin.net
--
-- Host: localhost
-- Generation Time: Feb 03, 2020 at 02:47 PM
-- Server version: 5.7.29-0ubuntu0.16.04.1
-- PHP Version: 7.0.33-13+ubuntu16.04.1+deb.sury.org+1

SET SQL_MODE = "NO_AUTO_VALUE_ON_ZERO";
SET time_zone = "+00:00";


--
-- Table structure for table `admin_roles`
--

CREATE TABLE `admin_roles` (`xe_id` int(10) NOT NULL,`name` varchar(100) DEFAULT NULL,`created_at` datetime DEFAULT CURRENT_TIMESTAMP,`updated_at` datetime DEFAULT NULL) ENGINE=InnoDB DEFAULT CHARSET=latin1;

--
-- Dumping data for table `admin_roles`
--

INSERT INTO `admin_roles` (`xe_id`, `name`, `created_at`, `updated_at`) VALUES
(1, 'test', '2019-08-08 12:42:59', NULL);

-- --------------------------------------------------------

--
-- Table structure for table `admin_users`
--

CREATE TABLE `admin_users` (
  `xe_id` int(10) NOT NULL,
  `name` varchar(100) DEFAULT NULL,
  `email` varchar(50) DEFAULT NULL,
  `password` varchar(100) DEFAULT NULL,
  `store_id` varchar(50) NOT NULL DEFAULT '1',
  `avatar` varchar(100) DEFAULT NULL,
  `created_at` datetime DEFAULT CURRENT_TIMESTAMP
) ENGINE=InnoDB DEFAULT CHARSET=latin1;

--
-- Dumping data for table `admin_users`
--

INSERT INTO `admin_users` (`xe_id`, `name`, `email`, `password`, `store_id`, `avatar`, `created_at`) VALUES
(1, 'admin', 'admin@inkxe.com', '$2y$10$BS790Ez70m9jFlkOqcCqCeOUws3QNYK2SbT9jyTGce9WMxkfHz6Ii', '1', '', '2020-01-09 16:04:38'),
(73, 'Prangya', 'Prangya@gmail.com', '$2y$10$Wmepc/NS.dxms.DG3MfP6eJzNrvNid4xnJ94nrUBFj1DPGHJbpIU6', '1', '', '2020-01-23 19:00:35'),
(74, 'Prangya Paramita', 'Prangya@riaxe.com', '$2y$10$HxojiAFrZScaMSONVk6qg.mZFf8RZEUp5HYcaNvu5GlFDj4UxhVzG', '1', '', '2020-01-23 19:17:00'),
(75, 'Prangya Paramita sahu', 'prangya@inkxe.com', '$2y$10$Il9H7oBJszLFFdiQRvTKNO9Ukhaa8jimWSu5vtyhZSLFRFWqZlYNK', '1', '', '2020-01-23 19:26:23'),
(76, 'Prangya', 'Sahuprangya@riaxe.com', '$2y$10$kY99IGdV2TO2EYBHvL3NQe6hHEmJbljaErNHxSbvwsiNDwRxca2jK', '1', '', '2020-01-23 19:29:04'),
(77, 'Amit', 'Amit@riaxe.com', '$2y$10$rKHK/9bRQfFLgtN64VokZ.dQBLrXr9xFg4pFlKiWil5SZOjnUf4Ai', '1', '', '2020-01-23 20:08:42'),
(78, 'Tanmaya Patra', 'tanmayap@riaxe.com', '$2y$10$Jxe5i61kD80e/BdoHo1FPOAnbA0gt4dsmU5VCGcd7VZPwuL1QT2L.', '1', '', '2020-01-23 20:10:05'),
(79, 'Vivek Singh', 'viveks@riaxe.com', '$2y$10$jybZ98rPSWJ7vG4NNRu9P.VDi0pLrj6bbO.AGMJLmFqxJDMeqf5t.', '1', '', '2020-01-24 10:20:29'),
(80, 'Prangya', 'Prangyasahu@gmail.com', '$2y$10$iWalkbl89krJGVftn7/nIeqp4rTlD6W6vX3/qgyhzoPhNvaSSH3F.', '1', '', '2020-01-24 10:30:47'),
(82, 'Abhishek', 'Abhishekd@riaxe.com', '$2y$10$palDLb5lDPm5XYThNNn6L.8sWDSjpHb3/iRB5A98f.e0.uFSAlvKW', '1', '', '2020-01-24 12:22:20');

-- --------------------------------------------------------

--
-- Table structure for table `app_currency`
--

CREATE TABLE `app_currency` (
  `xe_id` tinyint(1) NOT NULL,
  `name` varchar(10) NOT NULL,
  `symbol` varchar(2) NOT NULL,
  `code` varchar(5) NOT NULL,
  `is_default` enum('1','0') NOT NULL DEFAULT '0'
) ENGINE=MyISAM DEFAULT CHARSET=utf8;

--
-- Dumping data for table `app_currency`
--

INSERT INTO `app_currency` (`xe_id`, `name`, `symbol`, `code`, `is_default`) VALUES
(1, 'Dollar', '$', 'USD', '1'),
(2, 'Rupees', '₹', 'INR', '0'),
(3, 'China Yuan', '¥', 'CNY', '0'),
(4, 'Australia ', '$', 'AUD', '0'),
(5, 'Euro', '€', 'EURO', '0');

-- --------------------------------------------------------

--
-- Table structure for table `app_units`
--

CREATE TABLE `app_units` (
  `xe_id` int(11) NOT NULL,
  `name` varchar(10) NOT NULL,
  `is_default` enum('0','1') NOT NULL
) ENGINE=InnoDB DEFAULT CHARSET=latin1;

--
-- Dumping data for table `app_units`
--

INSERT INTO `app_units` (`xe_id`, `name`, `is_default`) VALUES
(1, 'Inch', '1'),
(2, 'Feet', '0'),
(3, 'Centimeter', '0'),
(4, 'Millimeter', '0'),
(5, 'Pixel', '0');

-- --------------------------------------------------------

--
-- Table structure for table `asset_types`
--

CREATE TABLE `asset_types` (
  `xe_id` int(11) NOT NULL,
  `name` varchar(100) NOT NULL,
  `slug` varchar(100) NOT NULL
) ENGINE=InnoDB DEFAULT CHARSET=latin1;

--
-- Dumping data for table `asset_types`
--

INSERT INTO `asset_types` (`xe_id`, `name`, `slug`) VALUES
(1, 'Backgrounds', 'backgrounds'),
(2, 'Cliparts', 'cliparts'),
(3, 'Printable colors', 'color-palettes'),
(4, 'Color Swatches', 'color-swatch'),
(5, 'Distresses', 'distresses'),
(6, 'Fonts', 'fonts'),
(7, 'Graphic Fonts', 'graphic-fonts'),
(8, 'Masks', 'masks'),
(9, 'Shapes', 'shapes'),
(10, 'Word Clouds', 'word-clouds'),
(11, 'Templates', 'templates'),
(12, 'Products', 'products');

-- --------------------------------------------------------

--
-- Table structure for table `attribute_price_rules`
--

CREATE TABLE `attribute_price_rules` (
  `product_id` int(11) DEFAULT NULL,
  `attribute_id` int(11) DEFAULT NULL,
  `attribute_term_id` int(11) DEFAULT NULL,
  `print_profile_id` int(11) DEFAULT NULL,
  `price` decimal(6,2) DEFAULT NULL
) ENGINE=InnoDB DEFAULT CHARSET=latin1;

--
-- Dumping data for table `attribute_price_rules`
--

INSERT INTO `attribute_price_rules` (`product_id`, `attribute_id`, `attribute_term_id`, `print_profile_id`, `price`) VALUES
(1743, 6, 106, 147, '0.00'),
(4073, 1, 210, 77, '1.00'),
(4073, 1, 210, 71, '2.00'),
(4073, 1, 210, 144, '0.00'),
(4073, 1, 187, 77, '2.00'),
(4073, 1, 187, 71, '0.00'),
(4073, 1, 187, 144, '4.00'),
(4073, 1, 209, 77, '3.00'),
(4073, 1, 209, 71, '0.00'),
(4073, 1, 209, 144, '4.00'),
(4073, 1, 188, 77, '0.00'),
(4073, 1, 188, 71, '0.00'),
(4073, 1, 188, 144, '0.00'),
(4073, 1, 40, 77, '0.00'),
(4073, 1, 40, 71, '0.00'),
(4073, 1, 40, 144, '0.00'),
(4073, 1, 199, 77, '0.00'),
(4073, 1, 199, 71, '0.00'),
(4073, 1, 199, 144, '0.00'),
(4073, 1, 42, 77, '0.00'),
(4073, 1, 42, 71, '0.00'),
(4073, 1, 42, 144, '0.00'),
(4073, 1, 45, 77, '0.00'),
(4073, 1, 45, 71, '0.00'),
(4073, 1, 45, 144, '0.00'),
(4073, 1, 196, 77, '0.00'),
(4073, 1, 196, 71, '0.00'),
(4073, 1, 196, 144, '0.00'),
(4073, 1, 202, 77, '0.00'),
(4073, 1, 202, 71, '0.00'),
(4073, 1, 202, 144, '0.00'),
(4073, 2, 57, 77, '0.00'),
(4073, 2, 57, 71, '0.00'),
(4073, 2, 57, 144, '0.00'),
(4073, 2, 58, 77, '0.00'),
(4073, 2, 58, 71, '0.00'),
(4073, 2, 58, 144, '0.00'),
(4073, 2, 68, 77, '0.00'),
(4073, 2, 68, 71, '0.00'),
(4073, 2, 68, 144, '0.00'),
(4073, 2, 74, 77, '0.00'),
(4073, 2, 74, 71, '0.00'),
(4073, 2, 74, 144, '0.00'),
(4073, 2, 80, 77, '0.00'),
(4073, 2, 80, 71, '0.00'),
(4073, 2, 80, 144, '0.00'),
(1620, 6, 106, 141, '0.00'),
(3558, 6, 106, 122, '12.00'),
(2854, 5, 144, 78, '1.00'),
(2854, 5, 144, 77, '2.00'),
(2854, 5, 144, 72, '3.00'),
(2854, 5, 144, 71, '4.00'),
(2854, 5, 144, 68, '5.00'),
(2854, 5, 144, 61, '6.00'),
(2854, 5, 147, 78, '0.00'),
(2854, 5, 147, 77, '0.00'),
(2854, 5, 147, 72, '0.00'),
(2854, 5, 147, 71, '0.00'),
(2854, 5, 147, 68, '0.00'),
(2854, 5, 147, 61, '0.00'),
(2854, 5, 104, 78, '0.00'),
(2854, 5, 104, 77, '0.00'),
(2854, 5, 104, 72, '0.00'),
(2854, 5, 104, 71, '0.00'),
(2854, 5, 104, 68, '0.00'),
(2854, 5, 104, 61, '0.00'),
(2233, 2, 57, 78, '0.00'),
(2233, 2, 57, 77, '0.00'),
(2233, 2, 57, 72, '0.00'),
(2233, 2, 57, 71, '5.00'),
(2233, 2, 57, 68, '5.00'),
(2233, 2, 57, 61, '0.00'),
(2233, 2, 57, 209, '0.00'),
(2233, 2, 57, 188, '0.00'),
(2233, 2, 57, 175, '0.00'),
(2233, 2, 57, 144, '0.00'),
(2233, 2, 57, 129, '0.00'),
(2233, 2, 57, 100, '0.00'),
(2233, 2, 58, 78, '0.00'),
(2233, 2, 58, 77, '0.00'),
(2233, 2, 58, 72, '0.00'),
(2233, 2, 58, 71, '4.00'),
(2233, 2, 58, 68, '4.00'),
(2233, 2, 58, 61, '0.00'),
(2233, 2, 58, 209, '0.00'),
(2233, 2, 58, 188, '0.00'),
(2233, 2, 58, 175, '0.00'),
(2233, 2, 58, 144, '0.00'),
(2233, 2, 58, 129, '0.00'),
(2233, 2, 58, 100, '0.00'),
(2233, 2, 68, 78, '0.00'),
(2233, 2, 68, 77, '0.00'),
(2233, 2, 68, 72, '0.00'),
(2233, 2, 68, 71, '5.00'),
(2233, 2, 68, 68, '9.00'),
(2233, 2, 68, 61, '0.00'),
(2233, 2, 68, 209, '0.00'),
(2233, 2, 68, 188, '0.00'),
(2233, 2, 68, 175, '0.00'),
(2233, 2, 68, 144, '0.00'),
(2233, 2, 68, 129, '0.00'),
(2233, 2, 68, 100, '0.00'),
(2233, 2, 74, 78, '0.00'),
(2233, 2, 74, 77, '0.00'),
(2233, 2, 74, 72, '0.00'),
(2233, 2, 74, 71, '2.00'),
(2233, 2, 74, 68, '2.00'),
(2233, 2, 74, 61, '0.00'),
(2233, 2, 74, 209, '0.00'),
(2233, 2, 74, 188, '0.00'),
(2233, 2, 74, 175, '0.00'),
(2233, 2, 74, 144, '0.00'),
(2233, 2, 74, 129, '0.00'),
(2233, 2, 74, 100, '0.00'),
(2233, 2, 80, 78, '0.00'),
(2233, 2, 80, 77, '0.00'),
(2233, 2, 80, 72, '0.00'),
(2233, 2, 80, 71, '2.00'),
(2233, 2, 80, 68, '9.00'),
(2233, 2, 80, 61, '0.00'),
(2233, 2, 80, 209, '0.00'),
(2233, 2, 80, 188, '0.00'),
(2233, 2, 80, 175, '0.00'),
(2233, 2, 80, 144, '0.00'),
(2233, 2, 80, 129, '0.00'),
(2233, 2, 80, 100, '0.00'),
(4368, 5, 104, 240, '1.00'),
(4368, 5, 177, 240, '2.00'),
(4368, 5, 145, 240, '0.00'),
(4387, 5, 104, 253, '1.00'),
(4387, 5, 104, 174, '0.00'),
(4387, 5, 104, 129, '0.00'),
(4387, 5, 177, 253, '2.00'),
(4387, 5, 177, 174, '0.00'),
(4387, 5, 177, 129, '0.00'),
(4387, 5, 145, 253, '5.00'),
(4387, 5, 145, 174, '0.00'),
(4387, 5, 145, 129, '0.00'),
(4163, 5, 144, 78, '1.00'),
(4163, 5, 144, 129, '0.00'),
(4163, 5, 147, 78, '1.00'),
(4163, 5, 147, 129, '0.00'),
(4163, 5, 104, 78, '1.00'),
(4163, 5, 104, 129, '0.00'),
(4163, 5, 177, 78, '0.00'),
(4163, 5, 177, 129, '0.00'),
(4163, 5, 145, 78, '1.00'),
(4163, 5, 145, 129, '0.00'),
(4163, 5, 146, 78, '0.00'),
(4163, 5, 146, 129, '0.00'),
(4163, 1, 40, 78, '0.00'),
(4163, 1, 40, 129, '0.00'),
(4163, 1, 45, 78, '0.00'),
(4163, 1, 45, 129, '0.00'),
(4163, 1, 104, 78, '1.00'),
(4163, 1, 104, 129, '0.00'),
(4163, 1, 177, 78, '0.00'),
(4163, 1, 177, 129, '0.00'),
(4163, 1, 145, 78, '1.00'),
(4163, 1, 145, 129, '0.00'),
(4163, 1, 146, 78, '0.00'),
(4163, 1, 146, 129, '0.00');

-- --------------------------------------------------------

--
-- Table structure for table `backgrounds`
--

CREATE TABLE `backgrounds` (
  `xe_id` bigint(20) NOT NULL,
  `name` varchar(100) DEFAULT NULL,
  `store_id` varchar(100) DEFAULT NULL,
  `value` varchar(50) DEFAULT NULL,
  `price` float(10,2) DEFAULT NULL,
  `type` tinyint(2) DEFAULT NULL COMMENT '1: Pattern, 0: Color',
  `created_at` datetime DEFAULT NULL,
  `updated_at` datetime DEFAULT NULL
) ENGINE=InnoDB DEFAULT CHARSET=latin1;

--
-- Dumping data for table `backgrounds`
--

INSERT INTO `backgrounds` (`xe_id`, `name`, `store_id`, `value`, `price`, `type`, `created_at`, `updated_at`) VALUES
(79, 'Maroon', '1', '#780c0c', 12.00, 0, '2020-01-09 14:32:57', '2020-01-24 10:42:34'),
(81, 'Black', '1', '#000000', 1.00, 0, '2020-01-09 14:47:42', '2020-01-24 10:42:03'),
(82, 'Bottle green', '1', '#146653', 2.00, 0, '2020-01-09 14:48:42', '2020-01-24 10:42:51'),
(83, 'Red', '1', '#e92727', 5.00, 0, '2020-01-09 15:23:16', '2020-01-24 10:43:14'),
(86, 'Red pattern', '1', '202001090558476488.png', 6.00, 1, '2020-01-09 17:58:47', '2020-01-22 11:26:54'),
(89, 'Sky blue', '1', '#15384d', 2.00, 0, '2020-01-13 15:36:50', '2020-01-13 16:04:31'),
(90, 'Pink', '1', '#6a3c66', 0.00, 0, '2020-01-13 15:37:54', '2020-01-14 10:51:10'),
(91, 'Green', NULL, '#4eb35e', 0.00, 0, '2020-01-13 15:39:44', '2020-01-13 15:39:44'),
(92, 'Violet', NULL, '#a7b0ed', 0.00, 0, '2020-01-13 15:42:13', '2020-01-13 15:42:13'),
(93, 'Black', NULL, '#0a0e0b', 0.00, 0, '2020-01-13 16:05:13', '2020-01-13 16:05:13'),
(94, '123', NULL, '#af6969', 10.00, 0, '2020-01-13 17:39:51', '2020-01-13 17:39:51'),
(95, 'Green3', NULL, '#2defa4', 0.00, 0, '2020-01-13 18:37:32', '2020-01-13 18:37:32'),
(102, 'Lemon', NULL, '#c4ed06', 0.00, 0, '2020-01-14 15:11:30', '2020-01-14 15:11:30'),
(105, 'color', NULL, '#c81b1b', 0.00, 0, '2020-01-14 15:19:02', '2020-01-14 15:19:02'),
(106, 'sds', NULL, '#b45b5b', 12.00, 0, '2020-01-14 15:19:22', '2020-01-14 15:19:22'),
(107, 'red1', '1', '#d01919', 0.00, 0, '2020-01-14 18:43:08', '2020-01-20 19:20:09'),
(108, 'red1', '1', '#d01919', 0.00, 0, '2020-01-14 18:44:13', '2020-01-22 11:28:30'),
(111, 'red2', '1', '#8f3e3e', 0.00, 0, '2020-01-14 18:45:23', '2020-01-23 18:57:24'),
(112, 'red2', '1', '#8f3e3e', 0.00, 0, '2020-01-14 18:45:59', '2020-01-14 18:45:59'),
(113, 'red', '1', '#d80b0b', 12.00, 0, '2020-01-14 18:46:33', '2020-01-14 18:46:33'),
(115, 'red2', '1', '#160101', 0.00, 0, '2020-01-14 18:47:27', '2020-01-14 18:47:27'),
(116, 'red2', '1', '#41032f', 0.00, 0, '2020-01-14 18:47:45', '2020-01-14 18:47:45'),
(134, '2', '1', '202001140653292063.jpg', 0.00, 1, '2020-01-14 18:53:29', '2020-01-23 17:18:22'),
(135, '2', '1', '202001140653477577.jpg', 0.00, 1, '2020-01-14 18:53:47', '2020-01-14 18:53:47'),
(136, 'Green', '1', '#3ec218', 23.00, 0, '2020-01-14 18:57:01', '2020-01-14 18:57:01'),
(137, 'red', '1', '#ca0000', 0.00, 0, '2020-01-14 18:57:30', '2020-01-14 18:57:30'),
(138, 'violet', '1', '#d61be0', 0.00, 0, '2020-01-14 18:57:53', '2020-01-14 18:57:53'),
(140, 'ssss', NULL, '#8d1414', 11.00, 0, '2020-01-14 19:20:45', '2020-01-14 19:20:45'),
(141, 'Pink', '1', '#e213b7', 12.00, 0, '2020-01-15 10:47:53', '2020-01-15 10:48:01'),
(143, 'Blue', NULL, '#61a4e6', 5.00, 0, '2020-01-15 11:21:04', '2020-01-15 11:21:04'),
(145, 'Background', '1', '#a51212', 0.00, 0, '2020-01-15 14:47:16', '2020-01-15 14:47:16'),
(146, 'background', '1', '#30d0b8', 0.00, 0, '2020-01-15 14:47:48', '2020-01-15 14:47:48'),
(147, 'background', '1', '#30d0b8', 0.00, 0, '2020-01-15 14:47:51', '2020-01-23 18:57:43'),
(148, 'background', '1', '#30d0b8', 0.00, 0, '2020-01-15 14:48:32', '2020-01-15 14:48:32'),
(149, 'Blue', '1', '#0028f3', 12.00, 0, '2020-01-15 15:53:20', '2020-01-23 18:57:32'),
(150, 'Background', '1', '#19a0b1', 0.00, 0, '2020-01-16 18:25:49', '2020-01-16 18:26:13'),
(153, 'Magenta', '1', '#e20d9a', 0.00, 0, '2020-01-23 15:14:49', '2020-01-23 15:14:49'),
(154, 'Cyan', '1', '#0ed7dc', 0.00, 0, '2020-01-23 15:18:17', '2020-01-24 10:42:10');

-- --------------------------------------------------------

--
-- Table structure for table `background_category_rel`
--

CREATE TABLE `background_category_rel` (
  `background_id` bigint(20) DEFAULT NULL,
  `category_id` int(10) DEFAULT NULL
) ENGINE=InnoDB DEFAULT CHARSET=latin1;

--
-- Dumping data for table `background_category_rel`
--

INSERT INTO `background_category_rel` (`background_id`, `category_id`) VALUES
(79, 682),
(79, 654),
(79, 672),
(80, 283),
(80, 293),
(80, 284),
(80, 682),
(80, 683),
(81, 654),
(81, 672),
(154, 654),
(154, 672),
(82, 654),
(82, 672),
(83, 884),
(83, 885),
(155, 444);

-- --------------------------------------------------------

--
-- Table structure for table `background_pattern_categories`
--

CREATE TABLE `background_pattern_categories` (
  `xe_id` int(10) NOT NULL,
  `name` varchar(100) DEFAULT NULL,
  `store_id` varchar(100) DEFAULT NULL,
  `parent_id` int(10) DEFAULT NULL,
  `sort_order` smallint(4) DEFAULT NULL,
  `is_disable` tinyint(1) DEFAULT '0',
  `is_default` tinyint(1) DEFAULT '0',
  `created_at` datetime DEFAULT NULL,
  `updated_at` datetime DEFAULT NULL
) ENGINE=InnoDB DEFAULT CHARSET=latin1;

-- --------------------------------------------------------

--
-- Table structure for table `background_tags`
--

CREATE TABLE `background_tags` (
  `xe_id` int(10) NOT NULL,
  `name` varchar(100) DEFAULT NULL,
  `store_id` varchar(100) DEFAULT NULL,
  `created_at` datetime DEFAULT NULL,
  `updated_at` datetime DEFAULT NULL
) ENGINE=InnoDB DEFAULT CHARSET=latin1;

--
-- Dumping data for table `background_tags`
--

INSERT INTO `background_tags` (`xe_id`, `name`, `store_id`, `created_at`, `updated_at`) VALUES
(5, 'test', NULL, '2019-12-17 15:39:50', '2019-12-17 15:39:50'),
(6, 'test2', NULL, '2019-12-17 15:39:50', '2019-12-17 15:39:50'),
(7, '', NULL, '2019-12-18 08:41:37', '2019-12-18 08:41:37'),
(8, 'Number', NULL, '2019-12-22 05:10:44', '2019-12-22 05:10:44'),
(9, 'New', NULL, '2019-12-23 09:24:31', '2019-12-23 09:24:31'),
(10, 'Red', NULL, '2019-12-23 09:30:41', '2019-12-23 09:30:41'),
(11, 'Multi', NULL, '2019-12-25 07:18:05', '2019-12-25 07:18:05'),
(12, 'yellow', NULL, '2019-12-25 07:18:05', '2019-12-25 07:18:05'),
(13, 'background', NULL, '2019-12-25 07:18:05', '2019-12-25 07:18:05'),
(14, 'green', NULL, '2019-12-25 07:20:33', '2019-12-25 07:20:33'),
(15, 'tag1', NULL, '2019-12-26 03:29:23', '2019-12-26 03:29:23'),
(16, 'Tag', NULL, '2019-12-28 11:38:29', '2019-12-28 11:38:29'),
(17, 'sds', NULL, '2019-12-28 16:54:40', '2019-12-28 16:54:40'),
(18, 'Tags', NULL, '2019-12-28 16:56:45', '2019-12-28 16:56:45'),
(19, 'as', NULL, '2020-01-02 17:21:42', '2020-01-02 17:21:42'),
(20, 'dfdf', NULL, '2020-01-06 18:51:48', '2020-01-06 18:51:48'),
(21, 'gfhd', NULL, '2020-01-06 18:51:48', '2020-01-06 18:51:48'),
(22, 'dhdgfj', NULL, '2020-01-06 18:51:48', '2020-01-06 18:51:48'),
(23, 'dsgsg\'gsg', NULL, '2020-01-06 18:52:33', '2020-01-06 18:52:33'),
(24, '111111', NULL, '2020-01-06 18:52:51', '2020-01-06 18:52:51'),
(25, '1111', NULL, '2020-01-06 18:53:18', '2020-01-06 18:53:18'),
(26, '111eet', NULL, '2020-01-06 18:53:40', '2020-01-06 18:53:40'),
(27, '111', NULL, '2020-01-06 18:53:53', '2020-01-06 18:53:53'),
(28, 'tag1\\', NULL, '2020-01-08 10:52:11', '2020-01-08 10:52:11'),
(29, 'Square pattern', NULL, '2020-01-09 15:23:16', '2020-01-09 15:23:16'),
(30, 'pattern', NULL, '2020-01-09 15:23:16', '2020-01-09 15:23:16'),
(31, 'Red pattern', NULL, '2020-01-09 17:58:47', '2020-01-09 17:58:47'),
(32, 'color', NULL, '2020-01-09 17:58:47', '2020-01-09 17:58:47'),
(33, 'demo', NULL, '2020-01-13 12:27:14', '2020-01-13 12:27:14'),
(34, 'sample', NULL, '2020-01-13 12:27:14', '2020-01-13 12:27:14'),
(35, '%^%&*%*&', NULL, '2020-01-14 13:20:00', '2020-01-14 13:20:00'),
(36, '"mona"', NULL, '2020-01-14 13:20:00', '2020-01-14 13:20:00'),
(37, 'qwe', NULL, '2020-01-14 15:17:44', '2020-01-14 15:17:44'),
(38, 'sdfsdf', NULL, '2020-01-16 15:46:26', '2020-01-16 15:46:26'),
(39, 'sdfsdfsvxvx', NULL, '2020-01-16 15:46:26', '2020-01-16 15:46:26');

-- --------------------------------------------------------

--
-- Table structure for table `background_tag_rel`
--

CREATE TABLE `background_tag_rel` (
  `background_id` bigint(20) DEFAULT NULL,
  `tag_id` int(10) DEFAULT NULL
) ENGINE=InnoDB DEFAULT CHARSET=latin1;

--
-- Dumping data for table `background_tag_rel`
--

INSERT INTO `background_tag_rel` (`background_id`, `tag_id`) VALUES
(19, 5),
(19, 6),
(32, 7),
(34, 8),
(36, 9),
(37, 10),
(49, 11),
(49, 10),
(49, 12),
(49, 13),
(50, 14),
(51, 9),
(46, 9),
(52, 15),
(53, 13),
(20, 16),
(54, 17),
(56, 18),
(57, 18),
(58, 19),
(60, 18),
(61, 18),
(62, 18),
(64, 18),
(65, 18),
(74, 20),
(74, 21),
(74, 22),
(75, 25),
(76, 27),
(33, 28),
(25, 5),
(78, 9),
(83, 29),
(83, 10),
(83, 30),
(86, 31),
(86, 32),
(86, 10),
(86, 30),
(87, 10),
(87, 30),
(87, 33),
(87, 34),
(88, 34),
(88, 10),
(88, 33),
(88, 30),
(96, 35),
(97, 35),
(97, 36),
(98, 35),
(98, 36),
(99, 35),
(99, 36),
(100, 35),
(100, 36),
(101, 35),
(101, 36),
(103, 37),
(109, 15),
(136, 15),
(141, 15),
(142, 15),
(81, 38),
(81, 39),
(79, 24),
(152, 15),
(155, 27),
(156, 27),
(157, 27),
(158, 27);

-- --------------------------------------------------------

--
-- Table structure for table `capture_images`
--

CREATE TABLE `capture_images` (
  `xe_id` int(11) NOT NULL,
  `ref_id` int(11) NOT NULL,
  `side_index` int(11) NOT NULL,
  `file_name` varchar(100) NOT NULL
) ENGINE=InnoDB DEFAULT CHARSET=latin1;

--
-- Dumping data for table `capture_images`
--

INSERT INTO `capture_images` (`xe_id`, `ref_id`, `side_index`, `file_name`) VALUES
(1, 1, 1, 'REF_ID_1'),
(2, 2, 1, 'REF_ID_2'),
(3, 3, 1, 'REF_ID_3'),
(4, 4, 1, 'REF_ID_4'),
(5, 5, 1, 'REF_ID_5'),
(6, 8, 1, 'REF_ID_8'),
(7, 9, 1, 'REF_ID_9'),
(8, 10, 1, 'REF_ID_10'),
(9, 11, 1, 'REF_ID_11'),
(10, 12, 1, 'REF_ID_12'),
(11, 13, 1, 'REF_ID_13'),
(12, 14, 1, 'REF_ID_14'),
(13, 15, 1, 'REF_ID_15'),
(14, 16, 1, 'REF_ID_16'),
(15, 17, 1, 'REF_ID_17'),
(16, 18, 1, 'REF_ID_18'),
(17, 19, 1, 'REF_ID_19'),
(18, 20, 1, 'REF_ID_20'),
(19, 21, 1, 'REF_ID_21'),
(20, 22, 1, 'REF_ID_22'),
(21, 23, 1, 'REF_ID_23'),
(22, 24, 1, 'REF_ID_24'),
(23, 25, 1, 'REF_ID_25'),
(24, 26, 1, 'REF_ID_26'),
(25, 27, 1, 'REF_ID_27'),
(26, 28, 1, 'REF_ID_28'),
(27, 29, 1, 'REF_ID_29'),
(28, 30, 1, 'REF_ID_30'),
(29, 31, 1, 'REF_ID_31'),
(30, 32, 1, 'REF_ID_32'),
(31, 33, 1, 'REF_ID_33'),
(32, 34, 1, 'REF_ID_34'),
(33, 35, 1, 'REF_ID_35'),
(34, 36, 1, 'REF_ID_36'),
(35, 37, 1, 'REF_ID_37'),
(36, 38, 1, 'REF_ID_38'),
(37, 39, 1, 'REF_ID_39'),
(38, 40, 1, 'REF_ID_40'),
(39, 41, 1, 'REF_ID_41'),
(40, 42, 1, 'REF_ID_42'),
(41, 43, 1, 'REF_ID_43'),
(42, 44, 1, 'REF_ID_44'),
(43, 45, 1, 'REF_ID_45'),
(44, 46, 1, 'REF_ID_46'),
(45, 47, 1, 'REF_ID_47'),
(46, 48, 1, 'REF_ID_48'),
(47, 49, 1, 'REF_ID_49'),
(48, 50, 1, 'REF_ID_50'),
(49, 51, 1, 'REF_ID_51'),
(50, 52, 1, 'REF_ID_52'),
(51, 53, 1, 'REF_ID_53'),
(52, 54, 1, 'REF_ID_54'),
(53, 55, 1, 'REF_ID_55'),
(54, 56, 1, 'REF_ID_56'),
(55, 57, 1, 'REF_ID_57'),
(56, 58, 1, 'REF_ID_58'),
(57, 59, 1, 'REF_ID_59'),
(58, 60, 1, 'REF_ID_60'),
(59, 61, 1, 'REF_ID_61'),
(60, 62, 1, 'REF_ID_62'),
(61, 63, 1, 'REF_ID_63'),
(62, 64, 1, 'REF_ID_64'),
(153, 162, 1, 'REF_ID_162'),
(155, 164, 1, 'REF_ID_164'),
(156, 165, 1, 'REF_ID_165'),
(157, 166, 1, 'REF_ID_166'),
(159, 168, 1, 'REF_ID_168'),
(161, 170, 1, 'REF_ID_170'),
(162, 171, 1, 'REF_ID_171'),
(165, 174, 1, 'REF_ID_174'),
(171, 180, 1, 'REF_ID_180'),
(172, 181, 1, 'REF_ID_181'),
(173, 182, 1, 'REF_ID_182');

-- --------------------------------------------------------

--
-- Table structure for table `categories`
--

CREATE TABLE `categories` (
  `xe_id` int(11) NOT NULL,
  `store_id` int(11) DEFAULT NULL,
  `asset_type_id` int(11) NOT NULL,
  `parent_id` int(11) DEFAULT NULL,
  `name` varchar(100) DEFAULT NULL,
  `sort_order` smallint(4) DEFAULT '0',
  `is_disable` tinyint(1) NOT NULL DEFAULT '0',
  `is_default` tinyint(1) NOT NULL DEFAULT '0',
  `created_at` datetime NOT NULL DEFAULT CURRENT_TIMESTAMP,
  `updated_at` datetime DEFAULT NULL
) ENGINE=InnoDB DEFAULT CHARSET=latin1;

--
-- Dumping data for table `categories`
--

INSERT INTO `categories` (`xe_id`, `store_id`, `asset_type_id`, `parent_id`, `name`, `sort_order`, `is_disable`, `is_default`, `created_at`, `updated_at`) VALUES
(81, 1, 1, 80, 'test', 2, 0, 0, '2019-12-17 15:39:24', '2019-12-17 15:39:24'),
(83, NULL, 9, 82, 'trest53', 4, 0, 0, '2019-12-17 15:40:53', '2019-12-17 15:40:53'),
(85, 1, 5, 84, 'test2', 6, 0, 0, '2019-12-17 16:04:41', '2019-12-17 16:04:41'),
(87, NULL, 6, 86, 'subCat1', 8, 0, 0, '2019-12-17 16:11:35', '2019-12-27 15:30:46'),
(91, 1, 1, 90, 'Textute', 6, 0, 0, '2019-12-18 07:55:46', '2019-12-24 07:33:38'),
(92, 1, 1, 90, 'Floral', 7, 0, 0, '2019-12-18 07:56:02', '2019-12-24 07:33:38'),
(95, 1, 1, 90, 'Skull', 8, 0, 0, '2019-12-18 07:57:53', '2019-12-24 07:33:38'),
(96, 1, 1, 90, 'Cars', 9, 0, 0, '2019-12-18 08:05:41', '2019-12-24 07:33:38'),
(101, 1, 2, 100, 'USA', 24, 0, 0, '2019-12-18 08:22:56', '2019-12-23 11:08:45'),
(102, 1, 2, 100, 'Thailand', 25, 0, 0, '2019-12-18 08:23:19', '2019-12-23 11:08:45'),
(103, 1, 2, 100, 'Germany', 26, 0, 0, '2019-12-18 08:23:38', '2019-12-23 11:08:45'),
(121, 1, 2, 0, 'Seasons', 21, 0, 0, '2019-12-18 08:33:00', '2020-02-03 12:43:59'),
(127, 1, 2, 124, 'Flag', 15, 0, 0, '2019-12-18 08:36:17', '2019-12-23 11:08:45'),
(128, 1, 2, 124, 'Politics', 16, 0, 0, '2019-12-18 08:36:26', '2019-12-23 11:08:45'),
(129, NULL, 10, 0, 'Solid', 3, 0, 0, '2019-12-18 09:07:14', '2020-01-13 14:49:06'),
(131, NULL, 6, 0, 'Army', 2, 0, 0, '2019-12-18 09:32:58', '2020-01-17 15:48:52'),
(133, NULL, 6, 0, 'Western123', 7, 0, 0, '2019-12-18 09:33:12', '2020-01-22 14:36:09'),
(134, NULL, 6, 0, 'Cartoon', 11, 0, 0, '2019-12-18 09:33:18', '2020-01-17 15:48:52'),
(135, NULL, 6, 0, 'Halloween', 12, 0, 0, '2019-12-18 09:33:30', '2020-01-17 15:48:52'),
(136, NULL, 6, 0, 'Old School', 13, 0, 0, '2019-12-18 09:33:38', '2020-01-17 15:48:52'),
(137, NULL, 6, 0, 'Retro', 14, 0, 1, '2019-12-18 09:33:48', '2020-01-22 14:36:09'),
(139, 1, 2, 108, 'Alligators', 59, 0, 0, '2019-12-18 10:02:31', '2019-12-23 11:08:45'),
(140, 1, 2, 108, 'Apes', 51, 0, 0, '2019-12-18 10:02:44', '2019-12-23 11:08:45'),
(141, 1, 2, 108, 'Bat', 52, 0, 0, '2019-12-18 10:02:52', '2019-12-23 11:08:45'),
(142, 1, 2, 108, 'Bear', 53, 0, 0, '2019-12-18 10:03:10', '2019-12-23 11:08:45'),
(143, 1, 2, 108, 'Beavers', 54, 0, 0, '2019-12-18 10:03:21', '2019-12-23 11:08:45'),
(144, 1, 2, 108, 'Bees', 55, 0, 0, '2019-12-18 10:03:35', '2019-12-23 11:08:45'),
(145, 1, 2, 108, 'Birds', 56, 0, 0, '2019-12-18 10:03:49', '2019-12-23 11:08:45'),
(146, 1, 2, 108, 'Buffaloes', 57, 0, 0, '2019-12-18 10:03:59', '2019-12-23 11:08:45'),
(147, 1, 2, 108, 'Bull', 58, 0, 0, '2019-12-18 10:04:27', '2019-12-23 11:08:45'),
(148, 1, 2, 108, 'Butterfly', 50, 0, 0, '2019-12-18 10:04:41', '2019-12-23 11:08:45'),
(149, 1, 2, 108, 'Cats', 60, 0, 0, '2019-12-18 10:13:26', '2019-12-23 11:08:45'),
(150, 1, 2, 108, 'Crabs', 61, 0, 0, '2019-12-18 10:13:38', '2019-12-23 11:08:45'),
(151, 1, 2, 108, 'Deer', 62, 0, 0, '2019-12-18 10:13:51', '2019-12-23 11:08:45'),
(152, 1, 2, 108, 'Dolphins', 63, 0, 0, '2019-12-18 10:14:07', '2019-12-23 11:08:45'),
(153, 1, 2, 108, 'Doves', 64, 0, 0, '2019-12-18 10:14:16', '2019-12-23 11:08:45'),
(154, 1, 2, 108, 'Dragons', 65, 0, 0, '2019-12-18 10:14:23', '2019-12-23 11:08:45'),
(155, 1, 2, 108, 'Elephants', 66, 0, 0, '2019-12-18 10:14:48', '2019-12-23 11:08:45'),
(156, 1, 2, 108, 'Foxes', 67, 0, 0, '2019-12-18 10:15:14', '2019-12-23 11:08:45'),
(157, 1, 2, 108, 'Frog', 41, 0, 0, '2019-12-18 10:15:24', '2019-12-23 11:08:45'),
(158, 1, 2, 108, 'Giraffes', 33, 0, 0, '2019-12-18 10:15:40', '2019-12-23 11:08:45'),
(159, 1, 2, 108, 'Goat', 34, 0, 0, '2019-12-18 10:15:51', '2019-12-23 11:08:45'),
(160, 1, 2, 108, 'Gorillas', 35, 0, 0, '2019-12-18 10:15:58', '2019-12-23 11:08:45'),
(161, 1, 2, 108, 'Horses', 36, 0, 0, '2019-12-18 10:16:07', '2019-12-23 11:08:45'),
(162, 1, 2, 108, 'Jaguars', 37, 0, 0, '2019-12-18 10:16:20', '2019-12-23 11:08:45'),
(163, 1, 2, 108, 'Lion', 38, 0, 0, '2019-12-18 10:16:33', '2019-12-23 11:08:45'),
(164, 1, 2, 108, 'Monkeys', 39, 0, 0, '2019-12-18 10:17:02', '2019-12-23 11:08:45'),
(165, 1, 2, 108, 'Owl', 40, 0, 0, '2019-12-18 10:17:13', '2019-12-23 11:08:45'),
(166, 1, 2, 108, 'Pandas', 32, 0, 0, '2019-12-18 10:17:20', '2019-12-23 11:08:45'),
(167, 1, 2, 108, 'Penguins', 42, 0, 0, '2019-12-18 10:17:33', '2019-12-23 11:08:45'),
(168, 1, 2, 108, 'Pigs', 43, 0, 0, '2019-12-18 10:17:57', '2019-12-23 11:08:45'),
(169, 1, 2, 108, 'Shark', 44, 0, 0, '2019-12-18 10:18:05', '2019-12-23 11:08:45'),
(170, 1, 2, 108, 'Spiders', 45, 0, 0, '2019-12-18 10:18:21', '2019-12-23 11:08:45'),
(171, 1, 2, 108, 'Squirrels', 46, 0, 0, '2019-12-18 10:18:30', '2019-12-23 11:08:45'),
(172, 1, 2, 108, 'Tiger', 47, 0, 0, '2019-12-18 10:18:43', '2019-12-23 11:08:45'),
(173, 1, 2, 108, 'Turtles', 48, 0, 0, '2019-12-18 10:18:55', '2019-12-23 11:08:45'),
(174, 1, 2, 108, 'Zebra', 49, 0, 0, '2019-12-18 10:19:05', '2019-12-23 11:08:45'),
(175, 1, 2, 124, 'Holiday', 17, 0, 0, '2019-12-19 06:32:24', '2019-12-23 11:08:45'),
(176, 1, 3, 0, 'CMYK', 1, 0, 0, '2019-12-19 07:43:32', NULL),
(177, 1, 3, 0, 'RGB', 2, 0, 0, '2019-12-19 07:43:32', NULL),
(178, 1, 3, 0, 'Pantone', 3, 0, 0, '2019-12-19 07:43:32', NULL),
(179, 1, 3, 0, 'Pattern', 4, 0, 0, '2019-12-19 07:43:32', NULL),
(180, 1, 3, 0, 'Embroidery Thread', 5, 0, 0, '2019-12-19 07:43:32', NULL),
(183, NULL, 3, 179, 'Zinc Colors', 30, 0, 0, '2019-12-19 11:39:04', '2020-01-17 15:16:59'),
(185, NULL, 11, 184, 'sub sample', 32, 0, 0, '2019-12-20 13:13:02', NULL),
(187, NULL, 11, 186, 'Normal', 34, 0, 0, '2019-12-20 13:36:46', NULL),
(188, NULL, 11, 186, 'Curve', 35, 0, 0, '2019-12-20 13:36:50', NULL),
(191, 1, 2, 124, 'Phones', 18, 0, 0, '2019-12-20 14:08:16', '2019-12-23 11:08:45'),
(193, NULL, 11, 0, 'Text', 16, 1, 0, '2019-12-20 14:52:34', '2020-01-21 18:37:59'),
(195, NULL, 11, 193, 'Normal', 17, 1, 0, '2019-12-20 14:52:56', '2020-01-21 18:37:59'),
(196, NULL, 11, 193, 'Curve', 18, 1, 0, '2019-12-20 14:53:03', '2020-01-21 18:37:59'),
(197, NULL, 11, 194, 'Square', 2, 1, 0, '2019-12-20 14:53:37', '2020-01-20 18:22:59'),
(198, NULL, 11, 194, 'Circle', 3, 1, 0, '2019-12-20 14:53:44', '2020-01-20 18:22:59'),
(219, 1, 2, 124, 'Photos', 14, 0, 0, '2019-12-21 06:37:04', '2019-12-23 11:08:45'),
(236, 1, 2, 235, 'dg', 0, 0, 0, '2019-12-21 07:22:38', '2019-12-21 07:22:38'),
(251, 1, 2, 104, 'Spider man', 72, 0, 0, '2019-12-21 08:08:43', '2019-12-23 11:08:45'),
(255, 1, 2, 201, 'df', 0, 1, 0, '2019-12-21 09:04:23', '2019-12-21 09:05:03'),
(273, 1, 2, 123, 'Demo', 0, 0, 0, '2019-12-21 09:50:06', '2019-12-21 09:50:10'),
(278, 1, 2, 120, 'Special event', 12, 0, 0, '2019-12-22 04:09:50', '2019-12-23 11:08:45'),
(279, 1, 1, 89, 'Red', 4, 1, 0, '2019-12-22 05:35:58', '2020-01-20 16:35:46'),
(280, 1, 1, 89, 'Green', 3, 1, 0, '2019-12-22 05:36:06', '2020-01-20 16:35:46'),
(282, 1, 1, 89, 'Black', 2, 1, 0, '2019-12-22 12:40:52', '2020-01-20 16:35:46'),
(283, 1, 1, 0, 'Scratch image', 9, 0, 0, '2019-12-22 12:46:12', '2020-01-23 18:56:39'),
(284, 1, 1, 283, 'Image', 11, 0, 0, '2019-12-22 12:46:28', '2020-01-23 18:56:39'),
(285, 1, 5, 97, 'low', 83, 0, 0, '2019-12-22 12:59:07', '2019-12-22 12:59:07'),
(286, 1, 5, 97, 'Medium', 84, 0, 0, '2019-12-22 12:59:14', '2019-12-22 12:59:14'),
(287, 1, 5, 97, 'High', 85, 0, 0, '2019-12-22 12:59:23', '2019-12-22 12:59:23'),
(288, 1, 5, 98, 'Low', 86, 0, 0, '2019-12-22 12:59:32', '2019-12-31 12:34:45'),
(289, 1, 5, 98, 'Medium', 87, 0, 0, '2019-12-22 12:59:40', '2019-12-31 12:30:41'),
(290, 1, 5, 98, 'High', 88, 0, 0, '2019-12-22 12:59:51', '2019-12-22 12:59:51'),
(293, 1, 1, 283, 'Scratch', 10, 0, 0, '2019-12-22 13:01:44', '2020-01-23 18:56:39'),
(295, 1, 5, 294, 'Low', 2, 1, 0, '2019-12-22 13:04:40', '2020-01-20 16:21:27'),
(296, 1, 1, 90, 'News', 10, 0, 0, '2019-12-22 13:05:04', '2019-12-24 07:33:38'),
(297, 1, 5, 98, 'Manage', 93, 0, 0, '2019-12-22 13:05:28', '2019-12-22 13:05:38'),
(300, 1, 5, 0, 'Saturated', 3, 0, 0, '2019-12-22 13:06:16', '2020-01-20 16:23:12'),
(302, NULL, 9, 301, 'Category 1', 96, 0, 0, '2019-12-22 13:17:04', '2019-12-23 06:26:53'),
(303, NULL, 9, 301, 'Category 2', 97, 0, 0, '2019-12-22 13:21:31', '2019-12-22 13:34:18'),
(305, NULL, 10, 0, 'Gas', 6, 0, 0, '2019-12-22 13:33:47', '2020-01-13 14:49:06'),
(306, NULL, 10, 304, 'Water', 2, 1, 0, '2019-12-22 13:33:53', '2020-01-20 16:40:05'),
(307, NULL, 10, 305, 'Oxygen', 7, 0, 0, '2019-12-22 13:34:02', '2020-01-13 14:49:06'),
(308, NULL, 10, 129, 'Iron', 4, 0, 0, '2019-12-22 13:34:13', '2020-01-13 14:49:06'),
(311, 1, 2, 310, '9999', 0, 0, 0, '2019-12-23 10:21:51', '2019-12-23 10:21:51'),
(313, 1, 2, 312, 'apple', 2, 0, 0, '2019-12-23 10:51:11', '2019-12-24 07:06:25'),
(314, 1, 2, 312, 'Book', 4, 0, 0, '2019-12-23 10:52:00', '2019-12-23 11:08:45'),
(315, 1, 2, 312, 'Computer', 6, 0, 0, '2019-12-23 10:52:23', '2019-12-23 11:08:45'),
(316, 1, 2, 312, 'Instrument', 5, 0, 0, '2019-12-23 10:52:45', '2019-12-23 11:08:45'),
(317, 1, 2, 312, 'Math', 7, 0, 0, '2019-12-23 10:53:02', '2019-12-23 11:08:45'),
(318, 1, 2, 312, 'Paw', 8, 0, 0, '2019-12-23 10:53:11', '2019-12-23 11:08:45'),
(319, 1, 2, 312, 'Science', 3, 0, 0, '2019-12-23 10:53:21', '2019-12-23 11:08:45'),
(326, 1, 2, 321, 'Test-SubCat', 0, 0, 0, '2019-12-24 09:00:00', '2019-12-24 09:00:00'),
(329, NULL, 11, 328, 'black', 105, 0, 0, '2019-12-24 11:02:55', NULL),
(330, NULL, 11, 328, 'blue', 106, 0, 0, '2019-12-24 11:03:05', '2019-12-24 13:55:14'),
(331, NULL, 11, 328, 'red', 107, 0, 0, '2019-12-24 11:03:11', NULL),
(334, NULL, 11, 333, 'Christmas', 109, 0, 0, '2019-12-24 11:43:13', NULL),
(335, NULL, 11, 333, 'Holiday', 110, 0, 0, '2019-12-24 11:44:09', NULL),
(337, NULL, 11, 336, 'Christmas', 112, 0, 0, '2019-12-24 11:44:41', NULL),
(341, NULL, 11, 0, 'Holiday Holiday Holiday', 1, 0, 0, '2019-12-24 11:50:50', '2020-01-23 16:34:39'),
(342, NULL, 11, 341, 'Christams12', 2, 0, 0, '2019-12-24 11:51:03', '2020-01-23 16:34:39'),
(343, NULL, 11, 341, 'New Year\'s Day	', 4, 0, 0, '2019-12-24 11:51:39', '2020-01-23 16:34:39'),
(345, NULL, 11, 341, 'George Washington’s Birthday	', 5, 0, 0, '2019-12-24 11:51:59', '2020-01-23 16:34:39'),
(346, NULL, 11, 341, 'Memorial Day	', 6, 0, 0, '2019-12-24 11:52:09', '2020-01-23 16:34:39'),
(349, NULL, 11, 341, 'Columbus Day	', 7, 0, 0, '2019-12-24 11:52:38', '2020-01-23 16:34:39'),
(350, NULL, 11, 341, 'Veterans Day	', 8, 0, 0, '2019-12-24 11:52:48', '2020-01-23 16:34:39'),
(351, NULL, 11, 341, 'Christmas Day	', 9, 0, 0, '2019-12-24 11:58:22', '2020-01-23 16:34:39'),
(352, NULL, 11, 341, 'Inauguration Day	', 10, 0, 0, '2019-12-24 11:58:35', '2020-01-23 16:34:39'),
(354, NULL, 11, 341, 'Christmas Day	', 12, 0, 0, '2019-12-24 11:59:09', '2020-01-23 16:34:39'),
(355, NULL, 11, 341, 'Jane Brother\'s day', 13, 0, 0, '2019-12-24 11:59:29', '2020-01-23 16:34:39'),
(358, NULL, 11, 0, 'test', 23, 0, 0, '2019-12-24 13:23:24', '2020-01-21 18:37:59'),
(359, 1, 2, 325, 'test', 10, 0, 0, '2019-12-24 13:25:07', '2020-01-17 15:50:43'),
(360, 1, 2, 325, 'test1', 11, 0, 0, '2019-12-24 13:25:36', '2020-01-17 15:50:43'),
(361, 1, 2, 122, 'woodart1', 0, 0, 0, '2019-12-24 13:25:44', '2019-12-24 13:25:44'),
(362, NULL, 11, 0, 'sdasd', 19, 0, 0, '2019-12-25 06:04:14', '2020-01-21 18:37:59'),
(365, 1, 1, 364, 'sub-category1', 7, 0, 0, '2019-12-25 07:44:34', '2020-01-20 15:07:24'),
(366, NULL, 10, 129, 'Soil', 5, 0, 0, '2019-12-25 09:30:54', '2020-01-13 14:49:06'),
(367, 1, 3, 180, 'Thread', 135, 0, 0, '2019-12-25 14:01:04', '2020-01-20 18:36:27'),
(387, 1, 2, 325, 'Test2', 12, 0, 0, '2019-12-26 07:20:48', '2020-01-17 15:50:43'),
(391, 1, 2, 0, 'Season4yuyuy', 6, 1, 0, '2019-12-26 10:25:52', '2020-02-03 14:44:25'),
(394, 1, 2, 119, 'Food3', 8, 0, 0, '2019-12-26 10:32:53', '2020-01-17 15:50:43'),
(396, 1, 3, 178, 'Violet brown', 149, 0, 0, '2019-12-27 10:33:59', '2020-01-17 15:16:56'),
(397, 1, 11, 0, 'dfgdfgdfghfjghjghj', 21, 0, 0, '2019-12-27 13:21:04', '2020-01-23 18:50:34'),
(399, 1, 11, 358, 'sadasd', 24, 0, 0, '2019-12-27 13:22:45', '2020-01-21 18:37:59'),
(401, 1, 11, 400, 'Yellow8', 29, 0, 0, '2019-12-27 13:27:13', '2020-01-02 17:26:51'),
(402, 1, 11, 397, 'Gon\'s', 22, 0, 0, '2019-12-27 15:17:50', '2020-01-21 18:37:59'),
(404, 1, 11, 0, 'Food', 25, 0, 0, '2019-12-27 16:24:25', '2020-01-21 18:37:59'),
(406, 1, 2, 1, 'test', 158, 0, 0, '2019-12-27 17:13:00', '2019-12-27 17:13:00'),
(408, 1, 6, 133, 'western1', 8, 0, 0, '2019-12-27 18:26:03', '2020-01-22 14:36:09'),
(410, 1, 2, 115, 'New', 17, 0, 0, '2019-12-27 19:05:51', '2020-01-17 15:50:43'),
(411, 1, 2, 119, 'New', 7, 1, 0, '2019-12-27 19:10:38', '2020-01-17 16:01:07'),
(415, 1, 2, 0, 'Country', 7, 0, 0, '2019-12-28 10:09:38', '2020-01-30 17:36:42'),
(418, 1, 2, 415, 'Flag', 8, 0, 0, '2019-12-28 13:06:02', '2020-01-30 17:36:42'),
(422, 1, 11, 404, 'Chiily', 26, 0, 0, '2019-12-30 10:32:38', '2020-01-21 18:37:59'),
(423, 1, 11, 404, 'Sweet', 27, 0, 0, '2019-12-30 10:37:08', '2020-01-21 18:37:59'),
(426, 1, 11, 404, 'test', 28, 0, 0, '2019-12-30 10:43:11', '2020-01-21 18:37:59'),
(435, 1, 11, 0, '5', 29, 0, 0, '2019-12-30 12:20:09', '2020-01-23 16:34:51'),
(436, 1, 11, 435, '3', 30, 0, 0, '2019-12-30 12:20:19', '2020-01-23 16:33:42'),
(437, 1, 11, 0, 'Rummy', 33, 0, 0, '2019-12-30 12:22:30', '2020-01-21 18:37:59'),
(439, 1, 11, 438, 'gre\'s', 178, 0, 0, '2019-12-30 17:42:33', '2019-12-30 17:42:33'),
(441, 1, 6, 133, 'western2', 9, 0, 0, '2019-12-30 18:47:53', '2020-01-17 15:48:52'),
(442, 1, 6, 131, 'Black', 10, 0, 0, '2019-12-30 18:48:37', '2020-01-17 15:48:52'),
(444, 1, 1, 0, 'Black and  white', 8, 0, 0, '2019-12-31 11:59:34', '2020-01-23 18:56:38'),
(455, 1, 2, 0, 'Animal', 12, 1, 0, '2020-01-02 17:17:40', '2020-01-30 17:35:57'),
(456, 1, 2, 455, 'Dog', 13, 1, 0, '2020-01-02 17:17:53', '2020-01-30 17:35:57'),
(457, 1, 2, 455, 'Cat', 14, 1, 0, '2020-01-02 17:18:05', '2020-01-30 17:35:57'),
(458, 1, 2, 455, 'tiger', 15, 1, 1, '2020-01-02 17:20:21', '2020-01-30 17:35:57'),
(459, 1, 2, 455, 'Hippo', 16, 1, 0, '2020-01-02 18:21:19', '2020-01-30 17:35:57'),
(460, 1, 2, 455, 'Bear', 17, 1, 0, '2020-01-02 18:21:26', '2020-01-30 17:35:57'),
(461, 1, 5, 0, 'Effects', 184, 0, 0, '2020-01-03 12:11:11', '2020-01-03 12:11:11'),
(462, 1, 11, 362, 'Sdasd', 20, 0, 0, '2020-01-03 13:24:52', '2020-01-21 18:37:59'),
(463, 1, 11, 0, 'Parrot', 34, 0, 0, '2020-01-03 13:25:38', '2020-01-21 18:37:59'),
(466, 1, 11, 463, 'bird', 35, 0, 0, '2020-01-03 14:24:35', '2020-01-21 18:37:59'),
(467, 1, 11, 0, 'Shape\'s2', 36, 0, 0, '2020-01-03 16:03:54', '2020-01-21 18:37:59'),
(468, 1, 11, 0, 'Shape\'s2Sdasd1', 37, 0, 0, '2020-01-03 16:04:05', '2020-01-21 18:37:59'),
(469, 1, 5, 294, 'Name', 190, 1, 0, '2020-01-03 17:00:51', '2020-01-20 16:21:27'),
(470, 1, 2, 117, 'test1', 191, 0, 0, '2020-01-03 17:01:55', '2020-01-06 10:51:47'),
(471, 1, 11, 0, 'test a', 38, 0, 0, '2020-01-03 17:33:41', '2020-01-21 18:37:59'),
(472, 1, 9, 382, 'Category 1', 193, 1, 0, '2020-01-05 18:45:11', '2020-01-20 16:39:24'),
(473, 1, 9, 382, 'Category 2', 194, 1, 0, '2020-01-05 18:45:37', '2020-01-20 16:39:24'),
(474, 1, 2, 121, 'Summer', 23, 0, 0, '2020-01-06 11:31:07', '2020-02-03 12:43:59'),
(475, 1, 2, 121, 'Winter', 22, 0, 0, '2020-01-06 11:31:26', '2020-02-03 14:44:41'),
(477, 1, 2, 121, 'Autumn', 24, 0, 0, '2020-01-06 11:31:55', '2020-02-03 12:43:59'),
(478, 1, 2, 121, 'Spring', 25, 0, 0, '2020-01-06 11:32:02', '2020-02-03 12:43:59'),
(479, 1, 2, 415, 'Brazil', 9, 0, 0, '2020-01-06 13:17:12', '2020-01-30 17:36:42'),
(481, 1, 9, 0, 'red', 200, 0, 0, '2020-01-06 14:35:28', '2020-01-24 10:54:50'),
(482, 1, 2, 115, 'Price', 74, 0, 0, '2020-01-06 14:36:15', '2020-01-17 15:50:43'),
(485, 1, 1, 89, 'Blue', 5, 1, 0, '2020-01-06 15:11:47', '2020-01-20 16:35:46'),
(486, 1, 11, 0, 'Happy New Year 2020', 39, 0, 0, '2020-01-06 15:19:58', '2020-01-21 18:37:59'),
(487, 1, 11, 486, '2020', 40, 0, 0, '2020-01-06 15:20:12', '2020-01-21 18:37:59'),
(488, 1, 11, 486, '2021', 41, 0, 0, '2020-01-06 15:20:22', '2020-01-21 18:37:59'),
(492, 1, 2, 415, 'Croatia', 10, 0, 0, '2020-01-06 17:29:25', '2020-01-30 17:36:42'),
(497, 1, 2, 0, 'Scenery', 20, 0, 0, '2020-01-08 08:21:01', '2020-01-22 18:45:54'),
(498, 1, 6, 131, 'Red', 4, 0, 0, '2020-01-08 14:18:32', '2020-01-17 15:48:52'),
(499, 1, 6, 131, 'Yelllow', 5, 0, 0, '2020-01-08 14:19:07', '2020-01-17 15:48:52'),
(500, 1, 6, 131, 'White', 6, 0, 0, '2020-01-08 14:19:15', '2020-01-17 15:48:52'),
(501, 1, 6, 131, 'Blue', 3, 0, 0, '2020-01-08 14:19:28', '2020-01-17 15:48:52'),
(503, 1, 2, 502, ' Mickey mouse', 51, 1, 0, '2020-01-08 16:03:39', '2020-01-17 15:50:43'),
(506, 1, 9, 385, 'Shape 1', 210, 0, 0, '2020-01-09 12:40:21', '2020-01-24 10:54:47'),
(507, 1, 9, 385, 'Shape 2', 211, 0, 0, '2020-01-09 12:40:27', '2020-01-24 10:54:47'),
(508, 1, 9, 386, 'Type 1', 212, 0, 0, '2020-01-09 12:40:40', '2020-01-24 10:54:49'),
(509, 1, 11, 435, '2', 31, 0, 0, '2020-01-09 15:57:03', '2020-01-23 16:33:42'),
(511, 1, 11, 435, '1', 32, 0, 0, '2020-01-09 16:00:08', '2020-01-23 16:33:42'),
(513, 1, 11, 0, 'Shone', 42, 0, 0, '2020-01-13 11:10:33', '2020-01-21 18:37:59'),
(514, 1, 11, 0, 'Shones', 43, 0, 1, '2020-01-13 11:11:03', '2020-01-21 18:37:59'),
(519, 1, 2, 505, '1010', 218, 0, 0, '2020-01-13 12:23:13', '2020-01-13 12:23:13'),
(522, 1, 2, 521, '1111', 221, 0, 0, '2020-01-13 12:26:05', '2020-01-13 12:26:05'),
(523, 1, 10, 0, 'Common', 8, 0, 1, '2020-01-13 12:40:36', '2020-01-13 14:49:06'),
(533, 1, 2, 464, '0000', 227, 0, 0, '2020-01-13 15:43:22', '2020-01-13 15:43:22'),
(534, 1, 2, 112, '010203', 14, 0, 0, '2020-01-13 15:47:08', '2020-01-17 17:15:29'),
(547, 1, 2, 407, 'adfdfdf', 29, 1, 0, '2020-01-13 16:15:51', '2020-01-17 15:50:43'),
(549, 1, 6, 0, '123', 15, 0, 0, '2020-01-13 17:23:10', '2020-01-17 15:48:52'),
(561, 1, 11, 0, 'Christmas', 44, 0, 0, '2020-01-13 18:52:51', '2020-01-21 18:37:59'),
(562, 1, 11, 561, 'christmas1', 45, 0, 0, '2020-01-13 18:53:11', '2020-01-21 18:37:59'),
(564, 1, 2, 563, 'christmas213', 237, 0, 0, '2020-01-13 19:06:32', '2020-01-13 19:06:32'),
(566, 1, 2, 565, 'Pikachu', 53, 0, 0, '2020-01-13 19:08:16', '2020-01-17 15:50:43'),
(567, 1, 2, 565, 'Bulbsour', 54, 0, 0, '2020-01-13 19:08:27', '2020-01-17 15:50:43'),
(568, 1, 2, 565, 'Froggy', 55, 0, 0, '2020-01-13 19:08:34', '2020-01-17 15:50:43'),
(577, 1, 2, 110, 'golf', 19, 0, 0, '2020-01-14 10:37:10', '2020-01-17 15:50:43'),
(578, 1, 2, 110, 'cricket', 20, 0, 0, '2020-01-14 10:37:25', '2020-01-17 15:50:43'),
(579, 1, 2, 107, 'baba', 23, 0, 0, '2020-01-14 10:37:59', '2020-01-17 15:50:43'),
(580, 1, 2, 106, 'Army', 25, 0, 0, '2020-01-14 10:38:39', '2020-01-20 16:31:54'),
(582, 1, 2, 581, '1', 247, 0, 0, '2020-01-14 10:39:05', '2020-01-14 10:39:05'),
(583, 1, 2, 565, 'Snorlax', 56, 0, 0, '2020-01-14 10:39:22', '2020-01-17 15:50:43'),
(584, 1, 2, 581, '22', 249, 0, 0, '2020-01-14 10:39:33', '2020-01-14 10:39:33'),
(585, 1, 2, 565, 'Rat', 57, 0, 0, '2020-01-14 10:43:24', '2020-01-17 15:50:43'),
(586, 1, 2, 581, '333', 251, 0, 0, '2020-01-14 10:43:39', '2020-01-14 10:43:39'),
(588, 1, 2, 587, '786', 253, 0, 0, '2020-01-14 10:44:20', '2020-01-14 10:44:20'),
(590, 1, 2, 587, '687', 254, 0, 0, '2020-01-14 10:45:25', '2020-01-14 10:45:25'),
(591, 1, 2, 581, '4444', 255, 0, 0, '2020-01-14 10:56:09', '2020-01-14 10:56:09'),
(592, 1, 2, 455, '10', 18, 1, 0, '2020-01-14 11:00:07', '2020-01-30 17:35:57'),
(593, 1, 2, 415, 'india', 11, 0, 0, '2020-01-14 11:00:36', '2020-01-30 17:36:42'),
(595, 1, 2, 594, '101', 259, 0, 0, '2020-01-14 11:00:55', '2020-01-14 11:00:55'),
(596, 1, 2, 455, '11111', 19, 1, 0, '2020-01-14 11:01:44', '2020-01-30 17:35:57'),
(601, 1, 2, 600, 'Subs1', 265, 0, 0, '2020-01-14 11:03:16', '2020-01-14 11:03:16'),
(603, 1, 2, 600, 'asqw', 267, 0, 0, '2020-01-14 11:04:22', '2020-01-14 11:04:22'),
(605, 1, 2, 604, 'sdsdsd', 269, 0, 0, '2020-01-14 11:04:34', '2020-01-14 11:04:34'),
(606, 1, 2, 604, '23232', 270, 0, 0, '2020-01-14 11:05:27', '2020-01-14 11:05:27'),
(613, 1, 2, 119, 'yum', 6, 0, 0, '2020-01-14 11:09:33', '2020-01-17 15:50:43'),
(616, 1, 2, 604, '00000000', 275, 0, 0, '2020-01-14 11:10:21', '2020-01-14 11:10:21'),
(626, 1, 2, 110, 'Hockey', 21, 0, 0, '2020-01-14 11:14:42', '2020-01-17 15:50:43'),
(627, 1, 2, 618, 'pokl', 280, 0, 0, '2020-01-14 11:14:57', '2020-01-14 11:14:57'),
(646, 1, 2, 645, 'prangya2', 283, 0, 0, '2020-01-14 11:30:29', '2020-01-14 11:30:45'),
(654, 1, 1, 0, 'Background', 12, 0, 0, '2020-01-14 12:47:01', '2020-01-23 18:56:41'),
(656, 1, 2, 655, '12', 64, 0, 0, '2020-01-14 17:11:21', '2020-01-17 15:50:43'),
(662, 1, 6, 0, 'Others', 16, 0, 0, '2020-01-17 11:29:46', '2020-01-17 15:48:52'),
(665, 1, 2, 664, '45666', 69, 0, 0, '2020-01-17 12:31:13', '2020-01-17 15:50:43'),
(668, 1, 2, 0, 'Our City', 26, 1, 0, '2020-01-17 14:50:34', '2020-02-03 10:56:09'),
(669, 1, 2, 668, 'Bhubaneswar', 27, 1, 0, '2020-01-17 14:50:43', '2020-02-03 10:56:09'),
(670, 1, 2, 668, 'Cuttack', 28, 1, 0, '2020-01-17 14:50:48', '2020-02-03 10:56:09'),
(671, 1, 2, 668, 'Sambalpur', 29, 1, 0, '2020-01-17 14:50:58', '2020-02-03 10:56:09'),
(672, 1, 1, 654, 'test', 13, 0, 0, '2020-01-17 15:47:52', '2020-01-23 18:56:41'),
(678, 1, 10, 0, 'New', 293, 0, 0, '2020-01-20 15:54:33', '2020-01-20 15:54:33'),
(682, 1, 1, 283, 'Moon', 295, 0, 1, '2020-01-20 18:39:45', '2020-01-23 18:56:39'),
(683, 1, 1, 283, 'Sun', 296, 0, 0, '2020-01-20 19:20:29', '2020-01-23 18:56:39'),
(687, 1, 2, 686, 'Child Test', 31, 0, 0, '2020-01-21 17:30:11', '2020-01-22 14:18:08'),
(688, 1, 2, 686, 'Child test2', 32, 0, 0, '2020-01-21 17:30:20', '2020-01-22 14:18:08'),
(690, 1, 2, 689, 'beach', 301, 0, 0, '2020-01-21 18:14:03', '2020-01-21 18:14:03'),
(691, 1, 2, 689, 'beach', 302, 0, 0, '2020-01-21 18:14:03', '2020-01-21 18:14:03'),
(692, 1, 2, 689, 'beach', 303, 0, 0, '2020-01-21 18:14:03', '2020-01-21 18:14:03'),
(693, 1, 2, 689, 'beach', 304, 0, 0, '2020-01-21 18:14:03', '2020-01-21 18:14:03'),
(694, 1, 2, 689, 'beach', 305, 0, 0, '2020-01-21 18:14:03', '2020-01-21 18:14:03'),
(695, 1, 2, 689, 'beach', 306, 0, 0, '2020-01-21 18:14:03', '2020-01-21 18:14:03'),
(696, 1, 2, 689, 'beach', 307, 0, 0, '2020-01-21 18:14:03', '2020-01-21 18:14:03'),
(697, 1, 2, 689, 'beach', 308, 0, 0, '2020-01-21 18:14:03', '2020-01-21 18:14:03'),
(698, 1, 2, 689, 'beach', 309, 0, 0, '2020-01-21 18:14:03', '2020-01-21 18:14:03'),
(699, 1, 2, 689, 'beach', 310, 0, 0, '2020-01-21 18:14:03', '2020-01-21 18:14:03'),
(700, 1, 2, 689, 'beach', 311, 0, 0, '2020-01-21 18:14:03', '2020-01-21 18:14:03'),
(701, 1, 2, 689, 'beach', 312, 0, 0, '2020-01-21 18:14:03', '2020-01-21 18:14:03'),
(702, 1, 2, 689, 'beach', 313, 0, 0, '2020-01-21 18:14:03', '2020-01-21 18:14:03'),
(703, 1, 2, 689, 'beach', 314, 0, 0, '2020-01-21 18:14:03', '2020-01-21 18:14:03'),
(704, 1, 2, 689, 'beach', 315, 0, 0, '2020-01-21 18:14:03', '2020-01-21 18:14:03'),
(705, 1, 2, 689, 'beach', 316, 0, 0, '2020-01-21 18:14:03', '2020-01-21 18:14:03'),
(706, 1, 2, 689, 'beach', 317, 0, 0, '2020-01-21 18:14:03', '2020-01-21 18:14:03'),
(707, 1, 2, 689, 'beach', 318, 0, 0, '2020-01-21 18:14:03', '2020-01-21 18:14:03'),
(708, 1, 2, 689, 'beach', 319, 0, 0, '2020-01-21 18:14:03', '2020-01-21 18:14:03'),
(709, 1, 2, 689, 'beach', 320, 0, 0, '2020-01-21 18:14:03', '2020-01-21 18:14:03'),
(710, 1, 2, 689, 'beach', 321, 0, 0, '2020-01-21 18:14:03', '2020-01-21 18:14:03'),
(711, 1, 2, 689, 'beach', 322, 0, 0, '2020-01-21 18:14:03', '2020-01-21 18:14:03'),
(712, 1, 2, 689, 'beach', 323, 0, 0, '2020-01-21 18:14:03', '2020-01-21 18:14:03'),
(713, 1, 2, 689, 'beach', 324, 0, 0, '2020-01-21 18:14:03', '2020-01-21 18:14:03'),
(714, 1, 2, 689, 'beach', 325, 0, 0, '2020-01-21 18:14:04', '2020-01-21 18:14:04'),
(715, 1, 2, 689, 'beach', 326, 0, 0, '2020-01-21 18:14:04', '2020-01-21 18:14:04'),
(716, 1, 2, 689, 'beach', 327, 0, 0, '2020-01-21 18:14:04', '2020-01-21 18:14:04'),
(717, 1, 2, 689, 'beach', 328, 0, 0, '2020-01-21 18:14:04', '2020-01-21 18:14:04'),
(718, 1, 2, 689, 'beach', 329, 0, 0, '2020-01-21 18:14:04', '2020-01-21 18:14:04'),
(719, 1, 2, 689, 'beach', 330, 0, 0, '2020-01-21 18:14:04', '2020-01-21 18:14:04'),
(720, 1, 2, 689, 'beach', 331, 0, 0, '2020-01-21 18:14:04', '2020-01-21 18:14:04'),
(721, 1, 2, 689, 'beach', 332, 0, 0, '2020-01-21 18:14:04', '2020-01-21 18:14:04'),
(722, 1, 2, 689, 'beach', 333, 0, 0, '2020-01-21 18:14:04', '2020-01-21 18:14:04'),
(723, 1, 2, 689, 'beach', 334, 0, 0, '2020-01-21 18:14:04', '2020-01-21 18:14:04'),
(724, 1, 2, 689, 'cloudes', 335, 0, 0, '2020-01-21 18:14:04', '2020-01-21 18:14:04'),
(725, 1, 2, 689, 'cloudes', 336, 0, 0, '2020-01-21 18:14:04', '2020-01-21 18:14:04'),
(726, 1, 2, 689, 'cloudes', 337, 0, 0, '2020-01-21 18:14:04', '2020-01-21 18:14:04'),
(727, 1, 2, 689, 'cloudes', 338, 0, 0, '2020-01-21 18:14:04', '2020-01-21 18:14:04'),
(728, 1, 2, 689, 'cloudes', 339, 0, 0, '2020-01-21 18:14:04', '2020-01-21 18:14:04'),
(729, 1, 2, 689, 'cloudes', 340, 0, 0, '2020-01-21 18:14:04', '2020-01-21 18:14:04'),
(730, 1, 2, 689, 'cloudes', 341, 0, 0, '2020-01-21 18:14:04', '2020-01-21 18:14:04'),
(731, 1, 2, 689, 'cloudes', 342, 0, 0, '2020-01-21 18:14:04', '2020-01-21 18:14:04'),
(732, 1, 2, 689, 'cloudes', 343, 0, 0, '2020-01-21 18:14:04', '2020-01-21 18:14:04'),
(733, 1, 2, 689, 'cloudes', 344, 0, 0, '2020-01-21 18:14:04', '2020-01-21 18:14:04'),
(734, 1, 2, 689, 'cloudes', 345, 0, 0, '2020-01-21 18:14:04', '2020-01-21 18:14:04'),
(735, 1, 2, 689, 'cloudes', 346, 0, 0, '2020-01-21 18:14:04', '2020-01-21 18:14:04'),
(736, 1, 2, 689, 'cloudes', 347, 0, 0, '2020-01-21 18:14:04', '2020-01-21 18:14:04'),
(737, 1, 2, 689, 'clover', 348, 0, 0, '2020-01-21 18:14:04', '2020-01-21 18:14:04'),
(738, 1, 2, 689, 'clover', 349, 0, 0, '2020-01-21 18:14:04', '2020-01-21 18:14:04'),
(739, 1, 2, 689, 'clover', 350, 0, 0, '2020-01-21 18:14:04', '2020-01-21 18:14:04'),
(740, 1, 2, 689, 'clover', 351, 0, 0, '2020-01-21 18:14:04', '2020-01-21 18:14:04'),
(741, 1, 2, 689, 'clover', 352, 0, 0, '2020-01-21 18:14:04', '2020-01-21 18:14:04'),
(742, 1, 2, 689, 'clover', 353, 0, 0, '2020-01-21 18:14:04', '2020-01-21 18:14:04'),
(743, 1, 2, 689, 'clover', 354, 0, 0, '2020-01-21 18:14:04', '2020-01-21 18:14:04'),
(744, 1, 2, 689, 'clover', 355, 0, 0, '2020-01-21 18:14:04', '2020-01-21 18:14:04'),
(745, 1, 2, 689, 'clover', 356, 0, 0, '2020-01-21 18:14:04', '2020-01-21 18:14:04'),
(746, 1, 2, 689, 'clover', 357, 0, 0, '2020-01-21 18:14:04', '2020-01-21 18:14:04'),
(747, 1, 2, 689, 'clover', 358, 0, 0, '2020-01-21 18:14:04', '2020-01-21 18:14:04'),
(748, 1, 2, 689, 'clover', 359, 0, 0, '2020-01-21 18:14:04', '2020-01-21 18:14:04'),
(749, 1, 2, 689, 'clover', 360, 0, 0, '2020-01-21 18:14:04', '2020-01-21 18:14:04'),
(750, 1, 2, 689, 'clover', 361, 0, 0, '2020-01-21 18:14:04', '2020-01-21 18:14:04'),
(751, 1, 2, 689, 'clover', 362, 0, 0, '2020-01-21 18:14:04', '2020-01-21 18:14:04'),
(752, 1, 2, 689, 'daisy', 363, 0, 0, '2020-01-21 18:14:04', '2020-01-21 18:14:04'),
(753, 1, 2, 689, 'daisy', 364, 0, 0, '2020-01-21 18:14:04', '2020-01-21 18:14:04'),
(754, 1, 2, 689, 'daisy', 365, 0, 0, '2020-01-21 18:14:04', '2020-01-21 18:14:04'),
(755, 1, 2, 689, 'daisy', 366, 0, 0, '2020-01-21 18:14:04', '2020-01-21 18:14:04'),
(756, 1, 2, 689, 'daisy', 367, 0, 0, '2020-01-21 18:14:04', '2020-01-21 18:14:04'),
(757, 1, 2, 689, 'daisy', 368, 0, 0, '2020-01-21 18:14:04', '2020-01-21 18:14:04'),
(758, 1, 2, 689, 'daisy', 369, 0, 0, '2020-01-21 18:14:04', '2020-01-21 18:14:04'),
(759, 1, 2, 689, 'daisy', 370, 0, 0, '2020-01-21 18:14:04', '2020-01-21 18:14:04'),
(760, 1, 2, 689, 'daisy', 371, 0, 0, '2020-01-21 18:14:04', '2020-01-21 18:14:04'),
(761, 1, 2, 689, 'daisy', 372, 0, 0, '2020-01-21 18:14:04', '2020-01-21 18:14:04'),
(762, 1, 2, 689, 'daisy', 373, 0, 0, '2020-01-21 18:14:04', '2020-01-21 18:14:04'),
(763, 1, 2, 689, 'daisy', 374, 0, 0, '2020-01-21 18:14:04', '2020-01-21 18:14:04'),
(764, 1, 2, 689, 'desert', 375, 0, 0, '2020-01-21 18:14:04', '2020-01-21 18:14:04'),
(765, 1, 2, 689, 'desert', 376, 0, 0, '2020-01-21 18:14:04', '2020-01-21 18:14:04'),
(766, 1, 2, 689, 'desert', 377, 0, 0, '2020-01-21 18:14:04', '2020-01-21 18:14:04'),
(767, 1, 2, 689, 'desert', 378, 0, 0, '2020-01-21 18:14:04', '2020-01-21 18:14:04'),
(768, 1, 2, 689, 'desert', 379, 0, 0, '2020-01-21 18:14:04', '2020-01-21 18:14:04'),
(769, 1, 2, 689, 'desert', 380, 0, 0, '2020-01-21 18:14:04', '2020-01-21 18:14:04'),
(770, 1, 2, 689, 'desert', 381, 0, 0, '2020-01-21 18:14:04', '2020-01-21 18:14:04'),
(771, 1, 2, 689, 'desert', 382, 0, 0, '2020-01-21 18:14:04', '2020-01-21 18:14:04'),
(772, 1, 2, 689, 'desert', 383, 0, 0, '2020-01-21 18:14:04', '2020-01-21 18:14:04'),
(773, 1, 2, 689, 'desert', 384, 0, 0, '2020-01-21 18:14:04', '2020-01-21 18:14:04'),
(774, 1, 2, 689, 'desert', 385, 0, 0, '2020-01-21 18:14:04', '2020-01-21 18:14:04'),
(775, 1, 2, 689, 'earth', 386, 0, 0, '2020-01-21 18:14:04', '2020-01-21 18:14:04'),
(776, 1, 2, 689, 'earth', 387, 0, 0, '2020-01-21 18:14:04', '2020-01-21 18:14:04'),
(777, 1, 2, 689, 'earth', 388, 0, 0, '2020-01-21 18:14:04', '2020-01-21 18:14:04'),
(778, 1, 2, 689, 'earth', 389, 0, 0, '2020-01-21 18:14:04', '2020-01-21 18:14:04'),
(779, 1, 2, 689, 'earth', 390, 0, 0, '2020-01-21 18:14:04', '2020-01-21 18:14:04'),
(780, 1, 2, 689, 'earth', 391, 0, 0, '2020-01-21 18:14:04', '2020-01-21 18:14:04'),
(781, 1, 2, 689, 'earth', 392, 0, 0, '2020-01-21 18:14:04', '2020-01-21 18:14:04'),
(782, 1, 2, 689, 'earth', 393, 0, 0, '2020-01-21 18:14:05', '2020-01-21 18:14:05'),
(783, 1, 2, 689, 'earth', 394, 0, 0, '2020-01-21 18:14:05', '2020-01-21 18:14:05'),
(784, 1, 2, 689, 'earth', 395, 0, 0, '2020-01-21 18:14:05', '2020-01-21 18:14:05'),
(785, 1, 2, 689, 'fire', 396, 0, 0, '2020-01-21 18:14:05', '2020-01-21 18:14:05'),
(786, 1, 2, 689, 'fire', 397, 0, 0, '2020-01-21 18:14:05', '2020-01-21 18:14:05'),
(787, 1, 2, 689, 'fire', 398, 0, 0, '2020-01-21 18:14:05', '2020-01-21 18:14:05'),
(788, 1, 2, 689, 'fire', 399, 0, 0, '2020-01-21 18:14:05', '2020-01-21 18:14:05'),
(789, 1, 2, 689, 'fire', 400, 0, 0, '2020-01-21 18:14:05', '2020-01-21 18:14:05'),
(790, 1, 2, 689, 'fire', 401, 0, 0, '2020-01-21 18:14:05', '2020-01-21 18:14:05'),
(791, 1, 2, 689, 'fire', 402, 0, 0, '2020-01-21 18:14:05', '2020-01-21 18:14:05'),
(792, 1, 2, 689, 'fire', 403, 0, 0, '2020-01-21 18:14:05', '2020-01-21 18:14:05'),
(793, 1, 2, 689, 'fire', 404, 0, 0, '2020-01-21 18:14:05', '2020-01-21 18:14:05'),
(794, 1, 2, 689, 'fire', 405, 0, 0, '2020-01-21 18:14:05', '2020-01-21 18:14:05'),
(795, 1, 2, 689, 'fire', 406, 0, 0, '2020-01-21 18:14:05', '2020-01-21 18:14:05'),
(796, 1, 2, 689, 'fire', 407, 0, 0, '2020-01-21 18:14:05', '2020-01-21 18:14:05'),
(797, 1, 2, 689, 'flower', 408, 0, 0, '2020-01-21 18:14:05', '2020-01-21 18:14:05'),
(798, 1, 2, 689, 'flower', 409, 0, 0, '2020-01-21 18:14:05', '2020-01-21 18:14:05'),
(799, 1, 2, 689, 'flower', 410, 0, 0, '2020-01-21 18:14:05', '2020-01-21 18:14:05'),
(800, 1, 2, 689, 'flower', 411, 0, 0, '2020-01-21 18:14:05', '2020-01-21 18:14:05'),
(801, 1, 2, 689, 'flower', 412, 0, 0, '2020-01-21 18:14:05', '2020-01-21 18:14:05'),
(802, 1, 2, 689, 'flower', 413, 0, 0, '2020-01-21 18:14:05', '2020-01-21 18:14:05'),
(803, 1, 2, 689, 'flower', 414, 0, 0, '2020-01-21 18:14:05', '2020-01-21 18:14:05'),
(804, 1, 2, 689, 'flower', 415, 0, 0, '2020-01-21 18:14:05', '2020-01-21 18:14:05'),
(805, 1, 2, 689, 'flower', 416, 0, 0, '2020-01-21 18:14:05', '2020-01-21 18:14:05'),
(806, 1, 2, 689, 'flower', 417, 0, 0, '2020-01-21 18:14:05', '2020-01-21 18:14:05'),
(807, 1, 2, 689, 'grass', 418, 0, 0, '2020-01-21 18:14:05', '2020-01-21 18:14:05'),
(808, 1, 2, 689, 'grass', 419, 0, 0, '2020-01-21 18:14:05', '2020-01-21 18:14:05'),
(809, 1, 2, 689, 'grass', 420, 0, 0, '2020-01-21 18:14:05', '2020-01-21 18:14:05'),
(810, 1, 2, 689, 'grass', 421, 0, 0, '2020-01-21 18:14:05', '2020-01-21 18:14:05'),
(811, 1, 2, 689, 'grass', 422, 0, 0, '2020-01-21 18:14:05', '2020-01-21 18:14:05'),
(812, 1, 2, 689, 'grass', 423, 0, 0, '2020-01-21 18:14:05', '2020-01-21 18:14:05'),
(813, 1, 2, 689, 'grass', 424, 0, 0, '2020-01-21 18:14:05', '2020-01-21 18:14:05'),
(814, 1, 2, 689, 'grass', 425, 0, 0, '2020-01-21 18:14:05', '2020-01-21 18:14:05'),
(815, 1, 2, 689, 'grass', 426, 0, 0, '2020-01-21 18:14:05', '2020-01-21 18:14:05'),
(816, 1, 2, 689, 'grass', 427, 0, 0, '2020-01-21 18:14:05', '2020-01-21 18:14:05'),
(817, 1, 2, 689, 'hiking', 428, 0, 0, '2020-01-21 18:14:05', '2020-01-21 18:14:05'),
(818, 1, 2, 689, 'hiking', 429, 0, 0, '2020-01-21 18:14:05', '2020-01-21 18:14:05'),
(819, 1, 2, 689, 'hiking', 430, 0, 0, '2020-01-21 18:14:05', '2020-01-21 18:14:05'),
(820, 1, 2, 689, 'hiking', 431, 0, 0, '2020-01-21 18:14:05', '2020-01-21 18:14:05'),
(821, 1, 2, 689, 'hiking', 432, 0, 0, '2020-01-21 18:14:05', '2020-01-21 18:14:05'),
(822, 1, 2, 689, 'hiking', 433, 0, 0, '2020-01-21 18:14:05', '2020-01-21 18:14:05'),
(823, 1, 2, 689, 'hiking', 434, 0, 0, '2020-01-21 18:14:05', '2020-01-21 18:14:05'),
(824, 1, 2, 689, 'hiking', 435, 0, 0, '2020-01-21 18:14:05', '2020-01-21 18:14:05'),
(825, 1, 2, 689, 'hiking', 436, 0, 0, '2020-01-21 18:14:05', '2020-01-21 18:14:05'),
(826, 1, 2, 689, 'hiking', 437, 0, 0, '2020-01-21 18:14:05', '2020-01-21 18:14:05'),
(827, 1, 2, 689, 'leaf', 438, 0, 0, '2020-01-21 18:14:05', '2020-01-21 18:14:05'),
(828, 1, 2, 689, 'leaf', 439, 0, 0, '2020-01-21 18:14:05', '2020-01-21 18:14:05'),
(829, 1, 2, 689, 'leaf', 440, 0, 0, '2020-01-21 18:14:05', '2020-01-21 18:14:05'),
(830, 1, 2, 689, 'leaf', 441, 0, 0, '2020-01-21 18:14:05', '2020-01-21 18:14:05'),
(831, 1, 2, 689, 'leaf', 442, 0, 0, '2020-01-21 18:14:05', '2020-01-21 18:14:05'),
(832, 1, 2, 689, 'leaf', 443, 0, 0, '2020-01-21 18:14:05', '2020-01-21 18:14:05'),
(833, 1, 2, 689, 'leaf', 444, 0, 0, '2020-01-21 18:14:05', '2020-01-21 18:14:05'),
(834, 1, 2, 689, 'leaf', 445, 0, 0, '2020-01-21 18:14:05', '2020-01-21 18:14:05'),
(835, 1, 2, 689, 'leaf', 446, 0, 0, '2020-01-21 18:14:05', '2020-01-21 18:14:05'),
(836, 1, 2, 689, 'leaf', 447, 0, 0, '2020-01-21 18:14:05', '2020-01-21 18:14:05'),
(837, 1, 2, 689, 'leaf', 448, 0, 0, '2020-01-21 18:14:05', '2020-01-21 18:14:05'),
(838, 1, 2, 689, 'leaf', 449, 0, 0, '2020-01-21 18:14:05', '2020-01-21 18:14:05'),
(839, 1, 2, 689, 'leaf', 450, 0, 0, '2020-01-21 18:14:05', '2020-01-21 18:14:05'),
(840, 1, 2, 689, 'lightning', 451, 0, 0, '2020-01-21 18:14:05', '2020-01-21 18:14:05'),
(841, 1, 2, 689, 'lightning', 452, 0, 0, '2020-01-21 18:14:05', '2020-01-21 18:14:05'),
(842, 1, 2, 689, 'lightning', 453, 0, 0, '2020-01-21 18:14:05', '2020-01-21 18:14:05'),
(843, 1, 2, 689, 'lightning', 454, 0, 0, '2020-01-21 18:14:05', '2020-01-21 18:14:05'),
(844, 1, 2, 689, 'lightning', 455, 0, 0, '2020-01-21 18:14:05', '2020-01-21 18:14:05'),
(845, 1, 2, 689, 'lightning', 456, 0, 0, '2020-01-21 18:14:05', '2020-01-21 18:14:05'),
(846, 1, 2, 689, 'lightning', 457, 0, 0, '2020-01-21 18:14:05', '2020-01-21 18:14:05'),
(847, 1, 2, 689, 'lightning', 458, 0, 0, '2020-01-21 18:14:05', '2020-01-21 18:14:05'),
(848, 1, 2, 689, 'lightning', 459, 0, 0, '2020-01-21 18:14:05', '2020-01-21 18:14:05'),
(849, 1, 2, 689, 'lightning', 460, 0, 0, '2020-01-21 18:14:06', '2020-01-21 18:14:06'),
(852, 1, 2, 851, 'beach', 462, 0, 0, '2020-01-21 18:21:34', '2020-01-21 18:21:34'),
(853, 1, 2, 851, 'cloudes', 463, 0, 0, '2020-01-21 18:21:35', '2020-01-21 18:21:35'),
(854, 1, 2, 851, 'clover', 464, 0, 0, '2020-01-21 18:21:35', '2020-01-21 18:21:35'),
(855, 1, 2, 851, 'daisy', 465, 0, 0, '2020-01-21 18:21:35', '2020-01-21 18:21:35'),
(856, 1, 2, 851, 'desert', 466, 0, 0, '2020-01-21 18:21:35', '2020-01-21 18:21:35'),
(857, 1, 2, 851, 'earth', 467, 0, 0, '2020-01-21 18:21:35', '2020-01-21 18:21:35'),
(858, 1, 2, 851, 'fire', 468, 0, 0, '2020-01-21 18:21:35', '2020-01-21 18:21:35'),
(859, 1, 2, 851, 'flower', 469, 0, 0, '2020-01-21 18:21:36', '2020-01-21 18:21:36'),
(860, 1, 2, 851, 'grass', 470, 0, 0, '2020-01-21 18:21:36', '2020-01-21 18:21:36'),
(861, 1, 2, 851, 'hiking', 471, 0, 0, '2020-01-21 18:21:36', '2020-01-21 18:21:36'),
(862, 1, 2, 851, 'leaf', 472, 0, 0, '2020-01-21 18:21:36', '2020-01-21 18:21:36'),
(863, 1, 2, 851, 'lightning', 473, 0, 0, '2020-01-21 18:21:36', '2020-01-21 18:21:36'),
(865, 1, 2, 864, 'beach', 475, 0, 0, '2020-01-21 18:26:29', '2020-01-21 18:26:29'),
(867, 1, 2, 866, 'beach', 31, 0, 0, '2020-01-21 18:27:37', '2020-01-23 18:50:13'),
(868, 1, 2, 866, 'cloudes', 32, 0, 0, '2020-01-21 18:27:38', '2020-01-23 18:50:13'),
(869, 1, 2, 866, 'clover', 33, 0, 0, '2020-01-21 18:27:38', '2020-01-23 18:50:13'),
(870, 1, 2, 866, 'daisy', 34, 0, 0, '2020-01-21 18:27:38', '2020-01-23 18:50:13'),
(872, 1, 2, 866, 'earth', 35, 0, 0, '2020-01-21 18:27:38', '2020-01-23 18:50:13'),
(873, 1, 2, 866, 'fire', 36, 0, 0, '2020-01-21 18:27:38', '2020-01-23 18:50:13'),
(874, 1, 2, 866, 'flower', 37, 0, 0, '2020-01-21 18:27:39', '2020-01-23 18:50:13'),
(875, 1, 2, 866, 'grass', 38, 0, 0, '2020-01-21 18:27:39', '2020-01-23 18:50:13'),
(876, 1, 2, 866, 'hiking', 39, 0, 0, '2020-01-21 18:27:39', '2020-01-23 18:50:13'),
(877, 1, 2, 866, 'leaf', 40, 0, 0, '2020-01-21 18:27:39', '2020-01-23 18:50:13'),
(878, 1, 2, 866, 'lightning', 41, 0, 0, '2020-01-21 18:27:39', '2020-01-23 18:50:13'),
(884, 1, 1, 883, 'Sub Chingudi', 492, 0, 0, '2020-01-22 11:27:31', '2020-01-23 18:56:43'),
(885, 1, 1, 883, 'Sub chingudi 2', 493, 0, 0, '2020-01-22 11:27:47', '2020-01-23 18:56:43'),
(888, 1, 3, 176, 'Blue', 495, 0, 0, '2020-01-22 17:23:53', '2020-02-03 14:40:57'),
(889, 1, 2, 388, 'Anaconda', 4, 0, 0, '2020-01-22 18:45:26', '2020-01-23 09:09:34'),
(890, 1, 2, 388, 'Snake', 3, 0, 0, '2020-01-22 18:45:38', '2020-01-23 09:09:34'),
(893, 1, 2, 0, 'season seaasoi', 496, 0, 0, '2020-01-23 13:08:53', '2020-01-23 13:09:29'),
(895, 1, 2, 0, 'wallpaper wallpaper', 497, 0, 0, '2020-01-23 13:42:12', '2020-01-23 13:42:12'),
(896, 1, 2, 0, 'Wallpaper1 Wallpaper111', 498, 0, 0, '2020-01-23 13:42:26', '2020-01-23 13:42:26'),
(897, 1, 2, 0, 'Wallpaper Wallpaper12345', 499, 0, 0, '2020-01-23 13:42:35', '2020-01-23 13:42:35'),
(898, 1, 2, 0, '12345', 500, 0, 0, '2020-01-23 14:59:45', '2020-01-23 15:01:29'),
(900, 1, 11, 899, 'Coin', 502, 0, 0, '2020-01-23 15:06:14', '2020-01-23 15:06:14'),
(907, 1, 11, 0, 'Shanes', 503, 0, 0, '2020-01-23 17:21:35', '2020-01-23 17:21:35'),
(908, 1, 11, 907, 'Cruicial', 504, 0, 0, '2020-01-23 17:21:54', '2020-01-23 17:21:54'),
(909, 1, 11, 907, 'Panes', 505, 0, 0, '2020-01-23 17:22:07', '2020-01-23 17:22:07'),
(910, 1, 2, 866, 'desert', 506, 0, 0, '2020-01-23 19:06:47', '2020-01-23 19:06:47'),
(911, 1, 2, 0, 'Nature', 507, 0, 0, '2020-01-24 10:34:00', '2020-01-24 10:34:00'),
(912, 1, 9, 0, 'Black', 508, 0, 0, '2020-01-24 10:56:05', '2020-01-24 10:56:05'),
(913, 1, 2, 0, 'Fruits', 509, 0, 0, '2020-01-27 10:18:14', '2020-01-27 10:18:14'),
(914, 1, 2, 913, 'Apple', 510, 0, 0, '2020-01-27 10:18:25', '2020-01-27 10:18:25'),
(915, 1, 2, 913, 'Orange', 511, 0, 0, '2020-01-27 10:18:34', '2020-01-27 10:18:34'),
(916, 1, 2, 913, 'Banana', 512, 0, 0, '2020-01-27 10:18:43', '2020-01-27 10:18:43'),
(919, 1, 9, 0, 'Shapes', 513, 0, 0, '2020-01-31 16:38:21', '2020-01-31 16:38:21'),
(920, 1, 9, 919, 'Shape1', 514, 0, 0, '2020-01-31 16:38:31', '2020-01-31 16:38:31'),
(921, 1, 9, 919, 'Shape2', 515, 0, 0, '2020-01-31 16:38:37', '2020-01-31 16:38:37'),
(922, 1, 9, 919, 'Shape3', 516, 0, 0, '2020-01-31 16:38:45', '2020-01-31 16:38:45'),
(923, 1, 2, 0, 'test', 517, 0, 0, '2020-02-03 10:07:33', '2020-02-03 10:07:33'),
(924, 1, 3, 176, 'Red', 518, 0, 0, '2020-02-03 11:10:48', '2020-02-03 11:10:48'),
(925, 1, 3, 177, 'Green ', 519, 0, 0, '2020-02-03 12:31:39', '2020-02-03 12:31:39'),
(926, 1, 3, 177, 'Yellow', 520, 0, 0, '2020-02-03 12:31:48', '2020-02-03 12:31:48'),
(927, 1, 3, 177, 'Red', 521, 0, 0, '2020-02-03 12:31:58', '2020-02-03 12:31:58'),
(928, 1, 3, 176, 'Brown', 522, 0, 0, '2020-02-03 12:32:12', '2020-02-03 12:32:12'),
(929, 1, 3, 178, 'Green Grass', 523, 0, 0, '2020-02-03 12:32:51', '2020-02-03 12:32:51'),
(930, 1, 3, 178, 'Sand brown', 524, 0, 0, '2020-02-03 12:33:02', '2020-02-03 12:33:02'),
(931, 1, 3, 179, 'Yellow Dashed', 525, 0, 0, '2020-02-03 12:35:23', '2020-02-03 12:35:23'),
(932, 1, 3, 179, 'Black ', 526, 0, 0, '2020-02-03 12:35:37', '2020-02-03 12:35:37'),
(933, 1, 3, 180, 'Redish pink', 527, 0, 0, '2020-02-03 12:35:53', '2020-02-03 12:35:53'),
(934, 1, 3, 180, 'Sunny Orange', 528, 0, 0, '2020-02-03 12:36:04', '2020-02-03 12:36:04');

-- --------------------------------------------------------

--
-- Table structure for table `cliparts`
--

CREATE TABLE `cliparts` (
  `xe_id` bigint(20) NOT NULL,
  `name` varchar(100) DEFAULT NULL,
  `price` decimal(10,2) DEFAULT NULL,
  `width` int(5) DEFAULT NULL,
  `height` int(5) DEFAULT NULL,
  `file_name` varchar(30) DEFAULT NULL,
  `color_used` smallint(10) DEFAULT NULL,
  `is_scaling` tinyint(1) DEFAULT '0',
  `store_id` varchar(50) NOT NULL,
  `user_id` int(10) DEFAULT NULL,
  `created_at` datetime DEFAULT CURRENT_TIMESTAMP,
  `updated_at` datetime DEFAULT NULL
) ENGINE=InnoDB DEFAULT CHARSET=latin1;

--
-- Dumping data for table `cliparts`
--

INSERT INTO `cliparts` (`xe_id`, `name`, `price`, `width`, `height`, `file_name`, `color_used`, `is_scaling`, `store_id`, `user_id`, `created_at`, `updated_at`) VALUES
(10, 'American', '0.00', 0, 0, '201912180959196695.svg', NULL, 0, '1', NULL, '2019-12-18 09:59:19', '2019-12-18 09:59:19'),
(11, 'American', '0.00', 0, 0, '201912181000449235.svg', NULL, 0, '1', NULL, '2019-12-18 10:00:44', '2019-12-18 10:00:44'),
(12, 'American', '0.00', 0, 0, '201912181001024608.svg', NULL, 0, '1', NULL, '2019-12-18 10:01:02', '2019-12-18 10:01:02'),
(15, 'Alligators', '0.00', 0, 0, '201912181020102245.svg', NULL, 0, '1', NULL, '2019-12-18 10:20:11', '2019-12-18 10:20:11'),
(16, 'Alligators', '0.00', 0, 0, '201912181020329299.svg', NULL, 0, '1', NULL, '2019-12-18 10:20:32', '2019-12-18 10:20:32'),
(17, 'Alligators', '0.00', 0, 0, '201912181020543833.svg', NULL, 0, '1', NULL, '2019-12-18 10:20:54', '2019-12-18 10:20:54'),
(18, 'Apes', '0.00', 0, 0, '201912181021238644.svg', NULL, 0, '1', NULL, '2019-12-18 10:21:23', '2019-12-18 10:21:23'),
(19, 'Apes', '0.00', 0, 0, '201912181021586150.svg', NULL, 0, '1', NULL, '2019-12-18 10:21:58', '2019-12-18 10:21:58'),
(20, 'Apes', '0.00', 0, 0, '201912181022288885.svg', NULL, 0, '1', NULL, '2019-12-18 10:22:28', '2019-12-18 10:22:28'),
(21, 'Bat', '0.00', 0, 0, '201912181022588983.svg', NULL, 0, '1', NULL, '2019-12-18 10:22:58', '2019-12-18 10:22:58'),
(22, 'Bat', '0.00', 0, 0, '201912181023207439.svg', NULL, 0, '1', NULL, '2019-12-18 10:23:20', '2019-12-18 10:23:20'),
(23, 'Bat', '0.00', 0, 0, '201912181023542682.svg', NULL, 0, '1', NULL, '2019-12-18 10:23:54', '2019-12-18 10:23:54'),
(24, 'Bat', '0.00', 0, 0, '201912181024136574.svg', NULL, 0, '1', NULL, '2019-12-18 10:24:13', '2019-12-18 10:24:13'),
(25, 'Bat', '0.00', 0, 0, '201912181024386074.svg', NULL, 0, '1', NULL, '2019-12-18 10:24:38', '2019-12-18 10:24:38'),
(26, 'Bear', '0.00', 0, 0, '201912181027476712.svg', NULL, 0, '1', NULL, '2019-12-18 10:27:47', '2019-12-18 10:27:47'),
(27, 'Bear', '0.00', 0, 0, '201912181028074365.svg', NULL, 0, '1', NULL, '2019-12-18 10:28:07', '2019-12-18 10:28:07'),
(28, 'Bear', '0.00', 0, 0, '201912181028285791.svg', NULL, 0, '1', NULL, '2019-12-18 10:28:28', '2019-12-18 10:28:28'),
(29, 'Bear', '0.00', 0, 0, '201912181028551360.svg', NULL, 0, '1', NULL, '2019-12-18 10:28:55', '2019-12-18 10:28:55'),
(30, 'Bear', '0.00', 0, 0, '201912181029154651.svg', NULL, 0, '1', NULL, '2019-12-18 10:29:15', '2019-12-18 10:29:15'),
(31, 'Beavers', '0.00', 0, 0, '201912181029458335.svg', NULL, 0, '1', NULL, '2019-12-18 10:29:45', '2019-12-18 10:29:45'),
(32, 'Beavers', '0.00', 0, 0, '201912181030036250.svg', NULL, 0, '1', NULL, '2019-12-18 10:30:03', '2019-12-18 10:30:03'),
(33, 'Beavers', '0.00', 0, 0, '201912181030352422.svg', NULL, 0, '1', NULL, '2019-12-18 10:30:35', '2019-12-18 10:30:35'),
(34, 'Bees', '0.00', 0, 0, '20191218103102809.svg', NULL, 0, '1', NULL, '2019-12-18 10:31:02', '2019-12-18 10:31:02'),
(35, 'Bees', '0.00', 0, 0, '201912181031288427.svg', NULL, 0, '1', NULL, '2019-12-18 10:31:28', '2019-12-18 10:31:28'),
(36, 'Birds', '0.00', 0, 0, '201912181032132253.svg', NULL, 0, '1', NULL, '2019-12-18 10:32:13', '2019-12-18 10:32:13'),
(37, 'Birds', '0.00', 0, 0, '201912181032325982.svg', NULL, 0, '1', NULL, '2019-12-18 10:32:32', '2019-12-18 10:32:32'),
(38, 'Birds', '0.00', 0, 0, '201912181032565852.svg', NULL, 0, '1', NULL, '2019-12-18 10:32:56', '2019-12-18 10:32:56'),
(39, 'Birds', '0.00', 0, 0, '201912181033178991.svg', NULL, 0, '1', NULL, '2019-12-18 10:33:17', '2019-12-18 10:33:17'),
(40, 'Child', '0.00', 0, 0, '20191218124321100.svg', NULL, 0, '1', NULL, '2019-12-18 12:43:21', '2019-12-18 12:43:21'),
(41, 'Baby', '0.00', 0, 0, '20191218124403880.svg', NULL, 0, '1', NULL, '2019-12-18 12:44:03', '2019-12-18 12:44:03'),
(42, 'Baby', '0.00', 0, 0, '201912181244241820.svg', NULL, 0, '1', NULL, '2019-12-18 12:44:24', '2019-12-18 12:44:24'),
(43, 'Badge', '0.00', 0, 0, '20191218124448404.svg', NULL, 0, '1', NULL, '2019-12-18 12:44:48', '2020-01-20 18:42:30'),
(44, 'Badge', '0.00', 0, 0, '201912181245064112.svg', NULL, 0, '1', NULL, '2019-12-18 12:45:06', '2019-12-18 12:45:06'),
(45, 'Badge', '0.00', 0, 0, '201912181246235235.svg', NULL, 1, '1', NULL, '2019-12-18 12:46:23', '2019-12-19 05:38:56'),
(46, 'Badge', '0.00', 0, 0, '201912181246397744.svg', NULL, 0, '1', NULL, '2019-12-18 12:46:39', '2019-12-18 12:46:39'),
(47, 'Badge', '0.00', 0, 0, '201912181246554351.svg', NULL, 0, '1', NULL, '2019-12-18 12:46:55', '2019-12-18 12:46:55'),
(48, 'Charity', '0.00', 0, 0, '201912181247343655.svg', NULL, 0, '1', NULL, '2019-12-18 12:47:34', '2019-12-18 12:47:34'),
(49, 'Charity', '0.00', 0, 0, '201912181247483963.svg', NULL, 0, '1', NULL, '2019-12-18 12:47:48', '2019-12-18 12:47:48'),
(50, 'Charity', '0.00', 0, 0, '201912181248019487.svg', NULL, 0, '1', NULL, '2019-12-18 12:48:01', '2019-12-18 12:48:01'),
(51, 'Comic', '0.00', 0, 0, '201912181248329958.svg', NULL, 0, '1', NULL, '2019-12-18 12:48:32', '2019-12-18 12:48:32'),
(52, 'Comic', '0.00', 0, 0, '201912181248453686.svg', NULL, 0, '1', NULL, '2019-12-18 12:48:45', '2019-12-18 12:48:45'),
(53, 'Comic', '0.00', 0, 0, '201912181248592406.svg', NULL, 0, '1', NULL, '2019-12-18 12:48:59', '2019-12-18 12:48:59'),
(54, 'Comic', '0.00', 0, 0, '20191218124918640.svg', NULL, 0, '1', NULL, '2019-12-18 12:49:18', '2019-12-18 12:49:18'),
(55, 'Comic', '0.00', 0, 0, '201912181249313199.svg', NULL, 0, '1', NULL, '2019-12-18 12:49:31', '2019-12-18 12:49:31'),
(56, 'Comic', '0.00', 0, 0, '201912181249461486.svg', NULL, 1, '1', NULL, '2019-12-18 12:49:46', '2019-12-19 06:08:12'),
(57, 'Comic', '0.00', 0, 0, '201912181250054514.svg', NULL, 0, '1', NULL, '2019-12-18 12:50:05', '2019-12-18 12:50:05'),
(58, 'Comic', '0.00', 0, 0, '201912181250219520.svg', NULL, 0, '1', NULL, '2019-12-18 12:50:21', '2019-12-18 12:50:21'),
(59, 'Country', '0.00', 0, 0, '201912181250545427.svg', NULL, 0, '1', NULL, '2019-12-18 12:50:54', '2019-12-18 12:50:54'),
(60, 'Country', '0.00', 0, 0, '201912181251121703.svg', NULL, 0, '1', NULL, '2019-12-18 12:51:12', '2019-12-18 12:51:12'),
(61, 'Country', '0.00', 0, 0, '201912181251298210.svg', NULL, 0, '1', NULL, '2019-12-18 12:51:29', '2019-12-18 12:51:29'),
(62, 'Country', '0.00', 0, 0, '201912181251458322.svg', NULL, 0, '1', NULL, '2019-12-18 12:51:45', '2019-12-18 12:51:45'),
(63, 'Country', '0.00', 0, 0, '201912181252034287.svg', NULL, 0, '1', NULL, '2019-12-18 12:52:03', '2019-12-18 12:52:03'),
(64, 'Country', '0.00', 0, 0, '201912181252204241.svg', NULL, 0, '1', NULL, '2019-12-18 12:52:20', '2019-12-18 12:52:20'),
(65, 'Country', '0.00', 0, 0, '201912181252382994.svg', NULL, 0, '1', NULL, '2019-12-18 12:52:38', '2019-12-18 12:52:38'),
(66, 'Country', '0.00', 0, 0, '201912181252557158.svg', NULL, 0, '1', NULL, '2019-12-18 12:52:55', '2019-12-18 12:52:55'),
(67, 'Country', '0.00', 0, 0, '201912181253125896.svg', NULL, 0, '1', NULL, '2019-12-18 12:53:12', '2019-12-18 12:53:12'),
(68, 'Country', '0.00', 0, 0, '201912181253364686.svg', NULL, 0, '1', NULL, '2019-12-18 12:53:36', '2019-12-18 12:53:36'),
(69, 'Country', '0.00', 0, 0, '201912181253543240.svg', NULL, 0, '1', NULL, '2019-12-18 12:53:54', '2019-12-18 12:53:54'),
(70, 'Country', '0.00', 0, 0, '201912181254091466.svg', NULL, 0, '1', NULL, '2019-12-18 12:54:09', '2019-12-18 12:54:09'),
(71, 'Country', '0.00', 0, 0, '201912181254518497.svg', NULL, 0, '1', NULL, '2019-12-18 12:54:51', '2019-12-18 12:54:51'),
(72, 'Event', '0.00', 0, 0, '20191218125605634.svg', NULL, 0, '1', NULL, '2019-12-18 12:56:05', '2019-12-18 12:56:05'),
(73, 'Event', '0.00', 0, 0, '201912180106295022.svg', NULL, 0, '1', NULL, '2019-12-18 13:06:29', '2019-12-18 13:06:29'),
(74, 'Event', '0.00', 0, 0, '201912180108176889.svg', NULL, 0, '1', NULL, '2019-12-18 13:08:17', '2019-12-18 13:08:17'),
(75, 'Event', '0.00', 0, 0, '201912180108358036.svg', NULL, 0, '1', NULL, '2019-12-18 13:08:35', '2019-12-18 13:08:35'),
(76, 'Event', '0.00', 0, 0, '201912180108533602.svg', NULL, 0, '1', NULL, '2019-12-18 13:08:53', '2019-12-18 13:08:53'),
(77, 'Event', '0.00', 0, 0, '201912180111513068.svg', NULL, 0, '1', NULL, '2019-12-18 13:11:51', '2019-12-18 13:11:51'),
(78, 'Event', '0.00', 0, 0, '201912180112238610.svg', NULL, 0, '1', NULL, '2019-12-18 13:12:23', '2019-12-18 13:12:23'),
(79, 'Event', '0.00', 0, 0, '201912180112459643.svg', NULL, 0, '1', NULL, '2019-12-18 13:12:45', '2019-12-18 13:12:45'),
(80, 'Event', '0.00', 0, 0, '201912180113021691.svg', NULL, 0, '1', NULL, '2019-12-18 13:13:02', '2019-12-18 13:13:02'),
(81, 'Event', '0.00', 0, 0, '201912180113237266.svg', NULL, 0, '1', NULL, '2019-12-18 13:13:23', '2019-12-18 13:13:23'),
(82, 'Event', '0.00', 0, 0, '201912180113451779.svg', NULL, 0, '1', NULL, '2019-12-18 13:13:45', '2019-12-18 13:13:45'),
(83, 'Event', '0.00', 0, 0, '201912180114013625.svg', NULL, 0, '1', NULL, '2019-12-18 13:14:02', '2019-12-18 13:14:02'),
(84, 'Event', '0.00', 0, 0, '201912180114191877.svg', NULL, 0, '1', NULL, '2019-12-18 13:14:19', '2019-12-18 13:14:19'),
(85, 'Event', '0.00', 0, 0, '201912180114448973.svg', NULL, 0, '1', NULL, '2019-12-18 13:14:44', '2019-12-18 13:14:44'),
(86, 'Event', '0.00', 0, 0, '201912180115026035.svg', NULL, 0, '1', NULL, '2019-12-18 13:15:02', '2019-12-18 13:15:02'),
(87, 'Transport', '0.00', 0, 0, '201912180122067579.svg', NULL, 0, '1', NULL, '2019-12-18 13:22:06', '2019-12-18 13:22:06'),
(89, 'Shape', '0.00', 0, 0, '201912180123006859.svg', NULL, 0, '1', NULL, '2019-12-18 13:23:00', '2019-12-18 13:23:00'),
(90, 'Seasons', '0.00', 0, 0, '201912180123356197.svg', NULL, 0, '1', NULL, '2019-12-18 13:23:35', '2019-12-18 13:23:35'),
(91, 'School', '0.00', 0, 0, '201912180124029302.svg', NULL, 0, '1', NULL, '2019-12-18 13:24:02', '2019-12-18 13:24:02'),
(92, 'Religion', '0.00', 0, 0, '201912180124434109.svg', NULL, 0, '1', NULL, '2019-12-18 13:24:43', '2019-12-18 13:24:43'),
(93, 'Nature', '0.00', 0, 0, '201912180125536808.svg', NULL, 0, '1', NULL, '2019-12-18 13:25:53', '2019-12-18 13:25:53'),
(94, 'Music', '0.00', 0, 0, '201912180126197278.svg', NULL, 0, '1', NULL, '2019-12-18 13:26:19', '2020-01-17 19:00:28'),
(95, 'Military', '0.00', 0, 0, '201912180126413175.svg', NULL, 0, '1', NULL, '2019-12-18 13:26:41', '2019-12-19 06:17:47'),
(97, 'File name', '12.00', 12, 12, '201912230553129911.png', NULL, 1, '1', NULL, '2019-12-23 05:53:12', '2019-12-23 05:53:12'),
(98, 'beach1', '0.00', 0, 0, '201912230556469438.svg', NULL, 1, '1', NULL, '2019-12-23 05:56:46', '2019-12-23 05:56:46'),
(99, 'beach10', '0.00', 0, 0, '201912230556467522.svg', NULL, 1, '1', NULL, '2019-12-23 05:56:46', '2019-12-23 05:56:46'),
(100, 'beach11', '0.00', 0, 0, '201912230556467300.svg', NULL, 1, '1', NULL, '2019-12-23 05:56:46', '2019-12-23 05:56:46'),
(101, 'beach12', '0.00', 0, 0, '201912230556469308.svg', NULL, 1, '1', NULL, '2019-12-23 05:56:46', '2019-12-23 05:56:46'),
(102, 'beach13', '0.00', 0, 0, '201912230556464825.svg', NULL, 1, '1', NULL, '2019-12-23 05:56:46', '2019-12-23 05:56:46'),
(103, 'beach14', '0.00', 0, 0, '201912230556464778.svg', NULL, 1, '1', NULL, '2019-12-23 05:56:46', '2019-12-23 05:56:46'),
(104, 'beach15', '0.00', 0, 0, '201912230556464152.svg', NULL, 1, '1', NULL, '2019-12-23 05:56:46', '2019-12-23 05:56:46'),
(105, 'beach16', '0.00', 0, 0, '20191223055646709.svg', NULL, 1, '1', NULL, '2019-12-23 05:56:46', '2019-12-23 05:56:46'),
(106, 'beach17', '0.00', 0, 0, '201912230556463530.svg', NULL, 1, '1', NULL, '2019-12-23 05:56:46', '2019-12-23 05:56:46'),
(107, 'beach18', '0.00', 0, 0, '201912230556462779.svg', NULL, 1, '1', NULL, '2019-12-23 05:56:46', '2019-12-23 05:56:46'),
(108, 'beach19', '0.00', 0, 0, '201912230556465025.svg', NULL, 1, '1', NULL, '2019-12-23 05:56:46', '2019-12-23 05:56:46'),
(109, 'beach2', '0.00', 0, 0, '201912230556468319.svg', NULL, 1, '1', NULL, '2019-12-23 05:56:46', '2019-12-23 05:56:46'),
(110, 'beach20', '0.00', 0, 0, '20191223055646493.svg', NULL, 1, '1', NULL, '2019-12-23 05:56:46', '2019-12-23 05:56:46'),
(111, 'beach21', '0.00', 0, 0, '201912230556464949.svg', NULL, 1, '1', NULL, '2019-12-23 05:56:46', '2019-12-23 05:56:46'),
(112, 'beach22', '0.00', 0, 0, '201912230556466945.svg', NULL, 1, '1', NULL, '2019-12-23 05:56:46', '2019-12-23 05:56:46'),
(113, 'beach23', '0.00', 0, 0, '201912230556463417.svg', NULL, 1, '1', NULL, '2019-12-23 05:56:46', '2019-12-23 05:56:46'),
(114, 'beach24', '0.00', 0, 0, '201912230556463434.svg', NULL, 1, '1', NULL, '2019-12-23 05:56:46', '2019-12-23 05:56:46'),
(115, 'beach25', '0.00', 0, 0, '201912230556465470.svg', NULL, 1, '1', NULL, '2019-12-23 05:56:46', '2019-12-23 05:56:46'),
(116, 'beach26', '0.00', 0, 0, '201912230556467381.svg', NULL, 1, '1', NULL, '2019-12-23 05:56:46', '2019-12-23 05:56:46'),
(117, 'beach28', '0.00', 0, 0, '201912230556461296.svg', NULL, 1, '1', NULL, '2019-12-23 05:56:46', '2019-12-23 05:56:46'),
(118, 'beach3', '0.00', 0, 0, '201912230556461568.svg', NULL, 1, '1', NULL, '2019-12-23 05:56:46', '2019-12-23 05:56:46'),
(119, 'beach30', '0.00', 0, 0, '201912230556466869.svg', NULL, 1, '1', NULL, '2019-12-23 05:56:46', '2019-12-23 05:56:46'),
(120, 'beach31', '0.00', 0, 0, '201912230556463391.svg', NULL, 1, '1', NULL, '2019-12-23 05:56:46', '2019-12-23 05:56:46'),
(121, 'beach32', '0.00', 0, 0, '201912230556465700.svg', NULL, 1, '1', NULL, '2019-12-23 05:56:46', '2019-12-23 05:56:46'),
(122, 'beach33', '0.00', 0, 0, '201912230556467524.svg', NULL, 1, '1', NULL, '2019-12-23 05:56:47', '2019-12-23 05:56:47'),
(123, 'beach34', '0.00', 0, 0, '201912230556462266.svg', NULL, 1, '1', NULL, '2019-12-23 05:56:47', '2019-12-23 05:56:47'),
(124, 'beach35', '0.00', 0, 0, '201912230556468557.svg', NULL, 1, '1', NULL, '2019-12-23 05:56:47', '2019-12-23 05:56:47'),
(125, 'beach36', '0.00', 0, 0, '20191223055646916.svg', NULL, 1, '1', NULL, '2019-12-23 05:56:47', '2019-12-23 05:56:47'),
(126, 'beach4', '0.00', 0, 0, '201912230556467577.svg', NULL, 1, '1', NULL, '2019-12-23 05:56:47', '2019-12-23 05:56:47'),
(127, 'beach5', '0.00', 0, 0, '201912230556468972.svg', NULL, 1, '1', NULL, '2019-12-23 05:56:47', '2019-12-23 05:56:47'),
(128, 'beach6', '0.00', 0, 0, '201912230556465265.svg', NULL, 1, '1', NULL, '2019-12-23 05:56:47', '2019-12-23 05:56:47'),
(129, 'beach7', '0.00', 0, 0, '201912230556466196.svg', NULL, 1, '1', NULL, '2019-12-23 05:56:47', '2019-12-23 05:56:47'),
(130, 'beach8', '0.00', 0, 0, '201912230556462483.svg', NULL, 1, '1', NULL, '2019-12-23 05:56:47', '2019-12-23 05:56:47'),
(131, 'beach9', '0.00', 0, 0, '201912230556463522.svg', NULL, 1, '1', NULL, '2019-12-23 05:56:47', '2019-12-23 05:56:47'),
(132, 'cloudes1', '0.00', 0, 0, '201912230556461235.svg', NULL, 1, '1', NULL, '2019-12-23 05:56:47', '2019-12-23 05:56:47'),
(133, 'cloudes10', '0.00', 0, 0, '201912230556464643.svg', NULL, 1, '1', NULL, '2019-12-23 05:56:47', '2019-12-23 05:56:47'),
(134, 'cloudes11', '0.00', 0, 0, '201912230556469975.svg', NULL, 1, '1', NULL, '2019-12-23 05:56:47', '2019-12-23 05:56:47'),
(135, 'cloudes12', '0.00', 0, 0, '201912230556465740.svg', NULL, 1, '1', NULL, '2019-12-23 05:56:47', '2019-12-23 05:56:47'),
(136, 'cloudes13', '0.00', 0, 0, '201912230556462440.svg', NULL, 1, '1', NULL, '2019-12-23 05:56:47', '2019-12-23 05:56:47'),
(137, 'cloudes2', '0.00', 0, 0, '201912230556466560.svg', NULL, 1, '1', NULL, '2019-12-23 05:56:47', '2019-12-23 05:56:47'),
(138, 'cloudes3', '0.00', 0, 0, '201912230556462383.svg', NULL, 1, '1', NULL, '2019-12-23 05:56:47', '2019-12-23 05:56:47'),
(139, 'cloudes4', '0.00', 0, 0, '201912230556467534.svg', NULL, 1, '1', NULL, '2019-12-23 05:56:47', '2019-12-23 05:56:47'),
(140, 'cloudes5', '0.00', 0, 0, '201912230556462335.svg', NULL, 1, '1', NULL, '2019-12-23 05:56:47', '2019-12-23 05:56:47'),
(141, 'cloudes6', '0.00', 0, 0, '201912230556461519.svg', NULL, 1, '1', NULL, '2019-12-23 05:56:47', '2019-12-23 05:56:47'),
(142, 'cloudes7', '0.00', 0, 0, '201912230556464256.svg', NULL, 1, '1', NULL, '2019-12-23 05:56:47', '2019-12-23 05:56:47'),
(143, 'cloudes8', '0.00', 0, 0, '201912230556468518.svg', NULL, 1, '1', NULL, '2019-12-23 05:56:47', '2019-12-23 05:56:47'),
(144, 'cloudes9', '0.00', 0, 0, '201912230556463909.svg', NULL, 1, '1', NULL, '2019-12-23 05:56:47', '2019-12-23 05:56:47'),
(145, 'clover', '0.00', 0, 0, '20191223055646133.svg', NULL, 1, '1', NULL, '2019-12-23 05:56:47', '2019-12-23 05:56:47'),
(146, 'clover10', '0.00', 0, 0, '201912230556469414.svg', NULL, 1, '1', NULL, '2019-12-23 05:56:47', '2019-12-23 05:56:47'),
(147, 'clover11', '0.00', 0, 0, '201912230556469386.svg', NULL, 1, '1', NULL, '2019-12-23 05:56:47', '2019-12-23 05:56:47'),
(148, 'clover12', '0.00', 0, 0, '201912230556463495.svg', NULL, 1, '1', NULL, '2019-12-23 05:56:47', '2019-12-23 05:56:47'),
(149, 'clover13', '0.00', 0, 0, '201912230556469369.svg', NULL, 1, '1', NULL, '2019-12-23 05:56:47', '2019-12-23 05:56:47'),
(150, 'clover14', '0.00', 0, 0, '201912230556465977.svg', NULL, 1, '1', NULL, '2019-12-23 05:56:47', '2019-12-23 05:56:47'),
(151, 'clover16', '0.00', 0, 0, '201912230556468842.svg', NULL, 1, '1', NULL, '2019-12-23 05:56:47', '2019-12-23 05:56:47'),
(152, 'clover2', '0.00', 0, 0, '201912230556466515.svg', NULL, 1, '1', NULL, '2019-12-23 05:56:47', '2019-12-23 05:56:47'),
(153, 'clover3', '0.00', 0, 0, '20191223055646741.svg', NULL, 1, '1', NULL, '2019-12-23 05:56:47', '2019-12-23 05:56:47'),
(154, 'clover4', '0.00', 0, 0, '201912230556463219.svg', NULL, 1, '1', NULL, '2019-12-23 05:56:47', '2019-12-23 05:56:47'),
(155, 'clover5', '0.00', 0, 0, '20191223055646633.svg', NULL, 1, '1', NULL, '2019-12-23 05:56:47', '2019-12-23 05:56:47'),
(156, 'clover6', '0.00', 0, 0, '201912230556461316.svg', NULL, 1, '1', NULL, '2019-12-23 05:56:47', '2019-12-23 05:56:47'),
(157, 'clover7', '0.00', 0, 0, '201912230556462901.svg', NULL, 1, '1', NULL, '2019-12-23 05:56:47', '2019-12-23 05:56:47'),
(158, 'clover8', '0.00', 0, 0, '201912230556466904.svg', NULL, 1, '1', NULL, '2019-12-23 05:56:47', '2020-01-17 11:34:48'),
(159, 'clover9', '0.00', 0, 0, '201912230556469823.svg', NULL, 1, '1', NULL, '2019-12-23 05:56:47', '2020-01-19 11:19:36'),
(160, 'daisy', '0.00', 0, 0, '20191223055646585.svg', NULL, 1, '1', NULL, '2019-12-23 05:56:47', '2019-12-23 05:56:47'),
(161, 'daisy10', '0.00', 0, 0, '201912230556464885.svg', NULL, 1, '1', NULL, '2019-12-23 05:56:47', '2019-12-23 05:56:47'),
(162, 'daisy11', '0.00', 0, 0, '201912230556464305.svg', NULL, 1, '1', NULL, '2019-12-23 05:56:47', '2019-12-23 05:56:47'),
(163, 'daisy13', '0.00', 0, 0, '201912230556468432.svg', NULL, 1, '1', NULL, '2019-12-23 05:56:47', '2019-12-23 05:56:47'),
(164, 'daisy2', '0.00', 0, 0, '201912230556467678.svg', NULL, 1, '1', NULL, '2019-12-23 05:56:47', '2019-12-23 05:56:47'),
(165, 'daisy3', '0.00', 0, 0, '201912230556465320.svg', NULL, 1, '1', NULL, '2019-12-23 05:56:47', '2019-12-23 05:56:47'),
(166, 'daisy4', '0.00', 0, 0, '201912230556466816.svg', NULL, 1, '1', NULL, '2019-12-23 05:56:47', '2019-12-23 05:56:47'),
(167, 'daisy5', '0.00', 0, 0, '201912230556465153.svg', NULL, 1, '1', NULL, '2019-12-23 05:56:47', '2019-12-23 05:56:47'),
(168, 'daisy6', '0.00', 0, 0, '201912230556468191.svg', NULL, 1, '1', NULL, '2019-12-23 05:56:47', '2019-12-23 05:56:47'),
(169, 'daisy7', '0.00', 0, 0, '201912230556462457.svg', NULL, 1, '1', NULL, '2019-12-23 05:56:47', '2019-12-23 05:56:47'),
(170, 'daisy8', '0.00', 0, 0, '201912230556462704.svg', NULL, 1, '1', NULL, '2019-12-23 05:56:47', '2019-12-23 05:56:47'),
(171, 'daisy9', '0.00', 0, 0, '201912230556466299.svg', NULL, 1, '1', NULL, '2019-12-23 05:56:47', '2019-12-23 05:56:47'),
(172, 'desert1', '0.00', 0, 0, '201912230556465487.svg', NULL, 1, '1', NULL, '2019-12-23 05:56:47', '2019-12-23 05:56:47'),
(173, 'desert10', '0.00', 0, 0, '201912230556466772.svg', NULL, 1, '1', NULL, '2019-12-23 05:56:47', '2020-01-03 18:44:34'),
(174, 'desert11', '0.00', 0, 0, '201912230556467471.svg', NULL, 1, '1', NULL, '2019-12-23 05:56:47', '2019-12-23 05:56:47'),
(175, 'desert12', '0.00', 0, 0, '201912230556468411.svg', NULL, 1, '1', NULL, '2019-12-23 05:56:47', '2019-12-23 05:56:47'),
(176, 'desert2', '0.00', 0, 0, '20191223055646431.svg', NULL, 1, '1', NULL, '2019-12-23 05:56:47', '2019-12-23 05:56:47'),
(177, 'desert3', '0.00', 0, 0, '201912230556466424.svg', NULL, 1, '1', NULL, '2019-12-23 05:56:47', '2019-12-23 05:56:47'),
(178, 'desert5', '0.00', 0, 0, '201912230556461966.svg', NULL, 1, '1', NULL, '2019-12-23 05:56:47', '2019-12-23 05:56:47'),
(179, 'desert6', '0.00', 0, 0, '201912230556462113.svg', NULL, 1, '1', NULL, '2019-12-23 05:56:47', '2019-12-23 05:56:47'),
(180, 'desert7', '0.00', 0, 0, '201912230556463248.svg', NULL, 1, '1', NULL, '2019-12-23 05:56:47', '2019-12-23 05:56:47'),
(181, 'desert8', '0.00', 0, 0, '20191223055646647.svg', NULL, 1, '1', NULL, '2019-12-23 05:56:47', '2019-12-23 05:56:47'),
(182, 'desert9', '0.00', 0, 0, '201912230556464967.svg', NULL, 1, '1', NULL, '2019-12-23 05:56:47', '2019-12-23 05:56:47'),
(183, 'earth1', '0.00', 0, 0, '20191223055646895.svg', NULL, 1, '1', NULL, '2019-12-23 05:56:47', '2019-12-23 05:56:47'),
(184, 'earth10', '0.00', 0, 0, '201912230556461658.svg', NULL, 1, '1', NULL, '2019-12-23 05:56:47', '2019-12-23 05:56:47'),
(185, 'earth11', '0.00', 0, 0, '201912230556467896.svg', NULL, 1, '1', NULL, '2019-12-23 05:56:47', '2019-12-23 05:56:47'),
(186, 'earth3', '0.00', 0, 0, '201912230556466181.svg', NULL, 1, '1', NULL, '2019-12-23 05:56:47', '2019-12-23 05:56:47'),
(187, 'earth4', '0.00', 0, 0, '201912230556465166.svg', NULL, 1, '1', NULL, '2019-12-23 05:56:47', '2019-12-23 05:56:47'),
(188, 'earth5', '0.00', 0, 0, '201912230556464743.svg', NULL, 1, '1', NULL, '2019-12-23 05:56:47', '2020-01-22 16:15:46'),
(189, 'earth6', '0.00', 0, 0, '201912230556466083.svg', NULL, 1, '1', NULL, '2019-12-23 05:56:47', '2019-12-23 05:56:47'),
(190, 'earth7', '0.00', 0, 0, '201912230556465667.svg', NULL, 1, '1', NULL, '2019-12-23 05:56:47', '2019-12-23 05:56:47'),
(191, 'earth8', '0.00', 0, 0, '201912230556461912.svg', NULL, 1, '1', NULL, '2019-12-23 05:56:47', '2019-12-23 05:56:47'),
(192, 'earth9', '0.00', 0, 0, '201912230556463748.svg', NULL, 1, '1', NULL, '2019-12-23 05:56:48', '2019-12-23 05:56:48'),
(193, 'fire 11', '0.00', 0, 0, '201912230556463224.svg', NULL, 1, '1', NULL, '2019-12-23 05:56:48', '2019-12-23 05:56:48'),
(194, 'fire 12', '0.00', 0, 0, '201912230556461114.svg', NULL, 1, '1', NULL, '2019-12-23 05:56:48', '2019-12-23 05:56:48'),
(195, 'fire 13', '0.00', 0, 0, '201912230556464291.svg', NULL, 1, '1', NULL, '2019-12-23 05:56:48', '2019-12-23 05:56:48'),
(196, 'fire', '0.00', 0, 0, '201912230556469269.svg', NULL, 1, '1', NULL, '2019-12-23 05:56:48', '2019-12-23 05:56:48'),
(197, 'fire10', '0.00', 0, 0, '201912230556464491.svg', NULL, 1, '1', NULL, '2019-12-23 05:56:48', '2019-12-23 05:56:48'),
(198, 'fire2', '0.00', 0, 0, '201912230556467595.svg', NULL, 1, '1', NULL, '2019-12-23 05:56:48', '2019-12-23 05:56:48'),
(199, 'fire4', '0.00', 0, 0, '201912230556465121.svg', NULL, 1, '1', NULL, '2019-12-23 05:56:48', '2019-12-23 05:56:48'),
(200, 'fire5', '0.00', 0, 0, '201912230556461442.svg', NULL, 1, '1', NULL, '2019-12-23 05:56:48', '2019-12-23 05:56:48'),
(201, 'fire6', '0.00', 0, 0, '201912230556463733.svg', NULL, 1, '1', NULL, '2019-12-23 05:56:48', '2019-12-23 05:56:48'),
(202, 'fire7', '0.00', 0, 0, '201912230556467779.svg', NULL, 1, '1', NULL, '2019-12-23 05:56:48', '2019-12-23 05:56:48'),
(203, 'fire8', '0.00', 0, 0, '20191223055646948.svg', NULL, 1, '1', NULL, '2019-12-23 05:56:48', '2019-12-23 05:56:48'),
(204, 'fire9', '0.00', 0, 0, '201912230556464084.svg', NULL, 1, '1', NULL, '2019-12-23 05:56:48', '2019-12-23 05:56:48'),
(205, 'flower10', '0.00', 0, 0, '201912230556465979.svg', NULL, 1, '1', NULL, '2019-12-23 05:56:48', '2019-12-23 05:56:48'),
(206, 'flower12', '0.00', 0, 0, '201912230556468170.svg', NULL, 1, '1', NULL, '2019-12-23 05:56:48', '2019-12-23 05:56:48'),
(207, 'flower13', '0.00', 0, 0, '201912230556462569.svg', NULL, 1, '1', NULL, '2019-12-23 05:56:48', '2019-12-23 05:56:48'),
(208, 'flower2', '0.00', 0, 0, '201912230556468766.svg', NULL, 1, '1', NULL, '2019-12-23 05:56:48', '2019-12-23 05:56:48'),
(209, 'flower3', '0.00', 0, 0, '201912230556469837.svg', NULL, 1, '1', NULL, '2019-12-23 05:56:48', '2019-12-23 05:56:48'),
(210, 'flower4', '0.00', 0, 0, '201912230556469561.svg', NULL, 1, '1', NULL, '2019-12-23 05:56:48', '2019-12-23 05:56:48'),
(211, 'flower5', '0.00', 0, 0, '201912230556468502.svg', NULL, 1, '1', NULL, '2019-12-23 05:56:48', '2020-01-23 18:23:56'),
(212, 'flower6', '0.00', 0, 0, '201912230556469257.svg', NULL, 1, '1', NULL, '2019-12-23 05:56:48', '2019-12-23 05:56:48'),
(214, 'flower9', '0.00', 0, 0, '201912230556465278.svg', NULL, 1, '1', NULL, '2019-12-23 05:56:48', '2019-12-23 05:56:48'),
(215, 'grass1', '0.00', 0, 0, '201912230556467208.svg', NULL, 1, '1', NULL, '2019-12-23 05:56:48', '2019-12-23 05:56:48'),
(216, 'grass10', '0.00', 0, 0, '201912230556462043.svg', NULL, 1, '1', NULL, '2019-12-23 05:56:48', '2019-12-23 05:56:48'),
(217, 'grass2', '0.00', 0, 0, '201912230556468164.svg', NULL, 1, '1', NULL, '2019-12-23 05:56:48', '2019-12-23 05:56:48'),
(218, 'grass3', '0.00', 0, 0, '20191223055646762.svg', NULL, 1, '1', NULL, '2019-12-23 05:56:48', '2019-12-23 05:56:48'),
(219, 'grass4', '0.00', 0, 0, '201912230556461807.svg', NULL, 1, '1', NULL, '2019-12-23 05:56:48', '2019-12-23 05:56:48'),
(220, 'grass5', '0.00', 0, 0, '201912230556466750.svg', NULL, 1, '1', NULL, '2019-12-23 05:56:48', '2019-12-23 05:56:48'),
(221, 'grass6', '0.00', 0, 0, '201912230556463418.svg', NULL, 1, '1', NULL, '2019-12-23 05:56:48', '2019-12-23 05:56:48'),
(222, 'grass7', '0.00', 0, 0, '201912230556466111.svg', NULL, 1, '1', NULL, '2019-12-23 05:56:48', '2019-12-23 05:56:48'),
(223, 'grass8', '0.00', 0, 0, '201912230556467745.svg', NULL, 1, '1', NULL, '2019-12-23 05:56:48', '2019-12-23 05:56:48'),
(224, 'grass9', '0.00', 0, 0, '201912230556462921.svg', NULL, 1, '1', NULL, '2019-12-23 05:56:48', '2019-12-23 05:56:48'),
(225, 'hiking1', '0.00', 0, 0, '201912230556465026.svg', NULL, 1, '1', NULL, '2019-12-23 05:56:48', '2019-12-23 05:56:48'),
(226, 'hiking10', '0.00', 0, 0, '201912230556466051.svg', NULL, 1, '1', NULL, '2019-12-23 05:56:48', '2019-12-23 05:56:48'),
(227, 'hiking2', '0.00', 0, 0, '201912230556462806.svg', NULL, 1, '1', NULL, '2019-12-23 05:56:48', '2019-12-23 05:56:48'),
(228, 'hiking3', '0.00', 0, 0, '20191223055646129.svg', NULL, 1, '1', NULL, '2019-12-23 05:56:48', '2019-12-23 05:56:48'),
(229, 'hiking4', '0.00', 0, 0, '201912230556469548.svg', NULL, 1, '1', NULL, '2019-12-23 05:56:48', '2019-12-23 05:56:48'),
(230, 'hiking5', '0.00', 0, 0, '20191223055646654.svg', NULL, 1, '1', NULL, '2019-12-23 05:56:48', '2019-12-23 05:56:48'),
(231, 'hiking6', '0.00', 0, 0, '201912230556462749.svg', NULL, 1, '1', NULL, '2019-12-23 05:56:48', '2019-12-23 05:56:48'),
(232, 'hiking7', '0.00', 0, 0, '201912230556469494.svg', NULL, 1, '1', NULL, '2019-12-23 05:56:48', '2019-12-23 05:56:48'),
(233, 'hiking8', '0.00', 0, 0, '201912230556465235.svg', NULL, 1, '1', NULL, '2019-12-23 05:56:48', '2019-12-23 05:56:48'),
(234, 'hiking9', '0.00', 0, 0, '201912230556464200.svg', NULL, 1, '1', NULL, '2019-12-23 05:56:48', '2019-12-23 05:56:48'),
(235, 'leaf1', '0.00', 0, 0, '201912230556464859.svg', NULL, 1, '1', NULL, '2019-12-23 05:56:48', '2019-12-23 05:56:48'),
(236, 'leaf10', '0.00', 0, 0, '201912230556465314.svg', NULL, 1, '1', NULL, '2019-12-23 05:56:48', '2019-12-23 05:56:48'),
(237, 'leaf11', '0.00', 0, 0, '201912230556464709.svg', NULL, 1, '1', NULL, '2019-12-23 05:56:48', '2020-01-14 18:06:12'),
(238, 'leaf12', '0.00', 0, 0, '20191223055646670.svg', NULL, 1, '1', NULL, '2019-12-23 05:56:48', '2019-12-23 05:56:48'),
(239, 'leaf13', '0.00', 0, 0, '201912230556462406.svg', NULL, 1, '1', NULL, '2019-12-23 05:56:48', '2019-12-23 05:56:48'),
(240, 'leaf2', '0.00', 0, 0, '201912230556469433.svg', NULL, 1, '1', NULL, '2019-12-23 05:56:48', '2019-12-23 05:56:48'),
(241, 'leaf3', '0.00', 0, 0, '201912230556467394.svg', NULL, 1, '1', NULL, '2019-12-23 05:56:48', '2019-12-23 05:56:48'),
(242, 'leaf4', '0.00', 0, 0, '201912230556464187.svg', NULL, 1, '1', NULL, '2019-12-23 05:56:48', '2019-12-23 05:56:48'),
(243, 'leaf5', '0.00', 0, 0, '201912230556468843.svg', NULL, 1, '1', NULL, '2019-12-23 05:56:48', '2019-12-23 05:56:48'),
(244, 'leaf6', '0.00', 0, 0, '201912230556469093.svg', NULL, 1, '1', NULL, '2019-12-23 05:56:48', '2019-12-23 05:56:48'),
(245, 'leaf7', '0.00', 0, 0, '201912230556461277.svg', NULL, 1, '1', NULL, '2019-12-23 05:56:48', '2019-12-23 05:56:48'),
(246, 'leaf8', '0.00', 0, 0, '201912230556461276.svg', NULL, 1, '1', NULL, '2019-12-23 05:56:48', '2019-12-23 05:56:48'),
(247, 'leaf9', '0.00', 0, 0, '201912230556467240.svg', NULL, 1, '1', NULL, '2019-12-23 05:56:48', '2019-12-23 05:56:48'),
(248, 'ligting1', '0.00', 0, 0, '201912230556468676.svg', NULL, 1, '1', NULL, '2019-12-23 05:56:48', '2019-12-23 05:56:48'),
(249, 'ligting10', '0.00', 0, 0, '201912230556462162.svg', NULL, 1, '1', NULL, '2019-12-23 05:56:48', '2020-01-20 15:57:52'),
(250, 'ligting11', '0.00', 0, 0, '201912230556465035.svg', NULL, 1, '1', NULL, '2019-12-23 05:56:48', '2019-12-23 05:56:48'),
(251, 'ligting2', '0.00', 0, 0, '201912230556466871.svg', NULL, 1, '1', NULL, '2019-12-23 05:56:48', '2019-12-23 05:56:48'),
(252, 'ligting3', '0.00', 0, 0, '201912230556462986.svg', NULL, 1, '1', NULL, '2019-12-23 05:56:48', '2019-12-23 05:56:48'),
(253, 'ligting4', '0.00', 0, 0, '201912230556469746.svg', NULL, 1, '1', NULL, '2019-12-23 05:56:48', '2019-12-23 05:56:48'),
(254, 'ligting5', '0.00', 0, 0, '201912230556468066.svg', NULL, 1, '1', NULL, '2019-12-23 05:56:48', '2019-12-23 05:56:48'),
(273, 'beach1', '0.00', 0, 0, '201912251143523381.svg', NULL, 1, '1', NULL, '2019-12-25 11:43:52', '2019-12-25 11:43:52'),
(274, 'beach10', '0.00', 0, 0, '201912251143526622.svg', NULL, 1, '1', NULL, '2019-12-25 11:43:52', '2019-12-25 11:43:52'),
(275, 'beach11', '0.00', 0, 0, '201912251143525287.svg', NULL, 1, '1', NULL, '2019-12-25 11:43:52', '2019-12-25 11:43:52'),
(276, 'beach12', '0.00', 0, 0, '201912251143528244.svg', NULL, 1, '1', NULL, '2019-12-25 11:43:52', '2019-12-25 11:43:52'),
(277, 'beach13', '0.00', 0, 0, '20191225114352867.svg', NULL, 1, '1', NULL, '2019-12-25 11:43:52', '2019-12-25 11:43:52'),
(278, 'beach14', '0.00', 0, 0, '201912251143523394.svg', NULL, 1, '1', NULL, '2019-12-25 11:43:52', '2019-12-25 11:43:52'),
(279, 'beach15', '0.00', 0, 0, '20191225114352168.svg', NULL, 1, '1', NULL, '2019-12-25 11:43:52', '2019-12-25 11:43:52'),
(280, 'beach16', '0.00', 0, 0, '201912251143523852.svg', NULL, 1, '1', NULL, '2019-12-25 11:43:52', '2019-12-25 11:43:52'),
(281, 'beach17', '0.00', 0, 0, '20191225114352982.svg', NULL, 1, '1', NULL, '2019-12-25 11:43:52', '2019-12-25 11:43:52'),
(282, 'beach18', '0.00', 0, 0, '201912251143526787.svg', NULL, 1, '1', NULL, '2019-12-25 11:43:52', '2019-12-25 11:43:52'),
(283, 'beach19', '0.00', 0, 0, '201912251143526169.svg', NULL, 1, '1', NULL, '2019-12-25 11:43:52', '2019-12-25 11:43:52'),
(284, 'beach2', '0.00', 0, 0, '201912251143522995.svg', NULL, 1, '1', NULL, '2019-12-25 11:43:52', '2019-12-25 11:43:52'),
(285, 'beach20', '0.00', 0, 0, '201912251143521389.svg', NULL, 1, '1', NULL, '2019-12-25 11:43:52', '2020-01-02 17:31:25'),
(286, 'beach21', '0.00', 0, 0, '201912251143526204.svg', NULL, 1, '1', NULL, '2019-12-25 11:43:52', '2019-12-25 11:43:52'),
(287, 'beach22', '0.00', 0, 0, '201912251143527105.svg', NULL, 1, '1', NULL, '2019-12-25 11:43:52', '2019-12-25 11:43:52'),
(288, 'beach23', '0.00', 0, 0, '201912251143527414.svg', NULL, 1, '1', NULL, '2019-12-25 11:43:52', '2019-12-25 11:43:52'),
(289, 'beach24', '0.00', 0, 0, '201912251143528421.svg', NULL, 1, '1', NULL, '2019-12-25 11:43:52', '2019-12-25 11:43:52'),
(290, 'beach25', '0.00', 0, 0, '201912251143526058.svg', NULL, 1, '1', NULL, '2019-12-25 11:43:52', '2019-12-25 11:43:52'),
(291, 'beach26', '0.00', 0, 0, '201912251143528339.svg', NULL, 1, '1', NULL, '2019-12-25 11:43:52', '2019-12-25 11:43:52'),
(292, 'beach28', '0.00', 0, 0, '201912251143528184.svg', NULL, 1, '1', NULL, '2019-12-25 11:43:52', '2019-12-25 11:43:52'),
(293, 'beach3', '0.00', 0, 0, '201912251143528814.svg', NULL, 1, '1', NULL, '2019-12-25 11:43:53', '2019-12-25 11:43:53'),
(294, 'beach30', '0.00', 0, 0, '201912251143528488.svg', NULL, 1, '1', NULL, '2019-12-25 11:43:53', '2019-12-25 11:43:53'),
(295, 'beach31', '0.00', 0, 0, '201912251143529298.svg', NULL, 1, '1', NULL, '2019-12-25 11:43:53', '2019-12-25 11:43:53'),
(296, 'beach32', '0.00', 0, 0, '201912251143527232.svg', NULL, 1, '1', NULL, '2019-12-25 11:43:53', '2019-12-25 11:43:53'),
(297, 'beach33', '0.00', 0, 0, '201912251143521727.svg', NULL, 1, '1', NULL, '2019-12-25 11:43:53', '2019-12-25 11:43:53'),
(298, 'beach34', '0.00', 0, 0, '201912251143527811.svg', NULL, 1, '1', NULL, '2019-12-25 11:43:53', '2019-12-25 11:43:53'),
(299, 'beach35', '0.00', 0, 0, '201912251143521539.svg', NULL, 1, '1', NULL, '2019-12-25 11:43:53', '2019-12-25 11:43:53'),
(300, 'beach36', '0.00', 0, 0, '201912251143522623.svg', NULL, 1, '1', NULL, '2019-12-25 11:43:53', '2019-12-25 11:43:53'),
(301, 'beach4', '0.00', 0, 0, '20191225114352197.svg', NULL, 1, '1', NULL, '2019-12-25 11:43:53', '2019-12-25 11:43:53'),
(302, 'beach5', '0.00', 0, 0, '201912251143522706.svg', NULL, 1, '1', NULL, '2019-12-25 11:43:53', '2019-12-25 11:43:53'),
(303, 'beach6', '0.00', 0, 0, '201912251143528247.svg', NULL, 1, '1', NULL, '2019-12-25 11:43:53', '2019-12-25 11:43:53'),
(304, 'beach7', '0.00', 0, 0, '201912251143524552.svg', NULL, 1, '1', NULL, '2019-12-25 11:43:53', '2019-12-25 11:43:53'),
(305, 'beach8', '0.00', 0, 0, '20191225114352570.svg', NULL, 1, '1', NULL, '2019-12-25 11:43:53', '2019-12-25 11:43:53'),
(306, 'beach9', '0.00', 0, 0, '201912251143525911.svg', NULL, 1, '1', NULL, '2019-12-25 11:43:53', '2019-12-25 11:43:53'),
(307, 'cloudes1', '0.00', 0, 0, '201912251143528051.svg', NULL, 1, '1', NULL, '2019-12-25 11:43:53', '2019-12-25 11:43:53'),
(308, 'cloudes10', '0.00', 0, 0, '201912251143522730.svg', NULL, 1, '1', NULL, '2019-12-25 11:43:53', '2019-12-25 11:43:53'),
(309, 'cloudes11', '0.00', 0, 0, '201912251143526266.svg', NULL, 1, '1', NULL, '2019-12-25 11:43:53', '2020-01-15 18:30:17'),
(310, 'cloudes12', '0.00', 0, 0, '201912251143524945.svg', NULL, 1, '1', NULL, '2019-12-25 11:43:53', '2019-12-25 11:43:53'),
(314, 'cloudes4', '0.00', 0, 0, '201912251143525754.svg', NULL, 1, '1', NULL, '2019-12-25 11:43:53', '2019-12-25 11:43:53'),
(315, 'cloudes5', '0.00', 0, 0, '201912251143521648.svg', NULL, 1, '1', NULL, '2019-12-25 11:43:53', '2019-12-25 11:43:53'),
(316, 'cloudes6', '0.00', 0, 0, '201912251143528806.svg', NULL, 1, '1', NULL, '2019-12-25 11:43:53', '2019-12-25 11:43:53'),
(317, 'cloudes7', '0.00', 0, 0, '201912251143521410.svg', NULL, 1, '1', NULL, '2019-12-25 11:43:53', '2019-12-25 11:43:53'),
(318, 'cloudes8', '0.00', 0, 0, '201912251143526369.svg', NULL, 1, '1', NULL, '2019-12-25 11:43:53', '2019-12-25 11:43:53'),
(319, 'cloudes9', '0.00', 0, 0, '201912251143522215.svg', NULL, 1, '1', NULL, '2019-12-25 11:43:53', '2019-12-25 11:43:53'),
(320, 'clover', '0.00', 0, 0, '202001191109165565.jpg', NULL, 1, '1', NULL, '2019-12-25 11:43:53', '2020-01-19 11:09:16'),
(321, 'clover10', '0.00', 0, 0, '201912251143521554.svg', NULL, 1, '1', NULL, '2019-12-25 11:43:53', '2019-12-25 11:43:53'),
(322, 'clover11', '0.00', 0, 0, '201912251143525616.svg', NULL, 1, '1', NULL, '2019-12-25 11:43:53', '2019-12-25 11:43:53'),
(323, 'clover12', '0.00', 0, 0, '201912251143529134.svg', NULL, 1, '1', NULL, '2019-12-25 11:43:53', '2019-12-25 11:43:53'),
(324, 'clover13', '0.00', 0, 0, '201912251143529616.svg', NULL, 1, '1', NULL, '2019-12-25 11:43:53', '2020-01-03 15:55:08'),
(325, 'clover14', '0.00', 0, 0, '201912251143529622.svg', NULL, 1, '1', NULL, '2019-12-25 11:43:53', '2019-12-25 11:43:53'),
(326, 'clover16', '0.00', 0, 0, '201912251143528319.svg', NULL, 1, '1', NULL, '2019-12-25 11:43:53', '2019-12-25 11:43:53'),
(327, 'clover2', '0.00', 0, 0, '201912251143521242.svg', NULL, 1, '1', NULL, '2019-12-25 11:43:53', '2019-12-25 11:43:53'),
(328, 'clover3', '0.00', 0, 0, '20191225114352933.svg', NULL, 1, '1', NULL, '2019-12-25 11:43:53', '2020-01-19 11:08:14'),
(329, 'clover4', '0.00', 0, 0, '20191225114352938.svg', NULL, 1, '1', NULL, '2019-12-25 11:43:53', '2019-12-25 11:43:53'),
(330, 'clover5', '0.00', 0, 0, '201912251143526651.svg', NULL, 1, '1', NULL, '2019-12-25 11:43:53', '2019-12-25 11:43:53'),
(331, 'clover6', '0.00', 0, 0, '201912251143528300.svg', NULL, 1, '1', NULL, '2019-12-25 11:43:53', '2019-12-25 11:43:53'),
(332, 'clover7', '0.00', 0, 0, '201912251143524562.svg', NULL, 1, '1', NULL, '2019-12-25 11:43:53', '2019-12-25 11:43:53'),
(333, 'clover8', '0.00', 0, 0, '201912251143524009.svg', NULL, 1, '1', NULL, '2019-12-25 11:43:53', '2020-01-19 11:07:56'),
(334, 'clover9', '0.00', 0, 0, '202001191109502582.jpg', NULL, 1, '1', NULL, '2019-12-25 11:43:53', '2020-01-19 11:09:50'),
(335, 'daisy', '0.00', 0, 0, '201912251143526573.svg', NULL, 1, '1', NULL, '2019-12-25 11:43:53', '2019-12-25 11:43:53'),
(336, 'daisy10', '0.00', 0, 0, '201912251143528853.svg', NULL, 1, '1', NULL, '2019-12-25 11:43:53', '2019-12-25 11:43:53'),
(337, 'daisy11', '0.00', 0, 0, '201912251143523804.svg', NULL, 1, '1', NULL, '2019-12-25 11:43:53', '2019-12-25 11:43:53'),
(338, 'daisy13', '0.00', 0, 0, '201912251143521970.svg', NULL, 1, '1', NULL, '2019-12-25 11:43:53', '2019-12-25 11:43:53'),
(339, 'daisy2', '0.00', 0, 0, '20191225114352518.svg', NULL, 1, '1', NULL, '2019-12-25 11:43:53', '2019-12-25 11:43:53'),
(340, 'daisy3', '0.00', 0, 0, '201912251143527674.svg', NULL, 1, '1', NULL, '2019-12-25 11:43:53', '2019-12-25 11:43:53'),
(341, 'daisy4', '0.00', 0, 0, '201912251143526357.svg', NULL, 1, '1', NULL, '2019-12-25 11:43:53', '2020-01-03 18:33:55'),
(342, 'daisy5', '0.00', 0, 0, '201912251143524833.svg', NULL, 1, '1', NULL, '2019-12-25 11:43:53', '2019-12-25 11:43:53'),
(343, 'daisy6', '0.00', 0, 0, '201912251143522472.svg', NULL, 1, '1', NULL, '2019-12-25 11:43:53', '2019-12-25 11:43:53'),
(344, 'daisy7', '0.00', 0, 0, '201912251143529932.svg', NULL, 1, '1', NULL, '2019-12-25 11:43:53', '2019-12-25 11:43:53'),
(345, 'daisy8', '0.00', 0, 0, '201912251143523159.svg', NULL, 1, '1', NULL, '2019-12-25 11:43:53', '2019-12-25 11:43:53'),
(346, 'daisy9', '0.00', 0, 0, '201912251143522366.svg', NULL, 1, '1', NULL, '2019-12-25 11:43:53', '2019-12-25 11:43:53'),
(347, 'desert1', '0.00', 0, 0, '201912251143528835.svg', NULL, 1, '1', NULL, '2019-12-25 11:43:53', '2019-12-25 11:43:53'),
(348, 'desert10', '0.00', 0, 0, '201912251143525905.svg', NULL, 1, '1', NULL, '2019-12-25 11:43:53', '2019-12-25 11:43:53'),
(349, 'desert11', '0.00', 0, 0, '201912251143527846.svg', NULL, 1, '1', NULL, '2019-12-25 11:43:53', '2019-12-25 11:43:53'),
(350, 'desert12', '0.00', 0, 0, '201912251143529245.svg', NULL, 1, '1', NULL, '2019-12-25 11:43:53', '2019-12-25 11:43:53'),
(351, 'desert2', '0.00', 0, 0, '201912251143524645.svg', NULL, 1, '1', NULL, '2019-12-25 11:43:53', '2019-12-25 11:43:53'),
(352, 'desert3', '0.00', 0, 0, '201912251143527391.svg', NULL, 1, '1', NULL, '2019-12-25 11:43:53', '2019-12-25 11:43:53'),
(353, 'desert5', '0.00', 0, 0, '201912251143525573.svg', NULL, 1, '1', NULL, '2019-12-25 11:43:53', '2019-12-25 11:43:53'),
(354, 'desert6', '0.00', 0, 0, '201912251143522624.svg', NULL, 1, '1', NULL, '2019-12-25 11:43:53', '2019-12-25 11:43:53'),
(355, 'desert7', '0.00', 0, 0, '201912251143529239.svg', NULL, 1, '1', NULL, '2019-12-25 11:43:53', '2019-12-25 11:43:53'),
(356, 'desert8', '0.00', 0, 0, '20191225114352188.svg', NULL, 1, '1', NULL, '2019-12-25 11:43:53', '2019-12-25 11:43:53'),
(357, 'desert9', '0.00', 0, 0, '201912251143527685.svg', NULL, 1, '1', NULL, '2019-12-25 11:43:53', '2019-12-25 11:43:53'),
(358, 'earth1', '0.00', 0, 0, '201912251143525300.svg', NULL, 1, '1', NULL, '2019-12-25 11:43:53', '2019-12-25 11:43:53'),
(359, 'earth10', '0.00', 0, 0, '201912251143522674.svg', NULL, 1, '1', NULL, '2019-12-25 11:43:53', '2019-12-25 11:43:53'),
(360, 'earth11', '0.00', 0, 0, '201912251143526836.svg', NULL, 1, '1', NULL, '2019-12-25 11:43:53', '2019-12-25 11:43:53'),
(361, 'earth3', '0.00', 0, 0, '201912251143524867.svg', NULL, 1, '1', NULL, '2019-12-25 11:43:53', '2019-12-25 11:43:53'),
(362, 'earth4', '0.00', 0, 0, '201912251143527166.svg', NULL, 1, '1', NULL, '2019-12-25 11:43:53', '2019-12-25 11:43:53'),
(363, 'earth5', '0.00', 0, 0, '201912251143522849.svg', NULL, 1, '1', NULL, '2019-12-25 11:43:53', '2019-12-25 11:43:53'),
(364, 'earth6', '0.00', 0, 0, '201912251143523892.svg', NULL, 1, '1', NULL, '2019-12-25 11:43:54', '2019-12-25 11:43:54'),
(365, 'earth7', '0.00', 0, 0, '201912251143522375.svg', NULL, 1, '1', NULL, '2019-12-25 11:43:54', '2019-12-25 11:43:54'),
(366, 'earth8', '0.00', 0, 0, '201912251143524418.svg', NULL, 1, '1', NULL, '2019-12-25 11:43:54', '2019-12-25 11:43:54'),
(367, 'earth9', '0.00', 0, 0, '20191225114352907.svg', NULL, 1, '1', NULL, '2019-12-25 11:43:54', '2019-12-25 11:43:54'),
(368, 'fire 11', '0.00', 0, 0, '201912251143521249.svg', NULL, 1, '1', NULL, '2019-12-25 11:43:54', '2019-12-25 11:43:54'),
(369, 'fire 12', '0.00', 0, 0, '201912251143528312.svg', NULL, 1, '1', NULL, '2019-12-25 11:43:54', '2019-12-25 11:43:54'),
(370, 'fire 13', '0.00', 0, 0, '201912251143529213.svg', NULL, 1, '1', NULL, '2019-12-25 11:43:54', '2019-12-25 11:43:54'),
(371, 'fire', '0.00', 0, 0, '201912251143528924.svg', NULL, 1, '1', NULL, '2019-12-25 11:43:54', '2019-12-25 11:43:54'),
(372, 'fire10', '0.00', 0, 0, '201912251143521445.svg', NULL, 1, '1', NULL, '2019-12-25 11:43:54', '2019-12-25 11:43:54'),
(373, 'fire2', '0.00', 0, 0, '20191225114352258.svg', NULL, 1, '1', NULL, '2019-12-25 11:43:54', '2019-12-25 11:43:54'),
(374, 'fire4', '0.00', 0, 0, '201912251143527286.svg', NULL, 1, '1', NULL, '2019-12-25 11:43:54', '2019-12-25 11:43:54'),
(375, 'fire5', '0.00', 0, 0, '201912251143521238.svg', NULL, 1, '1', NULL, '2019-12-25 11:43:54', '2019-12-25 11:43:54'),
(376, 'fire6', '0.00', 0, 0, '201912251143528170.svg', NULL, 1, '1', NULL, '2019-12-25 11:43:54', '2020-01-23 17:22:12'),
(377, 'fire7', '0.00', 0, 0, '201912251143521822.svg', NULL, 1, '1', NULL, '2019-12-25 11:43:54', '2020-01-23 13:35:22'),
(378, 'fire8', '0.00', 0, 0, '201912251143526732.svg', NULL, 1, '1', NULL, '2019-12-25 11:43:54', '2020-01-23 13:35:00'),
(379, 'fire9', '0.00', 0, 0, '201912251143526147.svg', NULL, 1, '1', NULL, '2019-12-25 11:43:54', '2020-01-23 13:35:32'),
(381, 'flower12', '0.00', 0, 0, '201912251143522754.svg', NULL, 1, '1', NULL, '2019-12-25 11:43:54', '2020-01-23 13:35:42'),
(382, 'flower13', '0.00', 0, 0, '201912251143524812.svg', NULL, 1, '1', NULL, '2019-12-25 11:43:54', '2020-02-03 10:50:15'),
(383, 'flower2', '0.00', 0, 0, '201912251143529643.svg', NULL, 1, '1', NULL, '2019-12-25 11:43:54', '2020-01-23 18:35:46'),
(384, 'flower3', '0.00', 0, 0, '201912251143524406.svg', NULL, 1, '1', NULL, '2019-12-25 11:43:54', '2020-01-23 13:36:14'),
(385, 'flower4', '0.00', 0, 0, '201912251143525245.svg', NULL, 1, '1', NULL, '2019-12-25 11:43:54', '2020-01-23 13:36:26'),
(386, 'flower5', '0.00', 0, 0, '201912251143528008.svg', NULL, 1, '1', NULL, '2019-12-25 11:43:54', '2020-01-23 17:22:21'),
(387, 'flower6', '0.00', 0, 0, '201912251143528707.svg', NULL, 1, '1', NULL, '2019-12-25 11:43:54', '2020-01-23 13:37:17'),
(388, 'flower8', '0.00', 0, 0, '201912251143521214.svg', NULL, 1, '1', NULL, '2019-12-25 11:43:54', '2020-01-23 13:37:25'),
(389, 'flower9', '0.00', 0, 0, '201912251143526977.svg', NULL, 1, '1', NULL, '2019-12-25 11:43:54', '2020-01-23 13:37:34'),
(391, 'grass10', '0.00', 0, 0, '201912251143529367.svg', NULL, 1, '1', NULL, '2019-12-25 11:43:54', '2020-01-23 13:37:42'),
(392, 'grass2', '0.00', 0, 0, '201912251143521782.svg', NULL, 1, '1', NULL, '2019-12-25 11:43:54', '2020-01-23 17:22:05'),
(394, 'grass4', '0.00', 0, 0, '201912251143525478.svg', NULL, 1, '1', NULL, '2019-12-25 11:43:54', '2020-01-23 13:37:48'),
(395, 'grass5', '0.00', 0, 0, '201912251143523685.svg', NULL, 1, '1', NULL, '2019-12-25 11:43:54', '2020-01-23 13:38:00'),
(396, 'grass6', '0.00', 0, 0, '201912251143526896.svg', NULL, 1, '1', NULL, '2019-12-25 11:43:54', '2020-01-23 13:38:09'),
(397, 'grass7', '0.00', 0, 0, '201912251143522655.svg', NULL, 1, '1', NULL, '2019-12-25 11:43:54', '2020-01-23 13:38:17'),
(398, 'grass8', '0.00', 0, 0, '201912251143526151.svg', NULL, 1, '1', NULL, '2019-12-25 11:43:54', '2020-01-23 13:38:23'),
(399, 'grass9', '0.00', 0, 0, '201912251143525513.svg', NULL, 1, '1', NULL, '2019-12-25 11:43:54', '2020-01-23 13:39:21'),
(400, 'hiking1', '0.00', 0, 0, '201912251143523289.svg', NULL, 1, '1', NULL, '2019-12-25 11:43:54', '2020-01-23 13:39:45'),
(401, 'hiking10', '0.00', 0, 0, '201912251143528825.svg', NULL, 1, '1', NULL, '2019-12-25 11:43:54', '2020-01-23 13:39:57'),
(402, 'hiking2', '0.00', 0, 0, '201912251143523260.svg', NULL, 1, '1', NULL, '2019-12-25 11:43:54', '2020-01-23 13:40:14'),
(403, 'hiking3', '0.00', 0, 0, '201912251143526669.svg', NULL, 1, '1', NULL, '2019-12-25 11:43:54', '2020-01-23 13:40:24'),
(404, 'hiking4', '0.00', 0, 0, '201912251143524322.svg', NULL, 1, '1', NULL, '2019-12-25 11:43:54', '2020-01-23 13:40:39'),
(405, 'hiking5', '0.00', 0, 0, '201912251143521462.svg', NULL, 1, '1', NULL, '2019-12-25 11:43:54', '2020-01-23 17:21:56'),
(406, 'hiking6', '0.00', 0, 0, '20191225114352984.svg', NULL, 1, '1', NULL, '2019-12-25 11:43:54', '2020-01-23 13:40:59'),
(407, 'hiking7', '0.00', 0, 0, '201912251143521815.svg', NULL, 1, '1', NULL, '2019-12-25 11:43:54', '2020-01-23 13:41:08'),
(408, 'hiking8', '0.00', 0, 0, '201912251143527265.svg', NULL, 1, '1', NULL, '2019-12-25 11:43:54', '2020-01-23 13:41:19'),
(409, 'hiking9', '0.00', 0, 0, '20191225114352450.svg', NULL, 1, '1', NULL, '2019-12-25 11:43:54', '2020-01-23 12:27:43'),
(410, 'leaf1', '0.00', 0, 0, '201912251143522627.svg', NULL, 1, '1', NULL, '2019-12-25 11:43:54', '2020-01-23 12:27:34'),
(411, 'leaf10', '0.00', 0, 0, '201912251143522610.svg', NULL, 1, '1', NULL, '2019-12-25 11:43:54', '2020-01-23 17:23:02'),
(412, 'leaf11', '0.00', 0, 0, '201912251143526837.svg', NULL, 1, '1', NULL, '2019-12-25 11:43:54', '2020-01-23 17:22:54'),
(413, 'leaf12', '0.00', 0, 0, '201912251143524072.svg', NULL, 1, '1', NULL, '2019-12-25 11:43:54', '2020-01-23 17:22:42'),
(417, 'leaf4', '0.00', 0, 0, '201912251143522120.svg', NULL, 1, '1', NULL, '2019-12-25 11:43:54', '2020-01-23 17:22:33'),
(418, 'leaf5', '0.00', 0, 0, '201912251143526003.svg', NULL, 1, '1', NULL, '2019-12-25 11:43:54', '2020-01-23 19:40:14'),
(419, 'leaf6', '0.00', 0, 0, '20191225114352915.svg', NULL, 1, '1', NULL, '2019-12-25 11:43:54', '2020-01-23 17:21:47'),
(420, 'leaf7', '0.00', 0, 0, '201912251143524238.svg', NULL, 1, '1', NULL, '2019-12-25 11:43:54', '2020-01-23 17:17:25'),
(421, 'Leaf8 live', '0.00', 0, 0, '201912251143527826.svg', NULL, 1, '1', NULL, '2019-12-25 11:43:54', '2020-01-23 18:53:41'),
(85263, 'beach1', '0.00', 0, 0, '202001230706462790.svg', 0, 1, '1', NULL, '2020-01-23 19:06:46', '2020-01-23 19:06:46'),
(85264, 'beach10', '0.00', 0, 0, '202001230706467997.svg', 0, 1, '1', NULL, '2020-01-23 19:06:46', '2020-01-23 19:06:46'),
(85265, 'beach11', '0.00', 0, 0, '202001230706467003.svg', 0, 1, '1', NULL, '2020-01-23 19:06:46', '2020-01-23 19:06:46'),
(85266, 'beach12', '0.00', 0, 0, '202001230706468445.svg', 0, 1, '1', NULL, '2020-01-23 19:06:46', '2020-01-23 19:06:46'),
(85267, 'beach13', '0.00', 0, 0, '202001230706462092.svg', 0, 1, '1', NULL, '2020-01-23 19:06:46', '2020-01-23 19:06:46'),
(85268, 'beach14', '0.00', 0, 0, '202001230706468559.svg', 0, 1, '1', NULL, '2020-01-23 19:06:46', '2020-01-23 19:06:46'),
(85269, 'beach15', '0.00', 0, 0, '202001230706469403.svg', 0, 1, '1', NULL, '2020-01-23 19:06:46', '2020-01-23 19:06:46'),
(85270, 'beach16', '0.00', 0, 0, '202001230706465064.svg', 0, 1, '1', NULL, '2020-01-23 19:06:46', '2020-01-23 19:06:46'),
(85271, 'beach17', '0.00', 0, 0, '202001230706469907.svg', 0, 1, '1', NULL, '2020-01-23 19:06:46', '2020-01-23 19:06:46'),
(85272, 'beach18', '0.00', 0, 0, '202001230706466149.svg', 0, 1, '1', NULL, '2020-01-23 19:06:46', '2020-01-23 19:06:46'),
(85273, 'beach19', '0.00', 0, 0, '20200123070646264.svg', 0, 1, '1', NULL, '2020-01-23 19:06:46', '2020-01-23 19:06:46'),
(85274, 'beach2', '0.00', 0, 0, '202001230706466470.svg', 0, 1, '1', NULL, '2020-01-23 19:06:46', '2020-01-23 19:06:46'),
(85275, 'beach20', '0.00', 0, 0, '202001230706469302.svg', 0, 1, '1', NULL, '2020-01-23 19:06:46', '2020-01-23 19:06:46'),
(85276, 'beach21', '0.00', 0, 0, '202001230706467898.svg', 0, 1, '1', NULL, '2020-01-23 19:06:46', '2020-01-23 19:06:46'),
(85277, 'beach22', '0.00', 0, 0, '202001230706462389.svg', 0, 1, '1', NULL, '2020-01-23 19:06:46', '2020-01-23 19:06:46'),
(85278, 'beach23', '0.00', 0, 0, '202001230706464220.svg', 0, 1, '1', NULL, '2020-01-23 19:06:46', '2020-01-23 19:06:46'),
(85279, 'beach24', '0.00', 0, 0, '202001230706468100.svg', 0, 1, '1', NULL, '2020-01-23 19:06:46', '2020-01-23 19:06:46'),
(85280, 'beach25', '0.00', 0, 0, '202001230706463148.svg', 0, 1, '1', NULL, '2020-01-23 19:06:46', '2020-01-23 19:06:46'),
(85281, 'beach26', '0.00', 0, 0, '202001230706463813.svg', 0, 1, '1', NULL, '2020-01-23 19:06:46', '2020-01-23 19:06:46'),
(85282, 'beach28', '0.00', 0, 0, '202001230706468706.svg', 0, 1, '1', NULL, '2020-01-23 19:06:46', '2020-01-23 19:06:46'),
(85283, 'beach3', '0.00', 0, 0, '202001230706461167.svg', 0, 1, '1', NULL, '2020-01-23 19:06:46', '2020-01-23 19:06:46'),
(85284, 'beach30', '0.00', 0, 0, '202001230706468229.svg', 0, 1, '1', NULL, '2020-01-23 19:06:46', '2020-01-23 19:06:46'),
(85285, 'beach31', '0.00', 0, 0, '202001230706464253.svg', 0, 1, '1', NULL, '2020-01-23 19:06:46', '2020-01-23 19:06:46'),
(85286, 'beach32', '0.00', 0, 0, '202001230706463763.svg', 0, 1, '1', NULL, '2020-01-23 19:06:46', '2020-01-23 19:06:46'),
(85287, 'beach33', '0.00', 0, 0, '202001230706467166.svg', 0, 1, '1', NULL, '2020-01-23 19:06:46', '2020-01-23 19:06:46'),
(85288, 'beach34', '0.00', 0, 0, '202001230706463106.svg', 0, 1, '1', NULL, '2020-01-23 19:06:46', '2020-01-23 19:06:46'),
(85289, 'beach35', '0.00', 0, 0, '202001230706464222.svg', 0, 1, '1', NULL, '2020-01-23 19:06:46', '2020-01-23 19:06:46'),
(85290, 'beach36', '0.00', 0, 0, '202001230706461348.svg', 0, 1, '1', NULL, '2020-01-23 19:06:46', '2020-01-23 19:06:46'),
(85291, 'beach4', '0.00', 0, 0, '202001230706468431.svg', 0, 1, '1', NULL, '2020-01-23 19:06:46', '2020-01-23 19:06:46'),
(85292, 'beach5', '0.00', 0, 0, '20200123070646783.svg', 0, 1, '1', NULL, '2020-01-23 19:06:46', '2020-01-23 19:06:46'),
(85293, 'beach6', '0.00', 0, 0, '202001230706461435.svg', 0, 1, '1', NULL, '2020-01-23 19:06:46', '2020-01-23 19:06:46');
INSERT INTO `cliparts` (`xe_id`, `name`, `price`, `width`, `height`, `file_name`, `color_used`, `is_scaling`, `store_id`, `user_id`, `created_at`, `updated_at`) VALUES
(85294, 'beach7', '0.00', 0, 0, '202001230706469640.svg', 0, 1, '1', NULL, '2020-01-23 19:06:46', '2020-01-23 19:06:46'),
(85295, 'beach8', '0.00', 0, 0, '202001230706461707.svg', 0, 1, '1', NULL, '2020-01-23 19:06:47', '2020-01-23 19:06:47'),
(85296, 'beach9', '0.00', 0, 0, '202001230706468456.svg', 0, 1, '1', NULL, '2020-01-23 19:06:47', '2020-01-23 19:06:47'),
(85297, 'cloudes1', '0.00', 0, 0, '202001230706465550.svg', 0, 1, '1', NULL, '2020-01-23 19:06:47', '2020-01-23 19:06:47'),
(85298, 'cloudes10', '0.00', 0, 0, '202001230706461709.svg', 0, 1, '1', NULL, '2020-01-23 19:06:47', '2020-01-23 19:06:47'),
(85299, 'cloudes11', '0.00', 0, 0, '202001230706462937.svg', 0, 1, '1', NULL, '2020-01-23 19:06:47', '2020-01-23 19:06:47'),
(85300, 'cloudes12', '0.00', 0, 0, '202001230706467423.svg', 0, 1, '1', NULL, '2020-01-23 19:06:47', '2020-01-23 19:06:47'),
(85301, 'cloudes13', '0.00', 0, 0, '202001230706463534.svg', 0, 1, '1', NULL, '2020-01-23 19:06:47', '2020-01-23 19:06:47'),
(85302, 'cloudes2', '0.00', 0, 0, '202001230706465972.svg', 0, 1, '1', NULL, '2020-01-23 19:06:47', '2020-01-24 11:25:26'),
(85303, 'cloudes3', '0.00', 0, 0, '202001230706468160.svg', 0, 1, '1', NULL, '2020-01-23 19:06:47', '2020-01-23 19:06:47'),
(85304, 'cloudes4', '0.00', 0, 0, '20200123070646349.svg', 0, 1, '1', NULL, '2020-01-23 19:06:47', '2020-01-23 19:06:47'),
(85305, 'cloudes5', '0.00', 0, 0, '20200123070646310.svg', 0, 1, '1', NULL, '2020-01-23 19:06:47', '2020-01-23 19:06:47'),
(85306, 'cloudes6', '0.00', 0, 0, '202001230706465108.svg', 0, 1, '1', NULL, '2020-01-23 19:06:47', '2020-01-23 19:06:47'),
(85307, 'cloudes7', '0.00', 0, 0, '20200123070646505.svg', 0, 1, '1', NULL, '2020-01-23 19:06:47', '2020-01-23 19:06:47'),
(85308, 'cloudes8', '0.00', 0, 0, '202001230706464189.svg', 0, 1, '1', NULL, '2020-01-23 19:06:47', '2020-01-23 19:06:47'),
(85309, 'cloudes9', '0.00', 0, 0, '202001230706464819.svg', 0, 1, '1', NULL, '2020-01-23 19:06:47', '2020-01-23 19:06:47'),
(85310, 'clover', '0.00', 0, 0, '202001230706464904.svg', 0, 1, '1', NULL, '2020-01-23 19:06:47', '2020-01-23 19:06:47'),
(85311, 'clover10', '0.00', 0, 0, '202001230706466053.svg', 0, 1, '1', NULL, '2020-01-23 19:06:47', '2020-01-23 19:06:47'),
(85312, 'clover11', '0.00', 0, 0, '202001230706468136.svg', 0, 1, '1', NULL, '2020-01-23 19:06:47', '2020-01-23 19:06:47'),
(85313, 'clover12', '0.00', 0, 0, '202001230706463356.svg', 0, 1, '1', NULL, '2020-01-23 19:06:47', '2020-01-23 19:06:47'),
(85314, 'clover13', '0.00', 0, 0, '20200123070646490.svg', 0, 1, '1', NULL, '2020-01-23 19:06:47', '2020-01-23 19:06:47'),
(85315, 'clover14', '0.00', 0, 0, '20200123070646296.svg', 0, 1, '1', NULL, '2020-01-23 19:06:47', '2020-01-23 19:06:47'),
(85316, 'clover16', '0.00', 0, 0, '202001230706461675.svg', 0, 1, '1', NULL, '2020-01-23 19:06:47', '2020-01-23 19:06:47'),
(85317, 'clover2', '0.00', 0, 0, '202001230706464273.svg', 0, 1, '1', NULL, '2020-01-23 19:06:47', '2020-01-23 19:06:47'),
(85318, 'clover3', '0.00', 0, 0, '202001230706465159.svg', 0, 1, '1', NULL, '2020-01-23 19:06:47', '2020-01-23 19:06:47'),
(85319, 'clover4', '0.00', 0, 0, '202001230706461259.svg', 0, 1, '1', NULL, '2020-01-23 19:06:47', '2020-01-23 19:06:47'),
(85320, 'clover5', '0.00', 0, 0, '20200123070646303.svg', 0, 1, '1', NULL, '2020-01-23 19:06:47', '2020-01-23 19:06:47'),
(85321, 'clover6', '0.00', 0, 0, '202001230706463128.svg', 0, 1, '1', NULL, '2020-01-23 19:06:47', '2020-01-23 19:06:47'),
(85322, 'clover7', '0.00', 0, 0, '202001230706462102.svg', 0, 1, '1', NULL, '2020-01-23 19:06:47', '2020-01-23 19:06:47'),
(85323, 'clover8', '0.00', 0, 0, '202001230706463803.svg', 0, 1, '1', NULL, '2020-01-23 19:06:47', '2020-01-23 19:06:47'),
(85324, 'clover9', '0.00', 0, 0, '202001230706469728.svg', 0, 1, '1', NULL, '2020-01-23 19:06:47', '2020-01-23 19:06:47'),
(85325, 'daisy', '0.00', 0, 0, '202001230706467284.svg', 0, 1, '1', NULL, '2020-01-23 19:06:47', '2020-01-23 19:06:47'),
(85326, 'daisy10', '0.00', 0, 0, '202001230706468400.svg', 0, 1, '1', NULL, '2020-01-23 19:06:47', '2020-01-23 19:06:47'),
(85327, 'daisy11', '0.00', 0, 0, '202001230706464346.svg', 0, 1, '1', NULL, '2020-01-23 19:06:47', '2020-01-23 19:06:47'),
(85328, 'daisy13', '0.00', 0, 0, '202001230706469771.svg', 0, 1, '1', NULL, '2020-01-23 19:06:47', '2020-01-23 19:06:47'),
(85329, 'daisy2', '0.00', 0, 0, '202001230706463264.svg', 0, 1, '1', NULL, '2020-01-23 19:06:47', '2020-01-23 19:06:47'),
(85330, 'daisy3', '0.00', 0, 0, '202001230706465888.svg', 0, 1, '1', NULL, '2020-01-23 19:06:47', '2020-01-23 19:06:47'),
(85331, 'daisy4', '0.00', 0, 0, '202001230706469929.svg', 0, 1, '1', NULL, '2020-01-23 19:06:47', '2020-01-23 19:06:47'),
(85332, 'daisy5', '0.00', 0, 0, '202001230706466460.svg', 0, 1, '1', NULL, '2020-01-23 19:06:47', '2020-01-23 19:06:47'),
(85333, 'daisy6', '0.00', 0, 0, '202001230706469787.svg', 0, 1, '1', NULL, '2020-01-23 19:06:47', '2020-01-23 19:06:47'),
(85334, 'daisy7', '0.00', 0, 0, '202001230706465534.svg', 0, 1, '1', NULL, '2020-01-23 19:06:47', '2020-01-23 19:06:47'),
(85335, 'daisy8', '0.00', 0, 0, '202001230706469782.svg', 0, 1, '1', NULL, '2020-01-23 19:06:47', '2020-01-23 19:06:47'),
(85336, 'daisy9', '0.00', 0, 0, '202001230706465747.svg', 0, 1, '1', NULL, '2020-01-23 19:06:47', '2020-01-23 19:06:47'),
(85337, 'desert1', '0.00', 0, 0, '202001230706464739.svg', 0, 1, '1', NULL, '2020-01-23 19:06:47', '2020-01-23 19:06:47'),
(85338, 'desert10', '0.00', 0, 0, '202001230706466410.svg', 0, 1, '1', NULL, '2020-01-23 19:06:47', '2020-01-23 19:06:47'),
(85339, 'desert11', '0.00', 0, 0, '202001230706465817.svg', 0, 1, '1', NULL, '2020-01-23 19:06:47', '2020-01-23 19:06:47'),
(85340, 'desert12', '0.00', 0, 0, '202001230706464487.svg', 0, 1, '1', NULL, '2020-01-23 19:06:47', '2020-01-23 19:06:47'),
(85341, 'desert2', '0.00', 0, 0, '202001230706468518.svg', 0, 1, '1', NULL, '2020-01-23 19:06:47', '2020-01-23 19:06:47'),
(85343, 'desert5', '0.00', 0, 0, '202001230706465891.svg', 0, 1, '1', NULL, '2020-01-23 19:06:47', '2020-01-23 19:06:47'),
(85344, 'desert6', '0.00', 0, 0, '202001230706468885.svg', 0, 1, '1', NULL, '2020-01-23 19:06:48', '2020-01-23 19:06:48'),
(85345, 'desert7', '0.00', 0, 0, '202001230706466513.svg', 0, 1, '1', NULL, '2020-01-23 19:06:48', '2020-01-23 19:06:48'),
(85346, 'desert8', '0.00', 0, 0, '202001230706467597.svg', 0, 1, '1', NULL, '2020-01-23 19:06:48', '2020-01-23 19:06:48'),
(85347, 'desert9', '0.00', 0, 0, '202001230706464655.svg', 0, 1, '1', NULL, '2020-01-23 19:06:48', '2020-01-23 19:06:48'),
(85348, 'earth1', '0.00', 0, 0, '202001230706463905.svg', 0, 1, '1', NULL, '2020-01-23 19:06:48', '2020-01-23 19:06:48'),
(85349, 'earth10', '0.00', 0, 0, '202001230706464003.svg', 0, 1, '1', NULL, '2020-01-23 19:06:48', '2020-01-23 19:06:48'),
(85350, 'earth11', '0.00', 0, 0, '202001230706464957.svg', 0, 1, '1', NULL, '2020-01-23 19:06:48', '2020-01-23 19:06:48'),
(85351, 'earth3', '0.00', 0, 0, '202001230706465806.svg', 0, 1, '1', NULL, '2020-01-23 19:06:48', '2020-01-23 19:06:48'),
(85352, 'earth4', '0.00', 0, 0, '202001230706461807.svg', 0, 1, '1', NULL, '2020-01-23 19:06:48', '2020-01-23 19:06:48'),
(85353, 'earth5', '0.00', 0, 0, '202001230706463046.svg', 0, 1, '1', NULL, '2020-01-23 19:06:48', '2020-01-23 19:06:48'),
(85354, 'earth6', '0.00', 0, 0, '202001230706466710.svg', 0, 1, '1', NULL, '2020-01-23 19:06:48', '2020-01-23 19:06:48'),
(85355, 'earth7', '0.00', 0, 0, '202001230706469252.svg', 0, 1, '1', NULL, '2020-01-23 19:06:48', '2020-01-23 19:06:48'),
(85356, 'earth8', '0.00', 0, 0, '202001230706463494.svg', 0, 1, '1', NULL, '2020-01-23 19:06:48', '2020-01-23 19:06:48'),
(85357, 'earth9', '0.00', 0, 0, '202001230706462701.svg', 0, 1, '1', NULL, '2020-01-23 19:06:48', '2020-01-23 19:06:48'),
(85358, 'fire 11', '0.00', 0, 0, '202001230706465171.svg', 0, 1, '1', NULL, '2020-01-23 19:06:48', '2020-01-23 19:06:48'),
(85359, 'fire 12', '0.00', 0, 0, '202001230706461978.svg', 0, 1, '1', NULL, '2020-01-23 19:06:48', '2020-01-23 19:06:48'),
(85360, 'fire 13', '0.00', 0, 0, '202001230706461921.svg', 0, 1, '1', NULL, '2020-01-23 19:06:48', '2020-01-23 19:06:48'),
(85361, 'fire', '0.00', 0, 0, '202001230706463915.svg', 0, 1, '1', NULL, '2020-01-23 19:06:48', '2020-01-23 19:06:48'),
(85362, 'fire10', '0.00', 0, 0, '202001230706462201.svg', 0, 1, '1', NULL, '2020-01-23 19:06:48', '2020-01-23 19:06:48'),
(85363, 'fire2', '0.00', 0, 0, '20200123070646765.svg', 0, 1, '1', NULL, '2020-01-23 19:06:48', '2020-01-23 19:06:48'),
(85364, 'fire4', '0.00', 0, 0, '202001230706465222.svg', 0, 1, '1', NULL, '2020-01-23 19:06:48', '2020-01-23 19:06:48'),
(85365, 'fire5', '0.00', 0, 0, '202001230706465217.svg', 0, 1, '1', NULL, '2020-01-23 19:06:48', '2020-01-23 19:06:48'),
(85366, 'fire6', '0.00', 0, 0, '202001230706466885.svg', 0, 1, '1', NULL, '2020-01-23 19:06:48', '2020-01-23 19:06:48'),
(85367, 'fire7', '0.00', 0, 0, '202001230706466093.svg', 0, 1, '1', NULL, '2020-01-23 19:06:48', '2020-01-23 19:06:48'),
(85368, 'fire8', '0.00', 0, 0, '20200123070646291.svg', 0, 1, '1', NULL, '2020-01-23 19:06:48', '2020-01-23 19:06:48'),
(85369, 'fire9', '0.00', 0, 0, '20200123070646620.svg', 0, 1, '1', NULL, '2020-01-23 19:06:48', '2020-01-23 19:06:48'),
(85370, 'flower10', '0.00', 0, 0, '202001230706462340.svg', 0, 1, '1', NULL, '2020-01-23 19:06:48', '2020-01-23 19:06:48'),
(85371, 'flower12', '0.00', 0, 0, '202001230706463748.svg', 0, 1, '1', NULL, '2020-01-23 19:06:48', '2020-01-23 19:06:48'),
(85372, 'flower13', '0.00', 0, 0, '20200123070646782.svg', 0, 1, '1', NULL, '2020-01-23 19:06:48', '2020-01-23 19:06:48'),
(85373, 'flower2', '0.00', 0, 0, '202001230706461108.svg', 0, 1, '1', NULL, '2020-01-23 19:06:48', '2020-01-23 19:06:48'),
(85374, 'flower3', '0.00', 0, 0, '202001230706461397.svg', 0, 1, '1', NULL, '2020-01-23 19:06:48', '2020-01-23 19:06:48'),
(85375, 'flower4', '0.00', 0, 0, '202001230706463687.svg', 0, 1, '1', NULL, '2020-01-23 19:06:48', '2020-01-23 19:06:48'),
(85376, 'flower5', '0.00', 0, 0, '202001230706465010.svg', 0, 1, '1', NULL, '2020-01-23 19:06:48', '2020-01-23 19:06:48'),
(85377, 'flower6', '0.00', 0, 0, '202001230706463789.svg', 0, 1, '1', NULL, '2020-01-23 19:06:48', '2020-01-23 19:06:48'),
(85378, 'flower8', '0.00', 0, 0, '202001230706466957.svg', 0, 1, '1', NULL, '2020-01-23 19:06:48', '2020-01-23 19:06:48'),
(85379, 'flower9', '0.00', 0, 0, '202001230706468069.svg', 0, 1, '1', NULL, '2020-01-23 19:06:48', '2020-01-23 19:06:48'),
(85380, 'grass1', '0.00', 0, 0, '202001230706467640.svg', 0, 1, '1', NULL, '2020-01-23 19:06:48', '2020-01-23 19:06:48'),
(85381, 'grass10', '0.00', 0, 0, '20200123070646171.svg', 0, 1, '1', NULL, '2020-01-23 19:06:48', '2020-01-23 19:06:48'),
(85382, 'grass2', '0.00', 0, 0, '202001230706466729.svg', 0, 1, '1', NULL, '2020-01-23 19:06:48', '2020-01-23 19:06:48'),
(85383, 'grass3', '0.00', 0, 0, '202001230706461042.svg', 0, 1, '1', NULL, '2020-01-23 19:06:48', '2020-01-23 19:06:48'),
(85384, 'grass4', '0.00', 0, 0, '202001230706462044.svg', 0, 1, '1', NULL, '2020-01-23 19:06:48', '2020-01-23 19:06:48'),
(85385, 'grass5', '0.00', 0, 0, '202001230706463416.svg', 0, 1, '1', NULL, '2020-01-23 19:06:48', '2020-01-23 19:06:48'),
(85386, 'grass6', '0.00', 0, 0, '202001230706468437.svg', 0, 1, '1', NULL, '2020-01-23 19:06:48', '2020-01-23 19:06:48'),
(85387, 'grass7', '0.00', 0, 0, '202001230706467368.svg', 0, 1, '1', NULL, '2020-01-23 19:06:48', '2020-01-23 19:06:48'),
(85388, 'grass8', '0.00', 0, 0, '202001230706465010.svg', 0, 1, '1', NULL, '2020-01-23 19:06:48', '2020-01-23 19:06:48'),
(85389, 'grass9', '0.00', 0, 0, '202001230706465991.svg', 0, 1, '1', NULL, '2020-01-23 19:06:48', '2020-01-23 19:06:48'),
(85390, 'hiking1', '0.00', 0, 0, '20200123070646109.svg', 0, 1, '1', NULL, '2020-01-23 19:06:48', '2020-01-23 19:06:48'),
(85391, 'hiking10', '0.00', 0, 0, '202001230706464273.svg', 0, 1, '1', NULL, '2020-01-23 19:06:48', '2020-01-23 19:06:48'),
(85392, 'hiking2', '0.00', 0, 0, '202001230706461678.svg', 0, 1, '1', NULL, '2020-01-23 19:06:48', '2020-01-23 19:06:48'),
(85393, 'hiking3', '0.00', 0, 0, '20200123070646393.svg', 0, 1, '1', NULL, '2020-01-23 19:06:48', '2020-01-23 19:06:48'),
(85394, 'hiking4', '0.00', 0, 0, '202001230706465904.svg', 0, 1, '1', NULL, '2020-01-23 19:06:48', '2020-01-23 19:06:48'),
(85395, 'hiking5', '0.00', 0, 0, '202001230706462814.svg', 0, 1, '1', NULL, '2020-01-23 19:06:48', '2020-01-23 19:06:48'),
(85396, 'hiking6', '0.00', 0, 0, '202001230706468809.svg', 0, 1, '1', NULL, '2020-01-23 19:06:48', '2020-01-23 19:06:48'),
(85397, 'hiking7', '0.00', 0, 0, '202001230706461312.svg', 0, 1, '1', NULL, '2020-01-23 19:06:49', '2020-01-23 19:06:49'),
(85398, 'hiking8', '0.00', 0, 0, '20200123070646484.svg', 0, 1, '1', NULL, '2020-01-23 19:06:49', '2020-01-23 19:06:49'),
(85399, 'hiking9', '0.00', 0, 0, '202001230706462021.svg', 0, 1, '1', NULL, '2020-01-23 19:06:49', '2020-01-23 19:06:49'),
(85400, 'leaf1', '0.00', 0, 0, '202001230706469607.svg', 0, 1, '1', NULL, '2020-01-23 19:06:49', '2020-01-23 19:06:49'),
(85401, 'leaf10', '0.00', 0, 0, '202001230706466127.svg', 0, 1, '1', NULL, '2020-01-23 19:06:49', '2020-01-23 19:06:49'),
(85402, 'leaf11', '0.00', 0, 0, '202001230706462433.svg', 0, 1, '1', NULL, '2020-01-23 19:06:49', '2020-01-23 19:06:49'),
(85403, 'leaf12', '0.00', 0, 0, '20200123070646864.svg', 0, 1, '1', NULL, '2020-01-23 19:06:49', '2020-01-23 19:06:49'),
(85404, 'leaf13', '0.00', 0, 0, '202001230706467796.svg', 0, 1, '1', NULL, '2020-01-23 19:06:49', '2020-01-23 19:06:49'),
(85405, 'leaf2', '0.00', 0, 0, '202001230706461797.svg', 0, 1, '1', NULL, '2020-01-23 19:06:49', '2020-01-23 19:06:49'),
(85406, 'leaf3', '0.00', 0, 0, '202001230706469910.svg', 0, 1, '1', NULL, '2020-01-23 19:06:49', '2020-01-23 19:06:49'),
(85407, 'leaf4', '0.00', 0, 0, '202001230706466496.svg', 0, 1, '1', NULL, '2020-01-23 19:06:49', '2020-01-23 19:06:49'),
(85408, 'leaf5', '0.00', 0, 0, '202001230706469099.svg', 0, 1, '1', NULL, '2020-01-23 19:06:49', '2020-01-23 19:06:49'),
(85409, 'leaf6', '0.00', 0, 0, '202001230706467743.svg', 0, 1, '1', NULL, '2020-01-23 19:06:49', '2020-01-23 19:06:49'),
(85410, 'leaf7', '0.00', 0, 0, '202001230706462781.svg', 0, 1, '1', NULL, '2020-01-23 19:06:49', '2020-01-23 19:06:49'),
(85411, 'leaf8', '0.00', 0, 0, '202001230706466662.svg', 0, 1, '1', NULL, '2020-01-23 19:06:49', '2020-01-23 19:06:49'),
(85412, 'leaf9', '0.00', 0, 0, '202001230706461874.svg', 0, 1, '1', NULL, '2020-01-23 19:06:49', '2020-01-23 19:06:49'),
(85413, 'ligting1', '0.00', 0, 0, '202001230706468571.svg', 0, 1, '1', NULL, '2020-01-23 19:06:49', '2020-01-23 19:06:49'),
(85414, 'ligting10', '0.00', 0, 0, '202001230706461215.svg', 0, 1, '1', NULL, '2020-01-23 19:06:49', '2020-01-23 19:06:49'),
(85415, 'ligting11', '0.00', 0, 0, '202001230706466997.svg', 0, 1, '1', NULL, '2020-01-23 19:06:49', '2020-01-23 19:06:49'),
(85416, 'ligting2', '0.00', 0, 0, '202001230706469711.svg', 0, 1, '1', NULL, '2020-01-23 19:06:49', '2020-01-23 19:06:49'),
(85417, 'ligting3', '0.00', 0, 0, '202001230706465813.svg', 0, 1, '1', NULL, '2020-01-23 19:06:49', '2020-01-23 19:06:49'),
(85418, 'ligting4', '0.00', 0, 0, '202001230706469820.svg', 0, 1, '1', NULL, '2020-01-23 19:06:49', '2020-01-23 19:06:49'),
(85419, 'ligting5', '0.00', 0, 0, '202001230706461381.svg', 0, 1, '1', NULL, '2020-01-23 19:06:49', '2020-01-23 19:06:49'),
(85420, 'ligting7', '0.00', 0, 0, '202001230706469162.svg', 0, 1, '1', NULL, '2020-01-23 19:06:49', '2020-01-23 19:06:49'),
(85421, 'ligting8', '0.00', 0, 0, '202001230706465412.svg', 0, 1, '1', NULL, '2020-01-23 19:06:49', '2020-01-23 19:06:49'),
(85422, 'ligting9', '0.00', 0, 0, '202001230706464016.svg', 0, 1, '1', NULL, '2020-01-23 19:06:49', '2020-01-23 19:06:49'),
(85423, 'beach1', '0.00', 0, 0, '202001230708521879.svg', 0, 1, '1', NULL, '2020-01-23 19:08:52', '2020-01-23 19:08:52'),
(85424, 'beach10', '0.00', 0, 0, '202001230708521228.svg', 0, 1, '1', NULL, '2020-01-23 19:08:52', '2020-01-23 19:08:52'),
(85425, 'beach11', '0.00', 0, 0, '202001230708526567.svg', 0, 1, '1', NULL, '2020-01-23 19:08:52', '2020-01-23 19:08:52'),
(85426, 'beach12', '0.00', 0, 0, '202001230708525322.svg', 0, 1, '1', NULL, '2020-01-23 19:08:52', '2020-01-23 19:08:52'),
(85427, 'beach13', '0.00', 0, 0, '202001230708529510.svg', 0, 1, '1', NULL, '2020-01-23 19:08:52', '2020-01-23 19:08:52'),
(85428, 'beach14', '0.00', 0, 0, '202001230708526702.svg', 0, 1, '1', NULL, '2020-01-23 19:08:52', '2020-01-23 19:08:52'),
(85429, 'beach15', '0.00', 0, 0, '202001230708523515.svg', 0, 1, '1', NULL, '2020-01-23 19:08:52', '2020-01-23 19:08:52'),
(85430, 'beach16', '0.00', 0, 0, '202001230708523041.svg', 0, 1, '1', NULL, '2020-01-23 19:08:52', '2020-01-23 19:08:52'),
(85431, 'beach17', '0.00', 0, 0, '202001230708529254.svg', 0, 1, '1', NULL, '2020-01-23 19:08:52', '2020-01-23 19:08:52'),
(85432, 'beach18', '0.00', 0, 0, '202001230708521500.svg', 0, 1, '1', NULL, '2020-01-23 19:08:53', '2020-01-23 19:08:53'),
(85433, 'beach19', '0.00', 0, 0, '202001230708529995.svg', 0, 1, '1', NULL, '2020-01-23 19:08:53', '2020-01-23 19:08:53'),
(85434, 'beach2', '0.00', 0, 0, '202001230708529338.svg', 0, 1, '1', NULL, '2020-01-23 19:08:53', '2020-01-23 19:08:53'),
(85435, 'beach20', '0.00', 0, 0, '202001230708529932.svg', 0, 1, '1', NULL, '2020-01-23 19:08:53', '2020-01-23 19:08:53'),
(85436, 'beach21', '0.00', 0, 0, '20200123070852592.svg', 0, 1, '1', NULL, '2020-01-23 19:08:53', '2020-01-23 19:08:53'),
(85437, 'beach22', '0.00', 0, 0, '202001230708526599.svg', 0, 1, '1', NULL, '2020-01-23 19:08:53', '2020-01-23 19:08:53'),
(85438, 'beach23', '0.00', 0, 0, '20200123070852912.svg', 0, 1, '1', NULL, '2020-01-23 19:08:53', '2020-01-23 19:08:53'),
(85439, 'beach24', '0.00', 0, 0, '202001230708529067.svg', 0, 1, '1', NULL, '2020-01-23 19:08:53', '2020-01-23 19:08:53'),
(85440, 'beach25', '0.00', 0, 0, '202001230708525989.svg', 0, 1, '1', NULL, '2020-01-23 19:08:53', '2020-01-23 19:08:53'),
(85441, 'beach26', '0.00', 0, 0, '202001230708529170.svg', 0, 1, '1', NULL, '2020-01-23 19:08:53', '2020-01-23 19:08:53'),
(85442, 'beach28', '0.00', 0, 0, '20200123070852793.svg', 0, 1, '1', NULL, '2020-01-23 19:08:53', '2020-01-23 19:08:53'),
(85443, 'beach3', '0.00', 0, 0, '202001230708527980.svg', 0, 1, '1', NULL, '2020-01-23 19:08:53', '2020-01-23 19:08:53'),
(85444, 'beach30', '0.00', 0, 0, '20200123070852525.svg', 0, 1, '1', NULL, '2020-01-23 19:08:53', '2020-01-23 19:08:53'),
(85445, 'beach31', '0.00', 0, 0, '202001230708527634.svg', 0, 1, '1', NULL, '2020-01-23 19:08:53', '2020-01-23 19:08:53'),
(85446, 'beach32', '0.00', 0, 0, '202001230708525628.svg', 0, 1, '1', NULL, '2020-01-23 19:08:53', '2020-01-23 19:08:53'),
(85447, 'beach33', '0.00', 0, 0, '202001230708527434.svg', 0, 1, '1', NULL, '2020-01-23 19:08:53', '2020-01-23 19:08:53'),
(85448, 'beach34', '0.00', 0, 0, '202001230708528778.svg', 0, 1, '1', NULL, '2020-01-23 19:08:53', '2020-01-23 19:08:53'),
(85449, 'beach35', '0.00', 0, 0, '202001230708527986.svg', 0, 1, '1', NULL, '2020-01-23 19:08:53', '2020-01-23 19:08:53'),
(85450, 'beach36', '0.00', 0, 0, '202001230708524552.svg', 0, 1, '1', NULL, '2020-01-23 19:08:53', '2020-01-23 19:08:53'),
(85451, 'beach4', '0.00', 0, 0, '202001230708526819.svg', 0, 1, '1', NULL, '2020-01-23 19:08:53', '2020-01-23 19:08:53'),
(85452, 'beach5', '0.00', 0, 0, '202001230708521284.svg', 0, 1, '1', NULL, '2020-01-23 19:08:53', '2020-01-23 19:08:53'),
(85453, 'beach6', '0.00', 0, 0, '202001230708527761.svg', 0, 1, '1', NULL, '2020-01-23 19:08:53', '2020-01-23 19:08:53'),
(85454, 'beach7', '0.00', 0, 0, '202001230708521133.svg', 0, 1, '1', NULL, '2020-01-23 19:08:53', '2020-01-23 19:08:53'),
(85455, 'beach8', '0.00', 0, 0, '202001230708521828.svg', 0, 1, '1', NULL, '2020-01-23 19:08:53', '2020-01-23 19:08:53'),
(85456, 'beach9', '0.00', 0, 0, '202001230708529480.svg', 0, 1, '1', NULL, '2020-01-23 19:08:53', '2020-01-23 19:08:53'),
(85457, 'cloudes1', '0.00', 0, 0, '202001230708524513.svg', 0, 1, '1', NULL, '2020-01-23 19:08:53', '2020-01-23 19:08:53'),
(85458, 'cloudes10', '0.00', 0, 0, '202001230708527565.svg', 0, 1, '1', NULL, '2020-01-23 19:08:53', '2020-01-23 19:08:53'),
(85459, 'cloudes11', '0.00', 0, 0, '202001230708528797.svg', 0, 1, '1', NULL, '2020-01-23 19:08:54', '2020-01-23 19:08:54'),
(85460, 'cloudes12', '0.00', 0, 0, '202001230708526710.svg', 0, 1, '1', NULL, '2020-01-23 19:08:54', '2020-01-23 19:08:54'),
(85461, 'cloudes13', '0.00', 0, 0, '202001230708526010.svg', 0, 1, '1', NULL, '2020-01-23 19:08:54', '2020-01-23 19:08:54'),
(85462, 'cloudes2', '0.00', 0, 0, '202001230708529772.svg', 0, 1, '1', NULL, '2020-01-23 19:08:54', '2020-01-23 19:08:54'),
(85463, 'cloudes3', '0.00', 0, 0, '202001230708526958.svg', 0, 1, '1', NULL, '2020-01-23 19:08:54', '2020-01-23 19:08:54'),
(85464, 'cloudes4', '0.00', 0, 0, '202001230708523746.svg', 0, 1, '1', NULL, '2020-01-23 19:08:54', '2020-01-23 19:08:54'),
(85465, 'cloudes5', '0.00', 0, 0, '202001230708521755.svg', 0, 1, '1', NULL, '2020-01-23 19:08:54', '2020-01-23 19:08:54'),
(85466, 'cloudes6', '0.00', 0, 0, '202001230708526256.svg', 0, 1, '1', NULL, '2020-01-23 19:08:54', '2020-01-23 19:08:54'),
(85467, 'cloudes7', '0.00', 0, 0, '202001230708524147.svg', 0, 1, '1', NULL, '2020-01-23 19:08:54', '2020-01-23 19:08:54'),
(85468, 'cloudes8', '0.00', 0, 0, '202001230708524994.svg', 0, 1, '1', NULL, '2020-01-23 19:08:54', '2020-01-23 19:08:54'),
(85469, 'cloudes9', '0.00', 0, 0, '202001230708522851.svg', 0, 1, '1', NULL, '2020-01-23 19:08:54', '2020-01-23 19:08:54'),
(85470, 'clover', '0.00', 0, 0, '202001230708525503.svg', 0, 1, '1', NULL, '2020-01-23 19:08:54', '2020-01-23 19:08:54'),
(85471, 'clover10', '0.00', 0, 0, '202001230708524109.svg', 0, 1, '1', NULL, '2020-01-23 19:08:54', '2020-01-23 19:08:54'),
(85472, 'clover11', '0.00', 0, 0, '202001230708526347.svg', 0, 1, '1', NULL, '2020-01-23 19:08:54', '2020-01-23 19:08:54'),
(85473, 'clover12', '0.00', 0, 0, '202001230708522680.svg', 0, 1, '1', NULL, '2020-01-23 19:08:54', '2020-01-23 19:08:54'),
(85474, 'clover13', '0.00', 0, 0, '202001230708521344.svg', 0, 1, '1', NULL, '2020-01-23 19:08:54', '2020-01-23 19:08:54'),
(85475, 'clover14', '0.00', 0, 0, '202001230708529204.svg', 0, 1, '1', NULL, '2020-01-23 19:08:54', '2020-01-23 19:08:54'),
(85476, 'clover16', '0.00', 0, 0, '202001230708528434.svg', 0, 1, '1', NULL, '2020-01-23 19:08:54', '2020-01-23 19:08:54'),
(85477, 'clover2', '0.00', 0, 0, '202001230708528118.svg', 0, 1, '1', NULL, '2020-01-23 19:08:54', '2020-01-23 19:08:54'),
(85478, 'clover3', '0.00', 0, 0, '202001230708528549.svg', 0, 1, '1', NULL, '2020-01-23 19:08:54', '2020-01-23 19:08:54'),
(85479, 'clover4', '0.00', 0, 0, '202001230708528626.svg', 0, 1, '1', NULL, '2020-01-23 19:08:54', '2020-01-23 19:08:54'),
(85480, 'clover5', '0.00', 0, 0, '202001230708525759.svg', 0, 1, '1', NULL, '2020-01-23 19:08:54', '2020-01-23 19:08:54'),
(85481, 'clover6', '0.00', 0, 0, '202001230708525860.svg', 0, 1, '1', NULL, '2020-01-23 19:08:54', '2020-01-23 19:08:54'),
(85482, 'clover7', '0.00', 0, 0, '202001230708523715.svg', 0, 1, '1', NULL, '2020-01-23 19:08:54', '2020-01-23 19:08:54'),
(85483, 'clover8', '0.00', 0, 0, '202001230708521364.svg', 0, 1, '1', NULL, '2020-01-23 19:08:54', '2020-01-23 19:08:54'),
(85484, 'clover9', '0.00', 0, 0, '202001230708528238.svg', 0, 1, '1', NULL, '2020-01-23 19:08:54', '2020-01-23 19:08:54'),
(85485, 'daisy', '0.00', 0, 0, '202001230708525542.svg', 0, 1, '1', NULL, '2020-01-23 19:08:54', '2020-01-23 19:08:54'),
(85486, 'daisy10', '0.00', 0, 0, '202001230708525543.svg', 0, 1, '1', NULL, '2020-01-23 19:08:54', '2020-01-23 19:08:54'),
(85487, 'daisy11', '0.00', 0, 0, '20200123070852215.svg', 0, 1, '1', NULL, '2020-01-23 19:08:54', '2020-01-23 19:08:54'),
(85488, 'daisy13', '0.00', 0, 0, '202001230708527788.svg', 0, 1, '1', NULL, '2020-01-23 19:08:54', '2020-01-23 19:08:54'),
(85489, 'daisy2', '0.00', 0, 0, '202001230708521726.svg', 0, 1, '1', NULL, '2020-01-23 19:08:54', '2020-01-23 19:08:54'),
(85490, 'daisy3', '0.00', 0, 0, '202001230708521590.svg', 0, 1, '1', NULL, '2020-01-23 19:08:54', '2020-01-23 19:08:54'),
(85491, 'daisy4', '0.00', 0, 0, '202001230708527456.svg', 0, 1, '1', NULL, '2020-01-23 19:08:54', '2020-01-23 19:08:54'),
(85492, 'daisy5', '0.00', 0, 0, '202001230708523911.svg', 0, 1, '1', NULL, '2020-01-23 19:08:54', '2020-01-23 19:08:54'),
(85493, 'daisy6', '0.00', 0, 0, '20200123070852179.svg', 0, 1, '1', NULL, '2020-01-23 19:08:54', '2020-01-23 19:08:54'),
(85494, 'daisy7', '0.00', 0, 0, '202001230708526057.svg', 0, 1, '1', NULL, '2020-01-23 19:08:54', '2020-01-23 19:08:54'),
(85495, 'daisy8', '0.00', 0, 0, '202001230708526539.svg', 0, 1, '1', NULL, '2020-01-23 19:08:54', '2020-01-23 19:08:54'),
(85496, 'daisy9', '0.00', 0, 0, '202001230708521928.svg', 0, 1, '1', NULL, '2020-01-23 19:08:54', '2020-01-23 19:08:54'),
(85497, 'desert1', '0.00', 0, 0, '202001230708529656.svg', 0, 1, '1', NULL, '2020-01-23 19:08:54', '2020-01-23 19:08:54'),
(85498, 'desert10', '0.00', 0, 0, '202001230708524807.svg', 0, 1, '1', NULL, '2020-01-23 19:08:54', '2020-01-23 19:08:54'),
(85499, 'desert11', '0.00', 0, 0, '202001230708522457.svg', 0, 1, '1', NULL, '2020-01-23 19:08:54', '2020-01-23 19:08:54'),
(85500, 'desert12', '0.00', 0, 0, '202001230708524323.svg', 0, 1, '1', NULL, '2020-01-23 19:08:54', '2020-01-23 19:08:54'),
(85501, 'desert2', '0.00', 0, 0, '202001230708524915.svg', 0, 1, '1', NULL, '2020-01-23 19:08:54', '2020-01-23 19:08:54'),
(85502, 'desert3', '0.00', 0, 0, '202001230708522572.svg', 0, 1, '1', NULL, '2020-01-23 19:08:54', '2020-01-23 19:08:54'),
(85503, 'desert5', '0.00', 0, 0, '202001230708524122.svg', 0, 1, '1', NULL, '2020-01-23 19:08:54', '2020-01-23 19:08:54'),
(85504, 'desert6', '0.00', 0, 0, '202001230708525781.svg', 0, 1, '1', NULL, '2020-01-23 19:08:54', '2020-01-23 19:08:54'),
(85505, 'desert7', '0.00', 0, 0, '202001230708525873.svg', 0, 1, '1', NULL, '2020-01-23 19:08:54', '2020-01-23 19:08:54'),
(85506, 'desert8', '0.00', 0, 0, '20200123070852243.svg', 0, 1, '1', NULL, '2020-01-23 19:08:55', '2020-01-23 19:08:55'),
(85507, 'desert9', '0.00', 0, 0, '202001230708529029.svg', 0, 1, '1', NULL, '2020-01-23 19:08:55', '2020-01-23 19:08:55'),
(85508, 'earth1', '0.00', 0, 0, '202001230708525479.svg', 0, 1, '1', NULL, '2020-01-23 19:08:55', '2020-01-23 19:08:55'),
(85509, 'earth10', '0.00', 0, 0, '202001230708525266.svg', 0, 1, '1', NULL, '2020-01-23 19:08:55', '2020-01-23 19:08:55'),
(85510, 'earth11', '0.00', 0, 0, '202001230708527443.svg', 0, 1, '1', NULL, '2020-01-23 19:08:55', '2020-01-23 19:08:55'),
(85511, 'earth3', '0.00', 0, 0, '202001230708524626.svg', 0, 1, '1', NULL, '2020-01-23 19:08:55', '2020-01-23 19:08:55'),
(85512, 'earth4', '0.00', 0, 0, '202001230708525757.svg', 0, 1, '1', NULL, '2020-01-23 19:08:55', '2020-01-23 19:08:55'),
(85513, 'earth5', '0.00', 0, 0, '202001230708527357.svg', 0, 1, '1', NULL, '2020-01-23 19:08:55', '2020-01-23 19:08:55'),
(85514, 'earth6', '0.00', 0, 0, '202001230708527608.svg', 0, 1, '1', NULL, '2020-01-23 19:08:55', '2020-01-23 19:08:55'),
(85515, 'earth7', '0.00', 0, 0, '202001230708524141.svg', 0, 1, '1', NULL, '2020-01-23 19:08:55', '2020-01-23 19:08:55'),
(85516, 'earth8', '0.00', 0, 0, '202001230708521385.svg', 0, 1, '1', NULL, '2020-01-23 19:08:55', '2020-01-23 19:08:55'),
(85517, 'earth9', '0.00', 0, 0, '202001230708524181.svg', 0, 1, '1', NULL, '2020-01-23 19:08:55', '2020-01-23 19:08:55'),
(85518, 'fire 11', '0.00', 0, 0, '202001230708524280.svg', 0, 1, '1', NULL, '2020-01-23 19:08:55', '2020-01-23 19:08:55'),
(85519, 'fire 12', '0.00', 0, 0, '202001230708524873.svg', 0, 1, '1', NULL, '2020-01-23 19:08:55', '2020-01-23 19:08:55'),
(85520, 'fire 13', '0.00', 0, 0, '202001230708526050.svg', 0, 1, '1', NULL, '2020-01-23 19:08:55', '2020-01-23 19:08:55'),
(85521, 'fire', '0.00', 0, 0, '202001230708522980.svg', 0, 1, '1', NULL, '2020-01-23 19:08:55', '2020-01-23 19:08:55'),
(85522, 'fire10', '0.00', 0, 0, '202001230708521026.svg', 0, 1, '1', NULL, '2020-01-23 19:08:55', '2020-01-23 19:08:55'),
(85523, 'fire2', '0.00', 0, 0, '20200123070852418.svg', 0, 1, '1', NULL, '2020-01-23 19:08:55', '2020-01-23 19:08:55'),
(85524, 'fire4', '0.00', 0, 0, '202001230708523263.svg', 0, 1, '1', NULL, '2020-01-23 19:08:55', '2020-01-23 19:08:55'),
(85525, 'fire5', '0.00', 0, 0, '20200123070852787.svg', 0, 1, '1', NULL, '2020-01-23 19:08:55', '2020-01-23 19:08:55'),
(85526, 'fire6', '0.00', 0, 0, '202001230708528637.svg', 0, 1, '1', NULL, '2020-01-23 19:08:55', '2020-01-23 19:08:55'),
(85527, 'fire7', '0.00', 0, 0, '20200123070852846.svg', 0, 1, '1', NULL, '2020-01-23 19:08:55', '2020-01-23 19:08:55'),
(85528, 'fire8', '0.00', 0, 0, '202001230708527074.svg', 0, 1, '1', NULL, '2020-01-23 19:08:55', '2020-01-23 19:08:55'),
(85529, 'fire9', '0.00', 0, 0, '202001230708528322.svg', 0, 1, '1', NULL, '2020-01-23 19:08:55', '2020-01-23 19:08:55'),
(85530, 'flower10', '0.00', 0, 0, '202001230708522027.svg', 0, 1, '1', NULL, '2020-01-23 19:08:55', '2020-01-23 19:08:55'),
(85531, 'flower12', '0.00', 0, 0, '202001230708526784.svg', 0, 1, '1', NULL, '2020-01-23 19:08:55', '2020-01-23 19:08:55'),
(85532, 'flower13', '0.00', 0, 0, '202001230708526007.svg', 0, 1, '1', NULL, '2020-01-23 19:08:55', '2020-01-23 19:08:55'),
(85533, 'flower2', '0.00', 0, 0, '20200123070852840.svg', 0, 1, '1', NULL, '2020-01-23 19:08:55', '2020-01-23 19:08:55'),
(85534, 'flower3', '0.00', 0, 0, '202001230708521688.svg', 0, 1, '1', NULL, '2020-01-23 19:08:55', '2020-01-23 19:08:55'),
(85535, 'flower4', '0.00', 0, 0, '20200123070852114.svg', 0, 1, '1', NULL, '2020-01-23 19:08:55', '2020-01-23 19:08:55'),
(85536, 'flower5', '0.00', 0, 0, '202001230708529448.svg', 0, 1, '1', NULL, '2020-01-23 19:08:55', '2020-01-23 19:08:55'),
(85537, 'flower6', '0.00', 0, 0, '202001230708529552.svg', 0, 1, '1', NULL, '2020-01-23 19:08:55', '2020-01-23 19:08:55'),
(85538, 'flower8', '0.00', 0, 0, '20200123070852149.svg', 0, 1, '1', NULL, '2020-01-23 19:08:55', '2020-01-23 19:08:55'),
(85539, 'flower9', '0.00', 0, 0, '202001230708528210.svg', 0, 1, '1', NULL, '2020-01-23 19:08:55', '2020-01-23 19:08:55'),
(85540, 'grass1', '0.00', 0, 0, '202001230708525795.svg', 0, 1, '1', NULL, '2020-01-23 19:08:55', '2020-01-23 19:08:55'),
(85541, 'grass10', '0.00', 0, 0, '202001230708528102.svg', 0, 1, '1', NULL, '2020-01-23 19:08:55', '2020-01-23 19:08:55'),
(85542, 'grass2', '0.00', 0, 0, '202001230708528006.svg', 0, 1, '1', NULL, '2020-01-23 19:08:55', '2020-01-23 19:08:55'),
(85543, 'grass3', '0.00', 0, 0, '202001230708528838.svg', 0, 1, '1', NULL, '2020-01-23 19:08:55', '2020-01-24 10:31:10'),
(85544, 'grass4', '0.00', 0, 0, '20200123070852340.svg', 0, 1, '1', NULL, '2020-01-23 19:08:55', '2020-01-24 10:31:46'),
(85545, 'grass5', '0.00', 0, 0, '202001230708523734.svg', 0, 1, '1', NULL, '2020-01-23 19:08:55', '2020-01-24 10:31:57'),
(85546, 'grass6', '0.00', 0, 0, '202001230708525625.svg', 0, 1, '1', NULL, '2020-01-23 19:08:55', '2020-01-24 10:32:05'),
(85547, 'grass7', '0.00', 0, 0, '202001230708524882.svg', 0, 1, '1', NULL, '2020-01-23 19:08:55', '2020-01-24 10:32:17'),
(85548, 'grass8', '0.00', 0, 0, '20200123070852521.svg', 0, 1, '1', NULL, '2020-01-23 19:08:55', '2020-01-24 10:33:27'),
(85549, 'grass9', '0.00', 0, 0, '202001230708529540.svg', 0, 1, '1', NULL, '2020-01-23 19:08:55', '2020-01-24 10:32:53'),
(85550, 'hiking1', '0.00', 0, 0, '20200123070852358.svg', 0, 1, '1', NULL, '2020-01-23 19:08:55', '2020-01-24 10:33:10'),
(85551, 'hiking10', '0.00', 0, 0, '202001230708529679.svg', 0, 1, '1', NULL, '2020-01-23 19:08:55', '2020-01-24 10:33:48'),
(85552, 'hiking2', '0.00', 0, 0, '202001230708523074.svg', 0, 1, '1', NULL, '2020-01-23 19:08:55', '2020-01-24 10:33:40'),
(85553, 'hiking3', '0.00', 0, 0, '202001230708523915.svg', 0, 1, '1', NULL, '2020-01-23 19:08:55', '2020-01-24 10:36:42'),
(85554, 'hiking4', '0.00', 0, 0, '202001230708525724.svg', 0, 1, '1', NULL, '2020-01-23 19:08:55', '2020-01-24 10:36:31'),
(85558, 'hiking8', '0.00', 0, 0, '202001230708521855.svg', 0, 1, '1', NULL, '2020-01-23 19:08:56', '2020-01-24 10:36:06'),
(85559, 'hiking9', '0.00', 0, 0, '202001230708524699.svg', 0, 1, '1', NULL, '2020-01-23 19:08:56', '2020-01-24 10:34:26'),
(85562, 'leaf11', '0.00', 0, 0, '202001230708526421.svg', 0, 1, '1', NULL, '2020-01-23 19:08:56', '2020-01-24 10:32:41'),
(85563, 'leaf12', '0.00', 0, 0, '202001230708529053.svg', 0, 1, '1', NULL, '2020-01-23 19:08:56', '2020-01-24 10:32:32'),
(85564, 'leaf13', '0.00', 0, 0, '202001230708524695.svg', 0, 1, '1', NULL, '2020-01-23 19:08:56', '2020-01-24 10:32:26'),
(85565, 'leaf2', '0.00', 0, 0, '202001230708527896.svg', 0, 1, '1', NULL, '2020-01-23 19:08:56', '2020-01-24 10:30:55'),
(85566, 'leaf3', '0.00', 0, 0, '202001230708525128.svg', 0, 1, '1', NULL, '2020-01-23 19:08:56', '2020-02-03 11:19:03'),
(85567, 'leaf4', '0.00', 0, 0, '202001230708521093.svg', 0, 1, '1', NULL, '2020-01-23 19:08:56', '2020-01-24 10:30:41'),
(85568, 'leaf5', '0.00', 0, 0, '202001230708529067.svg', 0, 1, '1', NULL, '2020-01-23 19:08:56', '2020-01-24 10:30:33'),
(85569, 'leaf6', '0.00', 0, 0, '202001230708528531.svg', 0, 1, '1', NULL, '2020-01-23 19:08:56', '2020-01-24 10:30:20'),
(85570, 'leaf7', '0.00', 0, 0, '202001230708528624.svg', 0, 1, '1', NULL, '2020-01-23 19:08:56', '2020-01-24 10:30:07'),
(85571, 'leaf8', '0.00', 0, 0, '202001230708528196.svg', 0, 1, '1', NULL, '2020-01-23 19:08:56', '2020-01-24 10:29:45'),
(85572, 'leaf9', '0.00', 0, 0, '202001230708523564.svg', 0, 1, '1', NULL, '2020-01-23 19:08:56', '2020-01-24 10:29:39'),
(85573, 'ligting1', '0.00', 0, 0, '202001230708528961.svg', 0, 1, '1', NULL, '2020-01-23 19:08:56', '2020-01-24 10:29:32'),
(85574, 'ligting10', '0.00', 0, 0, '202001230708525306.svg', 0, 1, '1', NULL, '2020-01-23 19:08:56', '2020-01-24 10:29:20'),
(85575, 'ligting11', '0.00', 0, 0, '202001230708529806.svg', 0, 1, '1', NULL, '2020-01-23 19:08:56', '2020-01-24 10:29:04'),
(85576, 'ligting2', '0.00', 0, 0, '202001230708524807.svg', 0, 1, '1', NULL, '2020-01-23 19:08:56', '2020-01-24 10:28:48'),
(85577, 'ligting3', '0.00', 0, 0, '202001230708529558.svg', 0, 1, '1', NULL, '2020-01-23 19:08:56', '2020-01-24 10:28:22'),
(85578, 'ligting4', '0.00', 0, 0, '20200123070852102.svg', 0, 1, '1', NULL, '2020-01-23 19:08:56', '2020-01-24 10:28:10'),
(85579, 'ligting5', '0.00', 0, 0, '202001230708524629.svg', 0, 1, '1', NULL, '2020-01-23 19:08:56', '2020-01-24 10:27:57'),
(85580, 'ligting7', '0.00', 0, 0, '202001230708524911.svg', 0, 1, '1', NULL, '2020-01-23 19:08:56', '2020-01-24 10:27:47');

-- --------------------------------------------------------

--
-- Table structure for table `clipart_category_rel`
--

CREATE TABLE `clipart_category_rel` (
  `clipart_id` bigint(20) DEFAULT NULL,
  `category_id` int(10) DEFAULT NULL
) ENGINE=InnoDB DEFAULT CHARSET=latin1;

--
-- Dumping data for table `clipart_category_rel`
--

INSERT INTO `clipart_category_rel` (`clipart_id`, `category_id`) VALUES
(7, 127),
(7, 128),
(12, 127),
(13, 127),
(14, 128),
(15, 139),
(16, 139),
(17, 139),
(18, 140),
(19, 140),
(20, 140),
(21, 141),
(22, 141),
(23, 141),
(24, 141),
(25, 141),
(26, 142),
(27, 142),
(28, 142),
(29, 142),
(30, 142),
(31, 143),
(32, 143),
(33, 143),
(34, 144),
(35, 144),
(36, 145),
(37, 144),
(38, 145),
(39, 145),
(59, 101),
(59, 102),
(59, 103),
(60, 101),
(60, 102),
(60, 103),
(61, 101),
(61, 102),
(61, 103),
(62, 101),
(62, 102),
(62, 103),
(63, 101),
(63, 102),
(63, 103),
(64, 101),
(64, 102),
(64, 103),
(65, 101),
(65, 102),
(65, 103),
(66, 101),
(66, 102),
(66, 103),
(67, 101),
(67, 102),
(67, 103),
(68, 101),
(68, 102),
(68, 103),
(69, 101),
(69, 102),
(69, 103),
(70, 101),
(70, 102),
(70, 103),
(71, 101),
(71, 102),
(71, 103),
(90, 121),
(258, 313),
(259, 314),
(261, 315),
(260, 319),
(260, 316),
(260, 315),
(260, 317),
(260, 318),
(260, 314),
(260, 313),
(258, 359),
(258, 361),
(262, 359),
(262, 360),
(264, 359),
(264, 360),
(265, 361),
(266, 361),
(267, 359),
(267, 360),
(268, 359),
(268, 360),
(256, 359),
(256, 360),
(256, 361),
(270, 359),
(270, 360),
(272, 359),
(272, 360),
(434, 361),
(432, 359),
(432, 360),
(432, 387),
(432, 121),
(435, 359),
(435, 360),
(435, 387),
(436, 359),
(436, 360),
(436, 387),
(438, 394),
(439, 394),
(440, 394),
(438, 415),
(441, 394),
(441, 411),
(442, 394),
(442, 411),
(442, 121),
(442, 410),
(442, 415),
(442, 418),
(173, 470),
(426, 394),
(426, 411),
(309, 394),
(309, 411),
(158, 359),
(158, 360),
(158, 387),
(424, 890),
(424, 889),
(421, 479),
(411, 890),
(411, 889),
(417, 391),
(410, 497),
(409, 867),
(409, 868),
(409, 869),
(409, 870),
(409, 872),
(409, 873),
(409, 874),
(409, 875),
(409, 876),
(409, 877),
(409, 878),
(408, 867),
(408, 868),
(408, 869),
(408, 870),
(408, 872),
(408, 873),
(408, 874),
(408, 875),
(408, 876),
(408, 877),
(408, 878),
(393, 497),
(378, 497),
(377, 497),
(379, 497),
(381, 497),
(382, 497),
(383, 497),
(384, 867),
(384, 868),
(384, 869),
(384, 870),
(384, 872),
(384, 873),
(384, 874),
(384, 875),
(384, 876),
(384, 877),
(384, 878),
(385, 867),
(385, 868),
(385, 869),
(385, 870),
(385, 872),
(385, 873),
(385, 874),
(385, 875),
(385, 876),
(385, 877),
(385, 878),
(387, 867),
(387, 868),
(387, 869),
(387, 870),
(387, 872),
(387, 873),
(387, 874),
(387, 875),
(387, 876),
(387, 877),
(387, 878),
(388, 121),
(388, 475),
(388, 474),
(388, 477),
(388, 478),
(389, 497),
(391, 867),
(391, 868),
(391, 869),
(391, 870),
(391, 872),
(391, 873),
(391, 874),
(391, 875),
(391, 876),
(391, 877),
(391, 878),
(394, 867),
(394, 868),
(394, 869),
(394, 870),
(394, 872),
(394, 873),
(394, 874),
(394, 875),
(394, 876),
(394, 877),
(394, 878),
(395, 867),
(395, 868),
(395, 869),
(395, 870),
(395, 872),
(395, 873),
(395, 874),
(395, 875),
(395, 876),
(395, 877),
(395, 878),
(396, 867),
(396, 868),
(396, 869),
(396, 870),
(396, 872),
(396, 873),
(396, 874),
(396, 875),
(396, 876),
(396, 877),
(396, 878),
(397, 497),
(398, 867),
(398, 868),
(398, 869),
(398, 870),
(398, 872),
(398, 873),
(398, 874),
(398, 875),
(398, 876),
(398, 877),
(398, 878),
(399, 867),
(399, 868),
(399, 869),
(399, 870),
(399, 872),
(399, 873),
(399, 874),
(399, 875),
(399, 876),
(399, 877),
(399, 878),
(400, 867),
(400, 868),
(400, 869),
(400, 870),
(400, 872),
(400, 873),
(400, 874),
(400, 875),
(400, 876),
(400, 877),
(400, 878),
(401, 867),
(401, 868),
(401, 869),
(401, 870),
(401, 872),
(401, 873),
(401, 874),
(401, 875),
(401, 876),
(401, 877),
(401, 878),
(402, 497),
(403, 497),
(404, 867),
(404, 868),
(404, 869),
(404, 870),
(404, 872),
(404, 873),
(404, 874),
(404, 875),
(404, 876),
(404, 877),
(404, 878),
(405, 890),
(405, 889),
(406, 867),
(406, 868),
(406, 869),
(406, 870),
(406, 872),
(406, 873),
(406, 874),
(406, 875),
(406, 876),
(406, 877),
(406, 878),
(407, 497),
(408, 497),
(422, 391),
(85262, 391),
(85262, 415),
(85262, 479),
(85262, 492),
(85262, 593),
(421, 868),
(421, 869),
(421, 870),
(421, 872),
(421, 873),
(421, 874),
(421, 875),
(421, 876),
(421, 877),
(421, 878),
(420, 391),
(421, 492),
(421, 593),
(421, 415),
(419, 391),
(405, 867),
(405, 868),
(405, 869),
(405, 870),
(405, 872),
(405, 873),
(405, 874),
(405, 875),
(405, 876),
(405, 877),
(405, 878),
(392, 455),
(392, 456),
(392, 457),
(392, 458),
(392, 459),
(392, 460),
(392, 592),
(392, 596),
(376, 867),
(376, 868),
(376, 869),
(376, 870),
(376, 872),
(376, 873),
(376, 874),
(376, 875),
(376, 876),
(376, 877),
(376, 878),
(386, 455),
(386, 456),
(386, 457),
(386, 458),
(386, 459),
(386, 460),
(386, 592),
(386, 596),
(413, 391),
(412, 668),
(412, 669),
(412, 670),
(411, 497),
(211, 896),
(383, 867),
(383, 868),
(383, 869),
(383, 870),
(383, 872),
(383, 873),
(383, 874),
(383, 875),
(383, 876),
(383, 877),
(383, 878),
(85263, 867),
(85264, 867),
(85265, 867),
(85266, 867),
(85267, 867),
(85268, 867),
(85269, 867),
(85270, 867),
(85271, 867),
(85272, 867),
(85273, 867),
(85274, 867),
(85275, 867),
(85276, 867),
(85277, 867),
(85278, 867),
(85279, 867),
(85280, 867),
(85281, 867),
(85282, 867),
(85283, 867),
(85284, 867),
(85285, 867),
(85286, 867),
(85287, 867),
(85288, 867),
(85289, 867),
(85290, 867),
(85291, 867),
(85292, 867),
(85293, 867),
(85294, 867),
(85295, 867),
(85296, 867),
(85297, 868),
(85298, 868),
(85299, 868),
(85300, 868),
(85301, 868),
(85302, 868),
(85303, 868),
(85304, 868),
(85305, 868),
(85306, 868),
(85307, 868),
(85308, 868),
(85309, 868),
(85310, 869),
(85311, 869),
(85312, 869),
(85313, 869),
(85314, 869),
(85315, 869),
(85316, 869),
(85317, 869),
(85318, 869),
(85319, 869),
(85320, 869),
(85321, 869),
(85322, 869),
(85323, 869),
(85324, 869),
(85325, 870),
(85326, 870),
(85327, 870),
(85328, 870),
(85329, 870),
(85330, 870),
(85331, 870),
(85332, 870),
(85333, 870),
(85334, 870),
(85335, 870),
(85336, 870),
(85337, 910),
(85338, 910),
(85339, 910),
(85340, 910),
(85341, 910),
(85342, 910),
(85343, 910),
(85344, 910),
(85345, 910),
(85346, 910),
(85347, 910),
(85348, 872),
(85349, 872),
(85350, 872),
(85351, 872),
(85352, 872),
(85353, 872),
(85354, 872),
(85355, 872),
(85356, 872),
(85357, 872),
(85358, 873),
(85359, 873),
(85360, 873),
(85361, 873),
(85362, 873),
(85363, 873),
(85364, 873),
(85365, 873),
(85366, 873),
(85367, 873),
(85368, 873),
(85369, 873),
(85370, 874),
(85371, 874),
(85372, 874),
(85373, 874),
(85374, 874),
(85375, 874),
(85376, 874),
(85377, 874),
(85378, 874),
(85379, 874),
(85380, 875),
(85381, 875),
(85382, 875),
(85383, 875),
(85384, 875),
(85385, 875),
(85386, 875),
(85387, 875),
(85388, 875),
(85389, 875),
(85390, 876),
(85391, 876),
(85392, 876),
(85393, 876),
(85394, 876),
(85395, 876),
(85396, 876),
(85397, 876),
(85398, 876),
(85399, 876),
(85400, 877),
(85401, 877),
(85402, 877),
(85403, 877),
(85404, 877),
(85405, 877),
(85406, 877),
(85407, 877),
(85408, 877),
(85409, 877),
(85410, 877),
(85411, 877),
(85412, 877),
(85413, 878),
(85414, 878),
(85415, 878),
(85416, 878),
(85417, 878),
(85418, 878),
(85419, 878),
(85420, 878),
(85421, 878),
(85422, 878),
(85423, 867),
(85424, 867),
(85425, 867),
(85426, 867),
(85427, 867),
(85428, 867),
(85429, 867),
(85430, 867),
(85431, 867),
(85432, 867),
(85433, 867),
(85434, 867),
(85435, 867),
(85436, 867),
(85437, 867),
(85438, 867),
(85439, 867),
(85440, 867),
(85441, 867),
(85442, 867),
(85443, 867),
(85444, 867),
(85445, 867),
(85446, 867),
(85447, 867),
(85448, 867),
(85449, 867),
(85450, 867),
(85451, 867),
(85452, 867),
(85453, 867),
(85454, 867),
(85455, 867),
(85456, 867),
(85457, 868),
(85458, 868),
(85459, 868),
(85460, 868),
(85461, 868),
(85462, 868),
(85463, 868),
(85464, 868),
(85465, 868),
(85466, 868),
(85467, 868),
(85468, 868),
(85469, 868),
(85470, 869),
(85471, 869),
(85472, 869),
(85473, 869),
(85474, 869),
(85475, 869),
(85476, 869),
(85477, 869),
(85478, 869),
(85479, 869),
(85480, 869),
(85481, 869),
(85482, 869),
(85483, 869),
(85484, 869),
(85485, 870),
(85486, 870),
(85487, 870),
(85488, 870),
(85489, 870),
(85490, 870),
(85491, 870),
(85492, 870),
(85493, 870),
(85494, 870),
(85495, 870),
(85496, 870),
(85497, 910),
(85498, 910),
(85499, 910),
(85500, 910),
(85501, 910),
(85502, 910),
(85503, 910),
(85504, 910),
(85505, 910),
(85506, 910),
(85507, 910),
(85508, 872),
(85509, 872),
(85510, 872),
(85511, 872),
(85512, 872),
(85513, 872),
(85514, 872),
(85515, 872),
(85516, 872),
(85517, 872),
(85518, 873),
(85519, 873),
(85520, 873),
(85521, 873),
(85522, 873),
(85523, 873),
(85524, 873),
(85525, 873),
(85526, 873),
(85527, 873),
(85528, 873),
(85529, 873),
(85530, 874),
(85531, 874),
(85532, 874),
(85533, 874),
(85534, 874),
(85535, 874),
(85536, 874),
(85537, 874),
(85538, 874),
(85539, 874),
(85540, 875),
(85541, 875),
(85542, 875),
(85543, 875),
(85544, 875),
(85545, 875),
(85546, 875),
(85547, 875),
(85548, 875),
(85549, 875),
(85550, 876),
(85551, 876),
(85552, 876),
(85553, 876),
(85554, 876),
(85555, 876),
(85556, 876),
(85557, 876),
(85558, 876),
(85559, 876),
(85560, 877),
(85561, 877),
(85562, 877),
(85563, 877),
(85564, 877),
(85565, 877),
(85566, 877),
(85567, 877),
(85568, 877),
(85569, 877),
(85570, 877),
(85571, 877),
(85572, 877),
(85573, 878),
(85574, 878),
(85575, 878),
(85576, 878),
(85577, 878),
(85578, 878),
(85579, 878),
(85580, 878),
(85581, 878),
(85582, 878),
(418, 415),
(418, 418),
(418, 479),
(418, 492),
(418, 593),
(418, 391),
(418, 893),
(418, 895),
(418, 896),
(418, 458),
(418, 459),
(418, 460),
(85581, 415),
(85581, 418),
(85581, 479),
(85581, 492),
(85581, 593),
(85580, 668),
(85580, 669),
(85580, 670),
(85580, 121),
(85580, 475),
(85580, 474),
(85580, 477),
(85580, 478),
(85579, 497),
(85578, 497),
(85577, 497),
(85576, 415),
(85576, 418),
(85576, 479),
(85576, 492),
(85576, 593),
(85576, 497),
(85575, 391),
(85574, 497),
(85573, 497),
(85572, 497),
(85571, 497),
(85570, 497),
(85569, 497),
(85568, 497),
(85567, 497),
(85566, 497),
(85565, 497),
(85565, 121),
(85565, 475),
(85565, 474),
(85565, 477),
(85565, 478),
(85543, 497),
(85544, 497),
(85545, 497),
(85546, 497),
(85547, 391),
(85564, 497),
(85563, 497),
(85562, 391),
(85549, 391),
(85550, 455),
(85550, 456),
(85550, 457),
(85550, 458),
(85550, 459),
(85550, 460),
(85550, 592),
(85550, 596),
(85550, 497),
(85548, 391),
(85552, 391),
(85561, 911),
(85560, 911),
(85559, 497),
(85558, 497),
(85557, 911),
(85556, 911),
(85555, 911),
(85554, 497),
(85553, 497),
(85302, 668),
(85302, 669),
(85302, 670),
(85302, 893),
(85302, 895),
(85302, 896),
(85342, 898),
(85342, 911),
(85583, 391),
(85582, 923),
(85581, 923),
(382, 913),
(382, 914),
(382, 915),
(382, 916);

-- --------------------------------------------------------

--
-- Table structure for table `clipart_tags`
--

CREATE TABLE `clipart_tags` (
  `xe_id` int(10) NOT NULL,
  `name` varchar(50) DEFAULT NULL,
  `created_at` datetime DEFAULT CURRENT_TIMESTAMP,
  `updated_at` datetime DEFAULT NULL
) ENGINE=InnoDB DEFAULT CHARSET=latin1;

--
-- Dumping data for table `clipart_tags`
--

INSERT INTO `clipart_tags` (`xe_id`, `name`, `created_at`, `updated_at`) VALUES
(6, 'test', '2019-12-17 15:29:38', '2019-12-17 15:29:38'),
(7, 'test1', '2019-12-18 05:00:45', '2019-12-18 05:00:45'),
(8, 'American', '2019-12-18 09:55:56', '2019-12-18 09:55:56'),
(9, 'Alligators', '2019-12-18 10:20:11', '2019-12-18 10:20:11'),
(10, 'Apes', '2019-12-18 10:21:23', '2019-12-18 10:21:23'),
(11, 'Bat', '2019-12-18 10:22:58', '2019-12-18 10:22:58'),
(12, 'Bear', '2019-12-18 10:27:47', '2019-12-18 10:27:47'),
(13, 'Beavers', '2019-12-18 10:29:45', '2019-12-18 10:29:45'),
(14, 'Bees', '2019-12-18 10:31:02', '2019-12-18 10:31:02'),
(15, 'Birds', '2019-12-18 10:32:13', '2019-12-18 10:32:13'),
(16, 'Baby', '2019-12-18 12:43:21', '2019-12-18 12:43:21'),
(17, 'Badge', '2019-12-18 12:44:48', '2019-12-18 12:44:48'),
(18, 'Badge.', '2019-12-18 12:45:06', '2019-12-18 12:45:06'),
(19, 'Charity', '2019-12-18 12:47:34', '2019-12-18 12:47:34'),
(20, 'Comic', '2019-12-18 12:48:32', '2019-12-18 12:48:32'),
(21, 'Country', '2019-12-18 12:50:54', '2019-12-18 12:50:54'),
(22, 'Event', '2019-12-18 12:56:05', '2019-12-18 12:56:05'),
(23, 'Transport', '2019-12-18 13:22:06', '2019-12-18 13:22:06'),
(24, 'Sports', '2019-12-18 13:22:34', '2019-12-18 13:22:34'),
(25, 'Shape', '2019-12-18 13:23:00', '2019-12-18 13:23:00'),
(26, 'Seasons', '2019-12-18 13:23:35', '2019-12-18 13:23:35'),
(27, 'School', '2019-12-18 13:24:02', '2019-12-18 13:24:02'),
(28, 'Religion', '2019-12-18 13:24:43', '2019-12-18 13:24:43'),
(29, 'Nature', '2019-12-18 13:25:53', '2019-12-18 13:25:53'),
(30, 'Music', '2019-12-18 13:26:19', '2019-12-18 13:26:19'),
(31, 'Military', '2019-12-18 13:26:41', '2019-12-18 13:26:41'),
(32, 'mascot', '2019-12-18 13:27:00', '2019-12-18 13:27:00'),
(33, 'New', '2019-12-23 05:53:12', '2019-12-23 05:53:12'),
(34, 'beach', '2019-12-23 05:56:46', '2019-12-23 05:56:46'),
(35, 'cloudes', '2019-12-23 05:56:47', '2019-12-23 05:56:47'),
(36, 'clover', '2019-12-23 05:56:47', '2019-12-23 05:56:47'),
(37, 'daisy', '2019-12-23 05:56:47', '2019-12-23 05:56:47'),
(38, 'desert', '2019-12-23 05:56:47', '2019-12-23 05:56:47'),
(39, 'earth', '2019-12-23 05:56:47', '2019-12-23 05:56:47'),
(40, 'fire', '2019-12-23 05:56:48', '2019-12-23 05:56:48'),
(41, 'flower', '2019-12-23 05:56:48', '2019-12-23 05:56:48'),
(42, 'grass', '2019-12-23 05:56:48', '2019-12-23 05:56:48'),
(43, 'hiking', '2019-12-23 05:56:48', '2019-12-23 05:56:48'),
(44, 'leaf', '2019-12-23 05:56:48', '2019-12-23 05:56:48'),
(45, 'lightning', '2019-12-23 05:56:48', '2019-12-23 05:56:48'),
(46, 'books', '2019-12-23 13:23:34', '2019-12-23 13:23:34'),
(47, 'book1', '2019-12-23 13:24:35', '2019-12-23 13:24:35'),
(48, 'book2', '2019-12-23 13:24:35', '2019-12-23 13:24:35'),
(49, 'book3', '2019-12-23 13:24:35', '2019-12-23 13:24:35'),
(50, 'book4', '2019-12-23 13:24:35', '2019-12-23 13:24:35'),
(51, 'book5', '2019-12-23 13:24:35', '2019-12-23 13:24:35'),
(52, 'book6', '2019-12-23 13:24:35', '2019-12-23 13:24:35'),
(53, 'book7', '2019-12-23 13:24:35', '2019-12-23 13:24:35'),
(54, 'book8', '2019-12-23 13:24:35', '2019-12-23 13:24:35'),
(55, 'book9', '2019-12-23 13:24:35', '2019-12-23 13:24:35'),
(56, 'book10', '2019-12-23 13:24:35', '2019-12-23 13:24:35'),
(57, 'book11', '2019-12-23 13:24:35', '2019-12-23 13:24:35'),
(58, 'book12', '2019-12-23 13:24:35', '2019-12-23 13:24:35'),
(59, 'book13', '2019-12-23 13:24:35', '2019-12-23 13:24:35'),
(60, 'book14', '2019-12-23 13:24:35', '2019-12-23 13:24:35'),
(61, 'tGS', '2019-12-25 05:13:54', '2019-12-25 05:13:54'),
(62, 'tag1', '2019-12-26 03:27:19', '2019-12-26 03:27:19'),
(63, 'Height', '2019-12-28 11:08:10', '2019-12-28 11:08:10'),
(64, 'nature1', '2019-12-28 13:24:16', '2019-12-28 13:24:16'),
(65, 'nature2', '2019-12-28 13:25:39', '2019-12-28 13:25:39'),
(66, 'Hello', '2019-12-30 15:32:10', '2019-12-30 15:32:10'),
(67, 'Done', '2019-12-30 15:32:10', '2019-12-30 15:32:10'),
(68, 'paw1', '2020-01-02 17:16:58', '2020-01-02 17:16:58'),
(69, 'paw2', '2020-01-02 17:16:58', '2020-01-02 17:16:58'),
(70, 'paw3', '2020-01-02 17:16:58', '2020-01-02 17:16:58'),
(71, 'paw4', '2020-01-02 17:16:58', '2020-01-02 17:16:58'),
(72, 'paw5', '2020-01-02 17:16:58', '2020-01-02 17:16:58'),
(73, 'paw6', '2020-01-02 17:16:58', '2020-01-02 17:16:58'),
(74, 'paw7', '2020-01-02 17:16:58', '2020-01-02 17:16:58'),
(75, 'paw8', '2020-01-02 17:16:58', '2020-01-02 17:16:58'),
(76, 'paw9', '2020-01-02 17:16:58', '2020-01-02 17:16:58'),
(77, 'paw10', '2020-01-02 17:16:58', '2020-01-02 17:16:58'),
(78, 'paw11', '2020-01-02 17:16:58', '2020-01-02 17:16:58'),
(79, 'paw12', '2020-01-02 17:16:58', '2020-01-02 17:16:58'),
(80, 'paw13', '2020-01-02 17:16:58', '2020-01-02 17:16:58'),
(81, 'math1', '2020-01-02 17:29:39', '2020-01-02 17:29:39'),
(82, 'math2', '2020-01-02 17:29:39', '2020-01-02 17:29:39'),
(83, 'math3', '2020-01-02 17:29:39', '2020-01-02 17:29:39'),
(84, 'math4', '2020-01-02 17:29:39', '2020-01-02 17:29:39'),
(85, 'math5', '2020-01-02 17:29:39', '2020-01-02 17:29:39'),
(86, 'black and white', '2020-01-02 17:30:04', '2020-01-02 17:30:04'),
(87, 'footwear', '2020-01-02 17:31:25', '2020-01-02 17:31:25'),
(88, 'red-color', '2020-01-03 18:33:55', '2020-01-03 18:33:55'),
(89, 'Tasg', '2020-01-03 18:56:08', '2020-01-03 18:56:08'),
(90, 'summer', '2020-01-06 11:38:26', '2020-01-06 11:38:26'),
(91, 'winter', '2020-01-06 11:38:26', '2020-01-06 11:38:26'),
(92, 'rain', '2020-01-06 11:38:26', '2020-01-06 11:38:26'),
(93, 'brazil', '2020-01-06 13:16:36', '2020-01-06 13:16:36'),
(94, 'colombia', '2020-01-06 13:16:36', '2020-01-06 13:16:36'),
(95, 'chile', '2020-01-06 13:16:36', '2020-01-06 13:16:36'),
(96, 'argentina', '2020-01-06 13:16:36', '2020-01-06 13:16:36'),
(97, 'Tasgf', '2020-01-06 13:33:56', '2020-01-06 13:33:56'),
(98, 'Monkey', '2020-01-06 14:41:37', '2020-01-06 14:41:37'),
(99, '1111', '2020-01-06 19:42:23', '2020-01-06 19:42:23'),
(100, 'Demo app', '2020-01-06 19:42:57', '2020-01-06 19:42:57'),
(101, '111', '2020-01-06 19:49:26', '2020-01-06 19:49:26'),
(102, 'test123', '2020-01-08 07:40:26', '2020-01-08 07:40:26'),
(103, '123', '2020-01-08 07:40:26', '2020-01-08 07:40:26'),
(104, 'love', '2020-01-08 13:09:23', '2020-01-08 13:09:23'),
(105, 'trophy', '2020-01-08 16:14:14', '2020-01-08 16:14:14'),
(106, 'winner', '2020-01-08 16:14:14', '2020-01-08 16:14:14'),
(107, 'mom', '2020-01-08 16:18:08', '2020-01-08 16:18:08'),
(108, 'thanks', '2020-01-08 16:18:08', '2020-01-08 16:18:08'),
(109, 'heart', '2020-01-08 16:18:08', '2020-01-08 16:18:08'),
(110, 'animal', '2020-01-13 18:56:07', '2020-01-13 18:56:07'),
(111, 'love\'s', '2020-01-14 12:54:32', '2020-01-14 12:54:32'),
(112, 'Pen', '2020-01-20 15:51:30', '2020-01-20 15:51:30'),
(113, '999999', '2020-01-20 18:42:30', '2020-01-20 18:42:30'),
(114, '12345', '2020-01-21 10:21:35', '2020-01-21 10:21:35'),
(115, '23456', '2020-01-21 10:23:30', '2020-01-21 10:23:30'),
(116, '12', '2020-01-21 14:12:21', '2020-01-21 14:12:21'),
(117, 'tag789', '2020-01-22 12:49:33', '2020-01-22 12:49:33'),
(118, 'tag989', '2020-01-22 12:49:33', '2020-01-22 12:49:33'),
(119, 'inkxe', '2020-01-22 12:57:44', '2020-01-22 12:57:44'),
(120, 'men', '2020-01-22 12:57:44', '2020-01-22 12:57:44'),
(121, 'shirt', '2020-01-22 12:57:44', '2020-01-22 12:57:44');

-- --------------------------------------------------------

--
-- Table structure for table `clipart_tag_rel`
--

CREATE TABLE `clipart_tag_rel` (
  `clipart_id` bigint(20) DEFAULT NULL,
  `tag_id` int(10) DEFAULT NULL
) ENGINE=InnoDB DEFAULT CHARSET=latin1;

--
-- Dumping data for table `clipart_tag_rel`
--

INSERT INTO `clipart_tag_rel` (`clipart_id`, `tag_id`) VALUES
(5, 6),
(6, 7),
(7, 8),
(8, 8),
(9, 8),
(10, 8),
(11, 8),
(12, 8),
(13, 8),
(14, 8),
(15, 9),
(16, 9),
(17, 9),
(18, 10),
(19, 10),
(20, 10),
(21, 11),
(22, 11),
(23, 11),
(24, 11),
(25, 11),
(26, 12),
(27, 12),
(28, 12),
(29, 12),
(30, 12),
(31, 13),
(32, 13),
(33, 13),
(34, 14),
(35, 14),
(36, 15),
(37, 15),
(38, 15),
(39, 15),
(40, 16),
(41, 16),
(42, 16),
(43, 17),
(44, 18),
(45, 17),
(46, 17),
(47, 17),
(48, 19),
(49, 19),
(50, 19),
(51, 20),
(52, 20),
(53, 20),
(54, 20),
(55, 20),
(56, 20),
(57, 20),
(58, 20),
(59, 21),
(60, 21),
(61, 21),
(62, 21),
(63, 21),
(64, 21),
(65, 21),
(66, 21),
(67, 21),
(68, 21),
(69, 21),
(70, 21),
(71, 21),
(72, 22),
(73, 22),
(74, 22),
(75, 22),
(76, 22),
(77, 22),
(78, 22),
(79, 22),
(80, 22),
(81, 22),
(82, 22),
(83, 22),
(84, 22),
(85, 22),
(86, 22),
(87, 23),
(88, 24),
(89, 25),
(90, 26),
(91, 27),
(92, 28),
(93, 29),
(94, 30),
(95, 31),
(96, 32),
(97, 33),
(98, 29),
(98, 34),
(99, 29),
(99, 34),
(100, 29),
(100, 34),
(101, 29),
(101, 34),
(102, 29),
(102, 34),
(103, 29),
(103, 34),
(104, 29),
(104, 34),
(105, 29),
(105, 34),
(106, 29),
(106, 34),
(107, 29),
(107, 34),
(108, 29),
(108, 34),
(109, 29),
(109, 34),
(110, 29),
(110, 34),
(111, 29),
(111, 34),
(112, 29),
(112, 34),
(113, 29),
(113, 34),
(114, 29),
(114, 34),
(115, 29),
(115, 34),
(116, 29),
(116, 34),
(117, 29),
(117, 34),
(118, 29),
(118, 34),
(119, 29),
(119, 34),
(120, 29),
(120, 34),
(121, 29),
(121, 34),
(122, 29),
(122, 34),
(123, 29),
(123, 34),
(124, 29),
(124, 34),
(125, 29),
(125, 34),
(126, 29),
(126, 34),
(127, 29),
(127, 34),
(128, 29),
(128, 34),
(129, 29),
(129, 34),
(130, 29),
(130, 34),
(131, 29),
(131, 34),
(132, 29),
(132, 35),
(133, 29),
(133, 35),
(134, 29),
(134, 35),
(135, 29),
(135, 35),
(136, 29),
(136, 35),
(137, 29),
(137, 35),
(138, 29),
(138, 35),
(139, 29),
(139, 35),
(140, 29),
(140, 35),
(141, 29),
(141, 35),
(142, 29),
(142, 35),
(143, 29),
(143, 35),
(144, 29),
(144, 35),
(145, 29),
(145, 36),
(146, 29),
(146, 36),
(147, 29),
(147, 36),
(148, 29),
(148, 36),
(149, 29),
(149, 36),
(150, 29),
(150, 36),
(151, 29),
(151, 36),
(152, 29),
(152, 36),
(153, 29),
(153, 36),
(154, 29),
(154, 36),
(155, 29),
(155, 36),
(156, 29),
(156, 36),
(157, 29),
(157, 36),
(158, 29),
(158, 36),
(159, 29),
(159, 36),
(160, 29),
(160, 37),
(161, 29),
(161, 37),
(162, 29),
(162, 37),
(163, 29),
(163, 37),
(164, 29),
(164, 37),
(165, 29),
(165, 37),
(166, 29),
(166, 37),
(167, 29),
(167, 37),
(168, 29),
(168, 37),
(169, 29),
(169, 37),
(170, 29),
(170, 37),
(171, 29),
(171, 37),
(172, 29),
(172, 38),
(173, 29),
(173, 38),
(174, 29),
(174, 38),
(175, 29),
(175, 38),
(176, 29),
(176, 38),
(177, 29),
(177, 38),
(178, 29),
(178, 38),
(179, 29),
(179, 38),
(180, 29),
(180, 38),
(181, 29),
(181, 38),
(182, 29),
(182, 38),
(183, 29),
(183, 39),
(184, 29),
(184, 39),
(185, 29),
(185, 39),
(186, 29),
(186, 39),
(187, 29),
(187, 39),
(188, 29),
(188, 39),
(189, 29),
(189, 39),
(190, 29),
(190, 39),
(191, 29),
(191, 39),
(192, 29),
(192, 39),
(193, 29),
(193, 40),
(194, 29),
(194, 40),
(195, 29),
(195, 40),
(196, 29),
(196, 40),
(197, 29),
(197, 40),
(198, 29),
(198, 40),
(199, 29),
(199, 40),
(200, 29),
(200, 40),
(201, 29),
(201, 40),
(202, 29),
(202, 40),
(203, 29),
(203, 40),
(204, 29),
(204, 40),
(205, 29),
(205, 41),
(206, 29),
(206, 41),
(207, 29),
(207, 41),
(208, 29),
(208, 41),
(209, 29),
(209, 41),
(210, 29),
(210, 41),
(211, 29),
(211, 41),
(212, 29),
(212, 41),
(213, 29),
(213, 41),
(214, 29),
(214, 41),
(215, 29),
(215, 42),
(216, 29),
(216, 42),
(217, 29),
(217, 42),
(218, 29),
(218, 42),
(219, 29),
(219, 42),
(220, 29),
(220, 42),
(221, 29),
(221, 42),
(222, 29),
(222, 42),
(223, 29),
(223, 42),
(224, 29),
(224, 42),
(225, 29),
(225, 43),
(226, 29),
(226, 43),
(227, 29),
(227, 43),
(228, 29),
(228, 43),
(229, 29),
(229, 43),
(230, 29),
(230, 43),
(231, 29),
(231, 43),
(232, 29),
(232, 43),
(233, 29),
(233, 43),
(234, 29),
(234, 43),
(235, 29),
(235, 44),
(236, 29),
(236, 44),
(237, 29),
(238, 29),
(238, 44),
(239, 29),
(239, 44),
(240, 29),
(240, 44),
(241, 29),
(241, 44),
(242, 29),
(242, 44),
(243, 29),
(243, 44),
(244, 29),
(244, 44),
(245, 29),
(245, 44),
(246, 29),
(246, 44),
(247, 29),
(247, 44),
(248, 29),
(248, 45),
(249, 29),
(250, 29),
(250, 45),
(251, 29),
(251, 45),
(252, 29),
(252, 45),
(253, 29),
(253, 45),
(254, 29),
(254, 45),
(255, 29),
(255, 45),
(260, 27),
(260, 47),
(260, 48),
(260, 49),
(260, 50),
(260, 51),
(260, 52),
(260, 53),
(260, 54),
(260, 55),
(260, 56),
(260, 57),
(260, 58),
(260, 59),
(260, 60),
(262, 33),
(263, 61),
(264, 33),
(266, 33),
(273, 29),
(273, 34),
(274, 29),
(274, 34),
(275, 29),
(275, 34),
(276, 29),
(276, 34),
(277, 29),
(277, 34),
(278, 29),
(278, 34),
(279, 29),
(279, 34),
(280, 29),
(280, 34),
(281, 29),
(281, 34),
(282, 29),
(282, 34),
(283, 29),
(283, 34),
(284, 29),
(284, 34),
(285, 29),
(285, 34),
(286, 29),
(286, 34),
(287, 29),
(287, 34),
(288, 29),
(288, 34),
(289, 29),
(289, 34),
(290, 29),
(290, 34),
(291, 29),
(291, 34),
(292, 29),
(292, 34),
(293, 29),
(293, 34),
(294, 29),
(294, 34),
(295, 29),
(295, 34),
(296, 29),
(296, 34),
(297, 29),
(297, 34),
(298, 29),
(298, 34),
(299, 29),
(299, 34),
(300, 29),
(300, 34),
(301, 29),
(301, 34),
(302, 29),
(302, 34),
(303, 29),
(303, 34),
(304, 29),
(304, 34),
(305, 29),
(305, 34),
(306, 29),
(306, 34),
(307, 29),
(307, 35),
(308, 29),
(308, 35),
(309, 29),
(309, 35),
(310, 29),
(310, 35),
(311, 29),
(311, 35),
(312, 29),
(312, 35),
(313, 29),
(313, 35),
(314, 29),
(314, 35),
(315, 29),
(315, 35),
(316, 29),
(316, 35),
(317, 29),
(317, 35),
(318, 29),
(318, 35),
(319, 29),
(319, 35),
(320, 29),
(320, 36),
(321, 29),
(321, 36),
(322, 29),
(322, 36),
(323, 29),
(323, 36),
(324, 29),
(324, 36),
(325, 29),
(325, 36),
(326, 29),
(326, 36),
(327, 29),
(327, 36),
(328, 29),
(328, 36),
(329, 29),
(329, 36),
(330, 29),
(330, 36),
(331, 29),
(331, 36),
(332, 29),
(332, 36),
(333, 29),
(333, 36),
(334, 29),
(334, 36),
(335, 29),
(335, 37),
(336, 29),
(336, 37),
(337, 29),
(337, 37),
(338, 29),
(338, 37),
(339, 29),
(339, 37),
(340, 29),
(340, 37),
(341, 29),
(341, 37),
(342, 29),
(342, 37),
(343, 29),
(343, 37),
(344, 29),
(344, 37),
(345, 29),
(345, 37),
(346, 29),
(346, 37),
(347, 29),
(347, 38),
(348, 29),
(348, 38),
(349, 29),
(349, 38),
(350, 29),
(350, 38),
(351, 29),
(351, 38),
(352, 29),
(352, 38),
(353, 29),
(353, 38),
(354, 29),
(354, 38),
(355, 29),
(355, 38),
(356, 29),
(356, 38),
(357, 29),
(357, 38),
(358, 29),
(358, 39),
(359, 29),
(359, 39),
(360, 29),
(360, 39),
(361, 29),
(361, 39),
(362, 29),
(362, 39),
(363, 29),
(363, 39),
(364, 29),
(364, 39),
(365, 29),
(365, 39),
(366, 29),
(366, 39),
(367, 29),
(367, 39),
(368, 29),
(368, 40),
(369, 29),
(369, 40),
(370, 29),
(370, 40),
(371, 29),
(371, 40),
(372, 29),
(372, 40),
(373, 29),
(373, 40),
(374, 29),
(374, 40),
(375, 29),
(375, 40),
(376, 29),
(376, 40),
(377, 29),
(377, 40),
(378, 29),
(378, 40),
(379, 29),
(379, 40),
(380, 29),
(380, 41),
(381, 29),
(381, 41),
(382, 29),
(382, 41),
(383, 29),
(383, 41),
(384, 29),
(384, 41),
(385, 29),
(385, 41),
(386, 29),
(386, 41),
(387, 29),
(387, 41),
(388, 29),
(388, 41),
(389, 29),
(389, 41),
(390, 29),
(390, 42),
(391, 29),
(391, 42),
(392, 29),
(392, 42),
(393, 29),
(393, 42),
(394, 29),
(394, 42),
(395, 29),
(395, 42),
(396, 29),
(396, 42),
(397, 29),
(397, 42),
(398, 29),
(398, 42),
(399, 29),
(399, 42),
(400, 29),
(400, 43),
(401, 29),
(401, 43),
(402, 29),
(402, 43),
(403, 29),
(403, 43),
(404, 29),
(404, 43),
(405, 29),
(405, 43),
(406, 29),
(406, 43),
(407, 29),
(407, 43),
(408, 29),
(408, 43),
(409, 29),
(409, 43),
(410, 29),
(410, 44),
(411, 29),
(411, 44),
(412, 29),
(412, 44),
(413, 29),
(413, 44),
(414, 29),
(414, 44),
(415, 29),
(415, 44),
(416, 29),
(416, 44),
(417, 29),
(417, 44),
(418, 29),
(418, 44),
(419, 29),
(419, 44),
(420, 29),
(420, 44),
(421, 29),
(421, 44),
(422, 29),
(422, 44),
(423, 29),
(423, 45),
(424, 29),
(424, 45),
(425, 29),
(425, 45),
(426, 29),
(426, 45),
(427, 29),
(427, 45),
(428, 29),
(428, 45),
(429, 29),
(429, 45),
(430, 29),
(430, 45),
(431, 29),
(431, 45),
(432, 29),
(432, 45),
(434, 62),
(436, 33),
(441, 63),
(431, 64),
(431, 65),
(443, 66),
(443, 67),
(444, 29),
(444, 34),
(445, 29),
(445, 34),
(446, 29),
(446, 34),
(447, 29),
(447, 34),
(448, 29),
(448, 34),
(449, 29),
(449, 34),
(450, 29),
(450, 34),
(451, 29),
(451, 34),
(452, 29),
(452, 34),
(453, 29),
(453, 34),
(454, 29),
(454, 34),
(455, 29),
(455, 34),
(456, 29),
(456, 34),
(457, 29),
(457, 34),
(458, 29),
(458, 34),
(459, 29),
(459, 34),
(460, 29),
(460, 34),
(461, 29),
(461, 34),
(462, 29),
(462, 34),
(463, 29),
(463, 34),
(464, 29),
(464, 34),
(465, 29),
(465, 34),
(466, 29),
(466, 34),
(467, 29),
(467, 34),
(468, 29),
(468, 34),
(469, 29),
(469, 34),
(470, 29),
(470, 34),
(471, 29),
(471, 34),
(472, 29),
(472, 34),
(473, 29),
(473, 34),
(474, 29),
(474, 34),
(475, 29),
(475, 34),
(476, 29),
(476, 34),
(477, 29),
(477, 34),
(478, 29),
(478, 35),
(479, 29),
(479, 35),
(480, 29),
(480, 35),
(481, 29),
(481, 35),
(482, 29),
(482, 35),
(483, 29),
(483, 35),
(484, 29),
(484, 35),
(485, 29),
(485, 35),
(486, 29),
(486, 35),
(487, 29),
(487, 35),
(488, 29),
(488, 35),
(489, 29),
(489, 35),
(490, 29),
(490, 35),
(491, 29),
(491, 36),
(492, 29),
(492, 36),
(493, 29),
(493, 36),
(494, 29),
(494, 36),
(495, 29),
(495, 36),
(496, 29),
(496, 36),
(497, 29),
(497, 36),
(498, 29),
(498, 36),
(499, 29),
(499, 36),
(500, 29),
(500, 36),
(501, 29),
(501, 36),
(502, 29),
(502, 36),
(503, 36),
(504, 29),
(504, 36),
(505, 29),
(505, 36),
(506, 29),
(506, 37),
(507, 29),
(507, 37),
(508, 29),
(508, 37),
(509, 29),
(509, 37),
(510, 29),
(510, 37),
(511, 29),
(511, 37),
(512, 29),
(512, 37),
(513, 29),
(513, 37),
(514, 29),
(514, 37),
(515, 29),
(515, 37),
(516, 29),
(516, 37),
(517, 29),
(517, 37),
(518, 29),
(518, 38),
(519, 29),
(519, 38),
(520, 29),
(520, 38),
(521, 29),
(521, 38),
(522, 29),
(522, 38),
(523, 29),
(523, 38),
(524, 29),
(524, 38),
(525, 29),
(525, 38),
(526, 29),
(526, 38),
(527, 29),
(527, 38),
(528, 29),
(528, 38),
(529, 29),
(529, 39),
(530, 29),
(530, 39),
(531, 29),
(531, 39),
(532, 29),
(532, 39),
(533, 29),
(533, 39),
(534, 29),
(534, 39),
(535, 29),
(535, 39),
(536, 29),
(536, 39),
(537, 29),
(537, 39),
(538, 29),
(538, 39),
(539, 29),
(539, 40),
(540, 29),
(540, 40),
(541, 29),
(541, 40),
(542, 29),
(542, 40),
(543, 29),
(543, 40),
(544, 29),
(544, 40),
(545, 29),
(545, 40),
(546, 29),
(546, 40),
(547, 29),
(547, 40),
(548, 29),
(548, 40),
(549, 29),
(549, 40),
(550, 29),
(550, 40),
(551, 29),
(551, 41),
(552, 29),
(552, 41),
(553, 29),
(553, 41),
(554, 29),
(554, 41),
(555, 29),
(555, 41),
(556, 29),
(556, 41),
(557, 29),
(557, 41),
(558, 29),
(558, 41),
(559, 29),
(559, 41),
(560, 29),
(560, 41),
(561, 29),
(561, 42),
(562, 29),
(562, 42),
(563, 29),
(563, 42),
(564, 29),
(564, 42),
(565, 29),
(565, 42),
(566, 29),
(566, 42),
(567, 29),
(567, 42),
(568, 29),
(568, 42),
(569, 29),
(569, 42),
(570, 29),
(570, 42),
(571, 29),
(571, 43),
(572, 29),
(572, 43),
(573, 29),
(573, 43),
(574, 29),
(574, 43),
(575, 29),
(575, 43),
(576, 29),
(576, 43),
(577, 29),
(577, 43),
(578, 29),
(578, 43),
(579, 29),
(579, 43),
(580, 29),
(580, 43),
(581, 29),
(581, 44),
(582, 29),
(582, 44),
(583, 29),
(583, 44),
(584, 29),
(584, 44),
(585, 29),
(585, 44),
(586, 29),
(586, 44),
(587, 29),
(587, 44),
(588, 29),
(588, 44),
(589, 29),
(589, 44),
(590, 29),
(590, 44),
(591, 29),
(591, 44),
(592, 29),
(592, 44),
(593, 29),
(594, 29),
(594, 45),
(595, 29),
(595, 45),
(596, 29),
(596, 45),
(597, 29),
(597, 45),
(598, 29),
(598, 45),
(599, 45),
(600, 29),
(600, 45),
(601, 29),
(601, 45),
(602, 29),
(602, 45),
(603, 29),
(603, 45),
(605, 68),
(605, 69),
(605, 70),
(605, 71),
(605, 72),
(605, 73),
(605, 74),
(605, 75),
(605, 76),
(605, 77),
(605, 78),
(605, 79),
(605, 80),
(608, 81),
(608, 82),
(608, 83),
(608, 84),
(608, 85),
(285, 87),
(609, 33),
(341, 88),
(622, 89),
(623, 90),
(623, 91),
(623, 92),
(624, 90),
(624, 91),
(625, 90),
(625, 91),
(625, 92),
(626, 93),
(626, 94),
(626, 95),
(626, 96),
(627, 21),
(627, 93),
(628, 93),
(629, 93),
(629, 21),
(630, 93),
(631, 97),
(606, 100),
(606, 101),
(590, 104),
(633, 29),
(633, 34),
(634, 29),
(634, 34),
(635, 29),
(635, 34),
(636, 29),
(636, 34),
(637, 29),
(637, 34),
(638, 29),
(638, 34),
(639, 29),
(639, 34),
(640, 29),
(640, 34),
(641, 29),
(641, 34),
(642, 29),
(642, 34),
(643, 29),
(643, 34),
(644, 29),
(644, 34),
(645, 29),
(645, 34),
(646, 29),
(646, 34),
(647, 29),
(647, 34),
(648, 29),
(648, 34),
(649, 29),
(649, 34),
(650, 29),
(650, 34),
(651, 29),
(651, 34),
(652, 29),
(652, 34),
(653, 29),
(653, 34),
(654, 29),
(654, 34),
(655, 29),
(655, 34),
(656, 29),
(656, 34),
(657, 29),
(657, 34),
(658, 29),
(658, 34),
(659, 29),
(659, 34),
(660, 29),
(660, 34),
(661, 29),
(661, 34),
(662, 29),
(662, 34),
(663, 29),
(663, 34),
(664, 29),
(664, 34),
(665, 29),
(665, 34),
(666, 29),
(666, 34),
(667, 29),
(667, 35),
(668, 29),
(668, 35),
(669, 29),
(669, 35),
(670, 29),
(670, 35),
(671, 29),
(671, 35),
(672, 29),
(672, 35),
(673, 29),
(673, 35),
(674, 29),
(674, 35),
(675, 29),
(675, 35),
(676, 29),
(676, 35),
(677, 29),
(677, 35),
(678, 29),
(678, 35),
(679, 29),
(679, 35),
(680, 29),
(680, 36),
(681, 29),
(681, 36),
(682, 29),
(682, 36),
(683, 29),
(683, 36),
(684, 29),
(684, 36),
(685, 29),
(685, 36),
(686, 29),
(686, 36),
(687, 29),
(687, 36),
(688, 29),
(688, 36),
(689, 29),
(689, 36),
(690, 29),
(690, 36),
(691, 29),
(691, 36),
(692, 29),
(692, 36),
(693, 29),
(693, 36),
(694, 29),
(694, 36),
(695, 29),
(695, 37),
(696, 29),
(696, 37),
(697, 29),
(697, 37),
(698, 29),
(698, 37),
(699, 29),
(699, 37),
(700, 29),
(700, 37),
(701, 29),
(701, 37),
(702, 29),
(702, 37),
(703, 29),
(703, 37),
(704, 29),
(704, 37),
(705, 29),
(705, 37),
(706, 29),
(706, 37),
(707, 29),
(707, 38),
(708, 29),
(708, 38),
(709, 29),
(709, 38),
(710, 29),
(710, 38),
(711, 29),
(711, 38),
(712, 29),
(712, 38),
(713, 29),
(713, 38),
(714, 29),
(714, 38),
(715, 29),
(715, 38),
(716, 29),
(716, 38),
(717, 29),
(717, 38),
(718, 29),
(718, 39),
(719, 29),
(719, 39),
(720, 29),
(720, 39),
(721, 29),
(721, 39),
(722, 29),
(722, 39),
(723, 29),
(723, 39),
(724, 29),
(724, 39),
(725, 29),
(725, 39),
(726, 29),
(726, 39),
(727, 29),
(727, 39),
(728, 29),
(728, 40),
(729, 29),
(729, 40),
(730, 29),
(730, 40),
(731, 29),
(731, 40),
(732, 29),
(732, 40),
(733, 29),
(733, 40),
(734, 29),
(734, 40),
(735, 29),
(735, 40),
(736, 29),
(736, 40),
(737, 29),
(737, 40),
(738, 29),
(738, 40),
(739, 29),
(739, 40),
(740, 29),
(740, 41),
(741, 29),
(741, 41),
(742, 29),
(742, 41),
(743, 29),
(743, 41),
(744, 29),
(744, 41),
(745, 29),
(745, 41),
(746, 29),
(746, 41),
(747, 29),
(747, 41),
(748, 29),
(748, 41),
(749, 29),
(749, 41),
(750, 29),
(750, 42),
(751, 29),
(751, 42),
(752, 29),
(752, 42),
(753, 29),
(753, 42),
(754, 29),
(754, 42),
(755, 29),
(755, 42),
(756, 29),
(756, 42),
(757, 29),
(757, 42),
(758, 29),
(758, 42),
(759, 29),
(759, 42),
(760, 29),
(760, 43),
(761, 29),
(761, 43),
(762, 29),
(762, 43),
(763, 29),
(763, 43),
(764, 29),
(764, 43),
(765, 29),
(765, 43),
(766, 29),
(766, 43),
(767, 29),
(767, 43),
(768, 29),
(768, 43),
(769, 29),
(769, 43),
(770, 29),
(770, 44),
(771, 29),
(771, 44),
(772, 29),
(772, 44),
(773, 29),
(773, 44),
(774, 29),
(774, 44),
(775, 29),
(775, 44),
(776, 29),
(776, 44),
(777, 29),
(777, 44),
(778, 29),
(778, 44),
(779, 29),
(779, 44),
(780, 29),
(780, 44),
(781, 29),
(781, 44),
(782, 29),
(782, 44),
(783, 29),
(783, 45),
(784, 29),
(784, 45),
(785, 29),
(785, 45),
(786, 29),
(786, 45),
(787, 29),
(787, 45),
(788, 29),
(788, 45),
(789, 29),
(789, 45),
(790, 29),
(790, 45),
(791, 29),
(791, 45),
(792, 29),
(792, 45),
(793, 29),
(793, 34),
(794, 29),
(794, 34),
(795, 29),
(795, 34),
(796, 29),
(796, 34),
(797, 29),
(797, 34),
(798, 29),
(798, 34),
(799, 29),
(799, 34),
(800, 29),
(800, 34),
(801, 29),
(801, 34),
(802, 29),
(802, 34),
(803, 29),
(803, 34),
(804, 29),
(804, 34),
(805, 29),
(805, 34),
(806, 29),
(806, 34),
(807, 29),
(807, 34),
(808, 29),
(808, 34),
(809, 29),
(809, 34),
(810, 29),
(810, 34),
(811, 29),
(811, 34),
(812, 29),
(812, 34),
(813, 29),
(813, 34),
(814, 29),
(814, 34),
(815, 29),
(815, 34),
(816, 29),
(816, 34),
(817, 29),
(817, 34),
(818, 29),
(818, 34),
(819, 29),
(819, 34),
(820, 29),
(820, 34),
(821, 29),
(821, 34),
(822, 29),
(822, 34),
(823, 29),
(823, 34),
(824, 29),
(824, 34),
(825, 29),
(825, 34),
(826, 29),
(826, 34),
(827, 29),
(827, 35),
(828, 29),
(828, 35),
(829, 29),
(829, 35),
(830, 29),
(830, 35),
(831, 29),
(831, 35),
(832, 29),
(832, 35),
(833, 29),
(833, 35),
(834, 29),
(834, 35),
(835, 29),
(835, 35),
(836, 29),
(836, 35),
(837, 29),
(837, 35),
(838, 29),
(838, 35),
(839, 29),
(839, 35),
(840, 29),
(840, 36),
(841, 29),
(841, 36),
(842, 29),
(842, 36),
(843, 29),
(843, 36),
(844, 29),
(844, 36),
(845, 29),
(845, 36),
(846, 29),
(846, 36),
(847, 29),
(847, 36),
(848, 29),
(848, 36),
(849, 29),
(849, 36),
(850, 29),
(850, 36),
(851, 29),
(851, 36),
(852, 29),
(852, 36),
(853, 29),
(853, 36),
(854, 29),
(854, 36),
(855, 29),
(855, 37),
(856, 29),
(856, 37),
(857, 29),
(857, 37),
(858, 29),
(858, 37),
(859, 29),
(859, 37),
(860, 29),
(860, 37),
(861, 29),
(861, 37),
(862, 29),
(862, 37),
(863, 29),
(863, 37),
(864, 29),
(864, 37),
(865, 29),
(865, 37),
(866, 29),
(866, 37),
(867, 29),
(867, 38),
(868, 29),
(868, 38),
(869, 29),
(869, 38),
(870, 29),
(870, 38),
(871, 29),
(871, 38),
(872, 29),
(872, 38),
(873, 29),
(873, 38),
(874, 29),
(874, 38),
(875, 29),
(875, 38),
(876, 29),
(876, 38),
(877, 29),
(877, 38),
(878, 29),
(878, 39),
(879, 29),
(879, 39),
(880, 29),
(880, 39),
(881, 29),
(881, 39),
(882, 29),
(882, 39),
(883, 29),
(883, 39),
(884, 29),
(884, 39),
(885, 29),
(885, 39),
(886, 29),
(886, 39),
(887, 29),
(887, 39),
(888, 29),
(888, 40),
(889, 29),
(889, 40),
(890, 29),
(890, 40),
(891, 29),
(891, 40),
(892, 29),
(892, 40),
(893, 29),
(893, 40),
(894, 29),
(894, 40),
(895, 29),
(895, 40),
(896, 29),
(896, 40),
(897, 29),
(897, 40),
(898, 29),
(898, 40),
(899, 29),
(899, 40),
(900, 29),
(900, 41),
(901, 29),
(901, 41),
(902, 29),
(902, 41),
(903, 29),
(903, 41),
(904, 29),
(904, 41),
(905, 29),
(905, 41),
(906, 29),
(906, 41),
(907, 29),
(907, 41),
(908, 29),
(908, 41),
(909, 29),
(909, 41),
(910, 29),
(910, 42),
(911, 29),
(911, 42),
(912, 29),
(912, 42),
(913, 29),
(913, 42),
(914, 29),
(914, 42),
(915, 29),
(915, 42),
(916, 29),
(916, 42),
(917, 29),
(917, 42),
(918, 29),
(918, 42),
(919, 29),
(919, 42),
(920, 29),
(920, 43),
(921, 29),
(921, 43),
(922, 29),
(922, 43),
(923, 29),
(923, 43),
(924, 29),
(924, 43),
(925, 29),
(925, 43),
(926, 29),
(926, 43),
(927, 29),
(927, 43),
(928, 29),
(928, 43),
(929, 29),
(929, 43),
(930, 29),
(930, 44),
(931, 29),
(931, 44),
(932, 29),
(932, 44),
(933, 29),
(933, 44),
(934, 29),
(934, 44),
(935, 29),
(935, 44),
(936, 29),
(936, 44),
(937, 29),
(937, 44),
(938, 29),
(938, 44),
(939, 29),
(939, 44),
(940, 29),
(940, 44),
(941, 29),
(941, 44),
(942, 29),
(942, 44),
(943, 29),
(943, 45),
(944, 29),
(944, 45),
(945, 29),
(945, 45),
(946, 29),
(946, 45),
(947, 29),
(947, 45),
(948, 29),
(948, 45),
(949, 29),
(949, 45),
(950, 29),
(950, 45),
(951, 29),
(951, 45),
(952, 29),
(952, 45),
(974, 29),
(974, 34),
(975, 29),
(975, 34),
(976, 29),
(976, 34),
(977, 29),
(977, 34),
(978, 29),
(978, 34),
(979, 29),
(979, 34),
(980, 29),
(980, 34),
(981, 29),
(981, 34),
(982, 29),
(982, 34),
(983, 29),
(983, 34),
(984, 29),
(984, 34),
(985, 29),
(985, 34),
(986, 29),
(986, 34),
(987, 29),
(987, 34),
(988, 29),
(988, 34),
(989, 29),
(989, 34),
(990, 29),
(990, 34),
(991, 29),
(991, 34),
(992, 29),
(992, 34),
(993, 29),
(993, 34),
(994, 29),
(994, 34),
(995, 29),
(995, 34),
(996, 29),
(996, 34),
(997, 29),
(997, 34),
(998, 29),
(998, 34),
(999, 29),
(999, 34),
(1000, 29),
(1000, 34),
(1001, 29),
(1001, 34),
(1002, 29),
(1002, 34),
(1003, 29),
(1003, 34),
(1004, 29),
(1004, 34),
(1005, 29),
(1005, 34),
(1006, 29),
(1006, 34),
(1007, 29),
(1007, 34),
(1008, 29),
(1008, 35),
(1009, 29),
(1009, 35),
(1010, 29),
(1010, 35),
(1011, 29),
(1011, 35),
(1012, 29),
(1012, 35),
(1013, 29),
(1013, 35),
(1014, 29),
(1014, 35),
(1015, 29),
(1015, 35),
(1016, 29),
(1016, 35),
(1017, 29),
(1017, 35),
(1018, 29),
(1018, 35),
(1019, 29),
(1019, 35),
(1020, 29),
(1020, 35),
(1021, 29),
(1021, 36),
(1022, 29),
(1022, 36),
(1023, 29),
(1023, 36),
(1024, 29),
(1024, 36),
(1025, 29),
(1025, 36),
(1026, 29),
(1026, 36),
(1027, 29),
(1027, 36),
(1028, 29),
(1028, 36),
(1029, 29),
(1029, 36),
(1030, 29),
(1030, 36),
(1031, 29),
(1031, 36),
(1032, 29),
(1032, 36),
(1033, 29),
(1033, 36),
(1034, 29),
(1034, 36),
(1035, 29),
(1035, 36),
(1036, 29),
(1036, 37),
(1037, 29),
(1037, 37),
(1038, 29),
(1038, 37),
(1039, 29),
(1039, 37),
(1040, 29),
(1040, 37),
(1041, 29),
(1041, 37),
(1042, 29),
(1042, 37),
(1043, 29),
(1043, 37),
(1044, 29),
(1044, 37),
(1045, 29),
(1045, 37),
(1046, 29),
(1046, 37),
(1047, 29),
(1047, 37),
(1048, 29),
(1048, 38),
(1049, 29),
(1049, 38),
(1050, 29),
(1050, 38),
(1051, 29),
(1051, 38),
(1052, 29),
(1052, 38),
(1053, 29),
(1053, 38),
(1054, 29),
(1054, 38),
(1055, 29),
(1055, 38),
(1056, 29),
(1056, 38),
(1057, 29),
(1057, 38),
(1058, 29),
(1058, 38),
(1059, 29),
(1059, 39),
(1060, 29),
(1060, 39),
(1061, 29),
(1061, 39),
(1062, 29),
(1062, 39),
(1063, 29),
(1063, 39),
(1064, 29),
(1064, 39),
(1065, 29),
(1065, 39),
(1066, 29),
(1066, 39),
(1067, 29),
(1067, 39),
(1068, 29),
(1068, 39),
(1069, 29),
(1069, 40),
(1070, 29),
(1070, 40),
(1071, 29),
(1071, 40),
(1072, 29),
(1072, 40),
(1073, 29),
(1073, 40),
(1074, 29),
(1074, 40),
(1075, 29),
(1075, 40),
(1076, 29),
(1076, 40),
(1077, 29),
(1077, 40),
(1078, 29),
(1078, 40),
(1079, 29),
(1079, 40),
(1080, 29),
(1080, 40),
(1081, 29),
(1081, 41),
(1082, 29),
(1082, 41),
(1083, 29),
(1083, 41),
(1084, 29),
(1084, 41),
(1085, 29),
(1085, 41),
(1086, 29),
(1086, 41),
(1087, 29),
(1087, 41),
(1088, 29),
(1088, 41),
(1089, 29),
(1089, 41),
(1090, 29),
(1090, 41),
(1091, 29),
(1091, 42),
(1092, 29),
(1092, 42),
(1093, 29),
(1093, 42),
(1094, 29),
(1094, 42),
(1095, 29),
(1095, 42),
(1096, 29),
(1096, 42),
(1097, 29),
(1097, 42),
(1098, 29),
(1098, 42),
(1099, 29),
(1099, 42),
(1100, 29),
(1100, 42),
(1101, 29),
(1101, 43),
(1102, 29),
(1102, 43),
(1103, 29),
(1103, 43),
(1104, 29),
(1104, 43),
(1105, 29),
(1105, 43),
(1106, 29),
(1106, 43),
(1107, 29),
(1107, 43),
(1108, 29),
(1108, 43),
(1109, 29),
(1109, 43),
(1110, 29),
(1110, 43),
(1111, 29),
(1111, 44),
(1112, 29),
(1112, 44),
(1113, 29),
(1113, 44),
(1114, 29),
(1114, 44),
(1115, 29),
(1115, 44),
(1116, 29),
(1116, 44),
(1117, 29),
(1117, 44),
(1118, 29),
(1118, 44),
(1119, 29),
(1119, 44),
(1120, 29),
(1120, 44),
(1121, 29),
(1121, 44),
(1122, 29),
(1122, 44),
(1123, 29),
(1123, 44),
(1124, 29),
(1124, 45),
(1125, 29),
(1125, 45),
(1126, 29),
(1126, 45),
(1127, 29),
(1127, 45),
(1128, 29),
(1128, 45),
(1129, 29),
(1129, 45),
(1130, 29),
(1130, 45),
(1131, 29),
(1131, 45),
(1132, 29),
(1132, 45),
(1133, 29),
(1133, 45),
(1134, 29),
(1134, 34),
(1135, 29),
(1135, 34),
(1136, 29),
(1136, 34),
(1137, 29),
(1137, 34),
(1138, 29),
(1138, 34),
(1139, 29),
(1139, 34),
(1140, 29),
(1140, 34),
(1141, 29),
(1141, 34),
(1142, 29),
(1142, 34),
(1143, 29),
(1143, 34),
(1144, 29),
(1144, 34),
(1145, 29),
(1145, 34),
(1146, 29),
(1146, 34),
(1147, 29),
(1147, 34),
(1148, 29),
(1148, 34),
(1149, 29),
(1149, 34),
(1150, 29),
(1150, 34),
(1151, 29),
(1151, 34),
(1152, 29),
(1152, 34),
(1153, 29),
(1153, 34),
(1154, 29),
(1154, 34),
(1155, 29),
(1155, 34),
(1156, 29),
(1156, 34),
(1157, 29),
(1157, 34),
(1158, 29),
(1158, 34),
(1159, 29),
(1159, 34),
(1160, 29),
(1160, 34),
(1161, 29),
(1161, 34),
(1162, 29),
(1162, 34),
(1163, 29),
(1163, 34),
(1164, 29),
(1164, 34),
(1165, 29),
(1165, 34),
(1166, 29),
(1166, 34),
(1167, 29),
(1167, 34),
(1168, 29),
(1168, 35),
(1169, 29),
(1169, 35),
(1170, 29),
(1170, 35),
(1171, 29),
(1171, 35),
(1172, 29),
(1172, 35),
(1173, 29),
(1173, 35),
(1174, 29),
(1174, 35),
(1175, 29),
(1175, 35),
(1176, 29),
(1176, 35),
(1177, 29),
(1177, 35),
(1178, 29),
(1178, 35),
(1179, 29),
(1179, 35),
(1180, 29),
(1180, 35),
(1181, 29),
(1181, 36),
(1182, 29),
(1182, 36),
(1183, 29),
(1183, 36),
(1184, 29),
(1184, 36),
(1185, 29),
(1185, 36),
(1186, 29),
(1186, 36),
(1187, 29),
(1187, 36),
(1188, 29),
(1188, 36),
(1189, 29),
(1189, 36),
(1190, 29),
(1190, 36),
(1191, 29),
(1191, 36),
(1192, 29),
(1192, 36),
(1193, 29),
(1193, 36),
(1194, 29),
(1194, 36),
(1195, 29),
(1195, 36),
(1196, 29),
(1196, 37),
(1197, 29),
(1197, 37),
(1198, 29),
(1198, 37),
(1199, 29),
(1199, 37),
(1200, 29),
(1200, 37),
(1201, 29),
(1201, 37),
(1202, 29),
(1202, 37),
(1203, 29),
(1203, 37),
(1204, 29),
(1204, 37),
(1205, 29),
(1205, 37),
(1206, 29),
(1206, 37),
(1207, 29),
(1207, 37),
(1208, 29),
(1208, 38),
(1209, 29),
(1209, 38),
(1210, 29),
(1210, 38),
(1211, 29),
(1211, 38),
(1212, 29),
(1212, 38),
(1213, 29),
(1213, 38),
(1214, 29),
(1214, 38),
(1215, 29),
(1215, 38),
(1216, 29),
(1216, 38),
(1217, 29),
(1217, 38),
(1218, 29),
(1218, 38),
(1219, 29),
(1219, 39),
(1220, 29),
(1220, 39),
(1221, 29),
(1221, 39),
(1222, 29),
(1222, 39),
(1223, 29),
(1223, 39),
(1224, 29),
(1224, 39),
(1225, 29),
(1225, 39),
(1226, 29),
(1226, 39),
(1227, 29),
(1227, 39),
(1228, 29),
(1228, 39),
(1229, 29),
(1229, 40),
(1230, 29),
(1230, 40),
(1231, 29),
(1231, 40),
(1232, 29),
(1232, 40),
(1233, 29),
(1233, 40),
(1234, 29),
(1234, 40),
(1235, 29),
(1235, 40),
(1236, 29),
(1236, 40),
(1237, 29),
(1237, 40),
(1238, 29),
(1238, 40),
(1239, 29),
(1239, 40),
(1240, 29),
(1240, 40),
(1241, 29),
(1241, 41),
(1242, 29),
(1242, 41),
(1243, 29),
(1243, 41),
(1244, 29),
(1244, 41),
(1245, 29),
(1245, 41),
(1246, 29),
(1246, 41),
(1247, 29),
(1247, 41),
(1248, 29),
(1248, 41),
(1249, 29),
(1249, 41),
(1250, 29),
(1250, 41),
(1251, 29),
(1251, 42),
(1252, 29),
(1252, 42),
(1253, 29),
(1253, 42),
(1254, 29),
(1254, 42),
(1255, 29),
(1255, 42),
(1256, 29),
(1256, 42),
(1257, 29),
(1257, 42),
(1258, 29),
(1258, 42),
(1259, 29),
(1259, 42),
(1260, 29),
(1260, 42),
(1261, 29),
(1261, 43),
(1262, 29),
(1262, 43),
(1263, 29),
(1263, 43),
(1264, 29),
(1264, 43),
(1265, 29),
(1265, 43),
(1266, 29),
(1266, 43),
(1267, 29),
(1267, 43),
(1268, 29),
(1268, 43),
(1269, 29),
(1269, 43),
(1270, 29),
(1270, 43),
(1271, 29),
(1271, 44),
(1272, 29),
(1272, 44),
(1273, 29),
(1273, 44),
(1274, 29),
(1274, 44),
(1275, 29),
(1275, 44),
(1276, 29),
(1276, 44),
(1277, 29),
(1277, 44),
(1278, 29),
(1278, 44),
(1279, 29),
(1279, 44),
(1280, 29),
(1280, 44),
(1281, 29),
(1281, 44),
(1282, 29),
(1282, 44),
(1283, 29),
(1283, 44),
(1284, 29),
(1284, 45),
(1285, 29),
(1285, 45),
(1286, 29),
(1286, 45),
(1287, 29),
(1287, 45),
(1288, 29),
(1288, 45),
(1289, 29),
(1289, 45),
(1290, 29),
(1290, 45),
(1291, 29),
(1291, 45),
(1292, 29),
(1292, 45),
(1293, 29),
(1293, 45),
(1294, 112),
(1296, 29),
(1296, 34),
(1297, 29),
(1297, 34),
(1298, 29),
(1298, 34),
(1299, 29),
(1299, 34),
(1300, 29),
(1300, 34),
(1301, 29),
(1301, 34),
(1302, 29),
(1302, 34),
(1303, 29),
(1303, 34),
(1304, 29),
(1304, 34),
(1305, 29),
(1305, 34),
(1306, 29),
(1306, 34),
(1307, 29),
(1307, 34),
(1308, 29),
(1308, 34),
(1309, 29),
(1309, 34),
(1310, 29),
(1310, 34),
(1311, 29),
(1311, 34),
(1312, 29),
(1312, 34),
(1313, 29),
(1313, 34),
(1314, 29),
(1314, 34),
(1315, 29),
(1315, 34),
(1316, 29),
(1316, 34),
(1317, 29),
(1317, 34),
(1318, 29),
(1318, 34),
(1319, 29),
(1319, 34),
(1320, 29),
(1320, 34),
(1321, 29),
(1321, 34),
(1322, 29),
(1322, 34),
(1323, 29),
(1323, 34),
(1324, 29),
(1324, 34),
(1325, 29),
(1325, 34),
(1326, 29),
(1326, 34),
(1327, 29),
(1327, 34),
(1328, 29),
(1328, 34),
(1329, 29),
(1329, 34),
(1330, 29),
(1330, 35),
(1331, 29),
(1331, 35),
(1332, 29),
(1332, 35),
(1333, 29),
(1333, 35),
(1334, 29),
(1334, 35),
(1335, 29),
(1335, 35),
(1336, 29),
(1336, 35),
(1337, 29),
(1337, 35),
(1338, 29),
(1338, 35),
(1339, 29),
(1339, 35),
(1340, 29),
(1340, 35),
(1341, 29),
(1341, 35),
(1342, 29),
(1342, 35),
(1343, 29),
(1343, 36),
(1344, 29),
(1344, 36),
(1345, 29),
(1345, 36),
(1346, 29),
(1346, 36),
(1347, 29),
(1347, 36),
(1348, 29),
(1348, 36),
(1349, 29),
(1349, 36),
(1350, 29),
(1350, 36),
(1351, 29),
(1351, 36),
(1352, 29),
(1352, 36),
(1353, 29),
(1353, 36),
(1354, 29),
(1354, 36),
(1355, 29),
(1355, 36),
(1356, 29),
(1356, 36),
(1357, 29),
(1357, 36),
(1358, 29),
(1358, 37),
(1359, 29),
(1359, 37),
(1360, 29),
(1360, 37),
(1361, 29),
(1361, 37),
(1362, 29),
(1362, 37),
(1363, 29),
(1363, 37),
(1364, 29),
(1364, 37),
(1365, 29),
(1365, 37),
(1366, 29),
(1366, 37),
(1367, 29),
(1367, 37),
(1368, 29),
(1368, 37),
(1369, 29),
(1369, 37),
(1370, 29),
(1370, 38),
(1371, 29),
(1371, 38),
(1372, 29),
(1372, 38),
(1373, 29),
(1373, 38),
(1374, 29),
(1374, 38),
(1375, 29),
(1375, 38),
(1376, 29),
(1376, 38),
(1377, 29),
(1377, 38),
(1378, 29),
(1378, 38),
(1379, 29),
(1379, 38),
(1380, 29),
(1380, 38),
(1381, 29),
(1381, 39),
(1382, 29),
(1382, 39),
(1383, 29),
(1383, 39),
(1384, 29),
(1384, 39),
(1385, 29),
(1385, 39),
(1386, 29),
(1386, 39),
(1387, 29),
(1387, 39),
(1388, 29),
(1388, 39),
(1389, 29),
(1389, 39),
(1390, 29),
(1390, 39),
(1391, 29),
(1391, 40),
(1392, 29),
(1392, 40),
(1393, 29),
(1393, 40),
(1394, 29),
(1394, 40),
(1395, 29),
(1395, 40),
(1396, 29),
(1396, 40),
(1397, 29),
(1397, 40),
(1398, 29),
(1398, 40),
(1399, 29),
(1399, 40),
(1400, 29),
(1400, 40),
(1401, 29),
(1401, 40),
(1402, 29),
(1402, 40),
(1403, 29),
(1403, 41),
(1404, 29),
(1404, 41),
(1405, 29),
(1405, 41),
(1406, 29),
(1406, 41),
(1407, 29),
(1407, 41),
(1408, 29),
(1408, 41),
(1409, 29),
(1409, 41),
(1410, 29),
(1410, 41),
(1411, 29),
(1411, 41),
(1412, 29),
(1412, 41),
(1413, 29),
(1413, 42),
(1414, 29),
(1414, 42),
(1415, 29),
(1415, 42),
(1416, 29),
(1416, 42),
(1417, 29),
(1417, 42),
(1418, 29),
(1418, 42),
(1419, 29),
(1419, 42),
(1420, 29),
(1420, 42),
(1421, 29),
(1421, 42),
(1422, 29),
(1422, 42),
(1423, 29),
(1423, 43),
(1424, 29),
(1424, 43),
(1425, 29),
(1425, 43),
(1426, 29),
(1426, 43),
(1427, 29),
(1427, 43),
(1428, 29),
(1428, 43),
(1429, 29),
(1429, 43),
(1430, 29),
(1430, 43),
(1431, 29),
(1431, 43),
(1432, 29),
(1432, 43),
(1433, 29),
(1433, 44),
(1434, 29),
(1434, 44),
(1435, 29),
(1435, 44),
(1436, 29),
(1436, 44),
(1437, 29),
(1437, 44),
(1438, 29),
(1438, 44),
(1439, 29),
(1439, 44),
(1440, 29),
(1440, 44),
(1441, 29),
(1441, 44),
(1442, 29),
(1442, 44),
(1443, 29),
(1443, 44),
(1444, 29),
(1444, 44),
(1445, 29),
(1445, 44),
(1446, 29),
(1446, 45),
(1447, 29),
(1447, 45),
(1448, 29),
(1448, 45),
(1449, 29),
(1449, 45),
(1450, 29),
(1450, 45),
(1451, 29),
(1451, 45),
(1452, 29),
(1453, 29),
(1454, 29),
(1454, 45),
(1455, 29),
(1455, 45),
(43, 113),
(1456, 114),
(1457, 103),
(1444, 116),
(47099, 29),
(47099, 34),
(47100, 29),
(47100, 34),
(47101, 29),
(47101, 34),
(47102, 29),
(47102, 34),
(47103, 29),
(47103, 34),
(47104, 29),
(47104, 34),
(47105, 29),
(47105, 34),
(47106, 29),
(47106, 34),
(47107, 29),
(47107, 34),
(47108, 29),
(47108, 34),
(47109, 29),
(47109, 34),
(47110, 29),
(47110, 34),
(47111, 29),
(47111, 34),
(47112, 29),
(47112, 34),
(47113, 29),
(47113, 34),
(47114, 29),
(47114, 34),
(47115, 29),
(47115, 34),
(47116, 29),
(47116, 34),
(47117, 29),
(47117, 34),
(47118, 29),
(47118, 34),
(47119, 29),
(47119, 34),
(47120, 29),
(47120, 34),
(47121, 29),
(47121, 34),
(47122, 29),
(47122, 34),
(47123, 29),
(47123, 34),
(47124, 29),
(47124, 34),
(47125, 29),
(47125, 34),
(47126, 29),
(47126, 34),
(47127, 29),
(47127, 34),
(47128, 29),
(47128, 34),
(47129, 29),
(47129, 34),
(47130, 29),
(47130, 34),
(47131, 29),
(47131, 34),
(47132, 29),
(47132, 34),
(47133, 29),
(47133, 35),
(47134, 29),
(47134, 35),
(47135, 29),
(47135, 35),
(47136, 29),
(47136, 35),
(47137, 29),
(47137, 35),
(47138, 29),
(47138, 35),
(47139, 29),
(47139, 35),
(47140, 29),
(47140, 35),
(47141, 29),
(47141, 35),
(47142, 29),
(47142, 35),
(47143, 29),
(47143, 35),
(47144, 29),
(47144, 35),
(47145, 29),
(47145, 35),
(47146, 29),
(47146, 36),
(47147, 29),
(47147, 36),
(47148, 29),
(47148, 36),
(47149, 29),
(47149, 36),
(47150, 29),
(47150, 36),
(47151, 29),
(47151, 36),
(47152, 29),
(47152, 36),
(47153, 29),
(47153, 36),
(47154, 29),
(47154, 36),
(47155, 29),
(47155, 36),
(47156, 29),
(47156, 36),
(47157, 29),
(47157, 36),
(47158, 29),
(47158, 36),
(47159, 29),
(47159, 36),
(47160, 29),
(47160, 36),
(47161, 29),
(47161, 37),
(47162, 29),
(47162, 37),
(47163, 29),
(47163, 37),
(47164, 29),
(47164, 37),
(47165, 29),
(47165, 37),
(47166, 29),
(47166, 37),
(47167, 29),
(47167, 37),
(47168, 29),
(47168, 37),
(47169, 29),
(47169, 37),
(47170, 29),
(47170, 37),
(47171, 29),
(47171, 37),
(47172, 29),
(47172, 37),
(47173, 29),
(47173, 38),
(47174, 29),
(47174, 38),
(47175, 29),
(47175, 38),
(47176, 29),
(47176, 38),
(47177, 29),
(47177, 38),
(47178, 29),
(47178, 38),
(47179, 29),
(47179, 38),
(47180, 29),
(47180, 38),
(47181, 29),
(47181, 38),
(47182, 29),
(47182, 38),
(47183, 29),
(47183, 38),
(47184, 29),
(47184, 39),
(47185, 29),
(47185, 39),
(47186, 29),
(47186, 39),
(47187, 29),
(47187, 39),
(47188, 29),
(47188, 39),
(47189, 29),
(47189, 39),
(47190, 29),
(47190, 39),
(47191, 29),
(47191, 39),
(47192, 29),
(47192, 39),
(47193, 29),
(47193, 39),
(47194, 29),
(47194, 40),
(47195, 29),
(47195, 40),
(47196, 29),
(47196, 40),
(47197, 29),
(47197, 40),
(47198, 29),
(47198, 40),
(47199, 29),
(47199, 40),
(47200, 29),
(47200, 40),
(47201, 29),
(47201, 40),
(47202, 29),
(47202, 40),
(47203, 29),
(47203, 40),
(47204, 29),
(47204, 40),
(47205, 29),
(47205, 40),
(47206, 29),
(47206, 41),
(47207, 29),
(47207, 41),
(47208, 29),
(47208, 41),
(47209, 29),
(47209, 41),
(47210, 29),
(47210, 41),
(47211, 29),
(47211, 41),
(47212, 29),
(47212, 41),
(47213, 29),
(47213, 41),
(47214, 29),
(47214, 41),
(47215, 29),
(47215, 41),
(47216, 29),
(47216, 42),
(47217, 29),
(47217, 42),
(47218, 29),
(47218, 42),
(47219, 29),
(47219, 42),
(47220, 29),
(47220, 42),
(47221, 29),
(47221, 42),
(47222, 29),
(47222, 42),
(47223, 29),
(47223, 42),
(47224, 29),
(47224, 42),
(47225, 29),
(47225, 42),
(47226, 29),
(47226, 43),
(47227, 29),
(47227, 43),
(47228, 29),
(47228, 43),
(47229, 29),
(47229, 43),
(47230, 29),
(47230, 43),
(47231, 29),
(47231, 43),
(47232, 29),
(47232, 43),
(47233, 29),
(47233, 43),
(47234, 29),
(47234, 43),
(47235, 29),
(47235, 43),
(47236, 29),
(47236, 44),
(47237, 29),
(47237, 44),
(47238, 29),
(47238, 44),
(47239, 29),
(47239, 44),
(47240, 29),
(47240, 44),
(47241, 29),
(47241, 44),
(47242, 29),
(47242, 44),
(47243, 29),
(47243, 44),
(47244, 29),
(47244, 44),
(47245, 29),
(47245, 44),
(47246, 29),
(47246, 44),
(47247, 29),
(47247, 44),
(47248, 29),
(47248, 44),
(47249, 29),
(47249, 45),
(47250, 29),
(47250, 45),
(47251, 29),
(47251, 45),
(47252, 29),
(47252, 45),
(47253, 29),
(47253, 45),
(47254, 29),
(47254, 45),
(47255, 29),
(47255, 45),
(47256, 29),
(47256, 45),
(47257, 29),
(47257, 45),
(47258, 29),
(47258, 45),
(71770, 29),
(71770, 34),
(71771, 29),
(71771, 34),
(71772, 29),
(71772, 34),
(71773, 29),
(71773, 34),
(71774, 29),
(71774, 34),
(71775, 29),
(71775, 34),
(71776, 29),
(71776, 34),
(71777, 29),
(71777, 34),
(71778, 29),
(71778, 34),
(71779, 29),
(71779, 34),
(71780, 29),
(71780, 34),
(71781, 29),
(71781, 34),
(71782, 29),
(71782, 34),
(71783, 29),
(71783, 34),
(71784, 29),
(71784, 34),
(71785, 29),
(71785, 34),
(71786, 29),
(71786, 34),
(71787, 29),
(71787, 34),
(71788, 29),
(71788, 34),
(71789, 29),
(71789, 34),
(71790, 29),
(71790, 34),
(71791, 29),
(71791, 34),
(71792, 29),
(71792, 34),
(71793, 29),
(71793, 34),
(71794, 29),
(71794, 34),
(71795, 29),
(71795, 34),
(71796, 29),
(71796, 34),
(71797, 29),
(71797, 34),
(71798, 29),
(71798, 34),
(71799, 29),
(71799, 34),
(71800, 29),
(71800, 34),
(71801, 29),
(71801, 34),
(71802, 29),
(71802, 34),
(71803, 29),
(71803, 34),
(71804, 29),
(71804, 35),
(71805, 29),
(71805, 35),
(71806, 29),
(71806, 35),
(71807, 29),
(71807, 35),
(71808, 29),
(71808, 35),
(71809, 29),
(71809, 35),
(71810, 29),
(71810, 35),
(71811, 29),
(71811, 35),
(71812, 29),
(71812, 35),
(71813, 29),
(71813, 35),
(71814, 29),
(71814, 35),
(71815, 29),
(71815, 35),
(71816, 29),
(71816, 35),
(71817, 29),
(71817, 36),
(71818, 29),
(71818, 36),
(71819, 29),
(71819, 36),
(71820, 29),
(71820, 36),
(71821, 29),
(71821, 36),
(71822, 29),
(71822, 36),
(71823, 29),
(71823, 36),
(71824, 29),
(71824, 36),
(71825, 29),
(71825, 36),
(71826, 29),
(71826, 36),
(71827, 29),
(71827, 36),
(71828, 29),
(71828, 36),
(71829, 29),
(71829, 36),
(71830, 29),
(71830, 36),
(71831, 29),
(71831, 36),
(71832, 29),
(71832, 37),
(71833, 29),
(71833, 37),
(71834, 29),
(71834, 37),
(71835, 29),
(71835, 37),
(71836, 29),
(71836, 37),
(71837, 29),
(71837, 37),
(71838, 29),
(71838, 37),
(71839, 29),
(71839, 37),
(71840, 29),
(71840, 37),
(71841, 29),
(71841, 37),
(71842, 29),
(71842, 37),
(71843, 29),
(71843, 37),
(71844, 29),
(71844, 38),
(71845, 29),
(71845, 38),
(71846, 29),
(71846, 38),
(71847, 29),
(71847, 38),
(71848, 29),
(71848, 38),
(71849, 29),
(71849, 38),
(71850, 29),
(71850, 38),
(71851, 29),
(71851, 38),
(71852, 29),
(71852, 38),
(71853, 29),
(71853, 38),
(71854, 29),
(71854, 38),
(71855, 29),
(71855, 39),
(71856, 29),
(71856, 39),
(71857, 29),
(71857, 39),
(71858, 29),
(71858, 39),
(71859, 29),
(71859, 39),
(71860, 29),
(71860, 39),
(71861, 29),
(71861, 39),
(71862, 29),
(71862, 39),
(71863, 29),
(71863, 39),
(71864, 29),
(71864, 39),
(71865, 29),
(71865, 40),
(71866, 29),
(71866, 40),
(71867, 29),
(71867, 40),
(71868, 29),
(71868, 40),
(71869, 29),
(71869, 40),
(71870, 29),
(71870, 40),
(71871, 29),
(71871, 40),
(71872, 29),
(71872, 40),
(71873, 29),
(71873, 40),
(71874, 29),
(71874, 40),
(71875, 29),
(71875, 40),
(71876, 29),
(71876, 40),
(71877, 29),
(71877, 41),
(71878, 29),
(71878, 41),
(71879, 29),
(71879, 41),
(71880, 29),
(71880, 41),
(71881, 29),
(71881, 41),
(71882, 29),
(71882, 41),
(71883, 29),
(71883, 41),
(71884, 29),
(71884, 41),
(71885, 29),
(71885, 41),
(71886, 29),
(71886, 41),
(71887, 29),
(71887, 42),
(71888, 29),
(71888, 42),
(71889, 29),
(71889, 42),
(71890, 29),
(71890, 42),
(71891, 29),
(71891, 42),
(71892, 29),
(71892, 42),
(71893, 29),
(71893, 42),
(71894, 29),
(71894, 42),
(71895, 29),
(71895, 42),
(71896, 29),
(71896, 42),
(71897, 29),
(71897, 43),
(71898, 29),
(71898, 43),
(71899, 29),
(71899, 43),
(71900, 29),
(71900, 43),
(71901, 29),
(71901, 43),
(71902, 29),
(71902, 43),
(71903, 29),
(71903, 43),
(71904, 29),
(71904, 43),
(71905, 29),
(71905, 43),
(71906, 29),
(71906, 43),
(71907, 29),
(71907, 44),
(71908, 29),
(71908, 44),
(71909, 29),
(71909, 44),
(71910, 29),
(71910, 44),
(71911, 29),
(71911, 44),
(71912, 29),
(71912, 44),
(71913, 29),
(71913, 44),
(71914, 29),
(71914, 44),
(71915, 29),
(71915, 44),
(71916, 29),
(71916, 44),
(71917, 29),
(71917, 44),
(71918, 29),
(71918, 44),
(71919, 29),
(71919, 44),
(71920, 29),
(71920, 45),
(71921, 29),
(71921, 45),
(71922, 29),
(71922, 45),
(71923, 29),
(71923, 45),
(71924, 29),
(71924, 45),
(71925, 29),
(71925, 45),
(71926, 29),
(71926, 45),
(71927, 29),
(71927, 45),
(71928, 29),
(71928, 45),
(71929, 29),
(71929, 45),
(71930, 29),
(71930, 34),
(71931, 29),
(71931, 34),
(71932, 29),
(71932, 34),
(71933, 29),
(71933, 34),
(71934, 29),
(71934, 34),
(71935, 29),
(71935, 34),
(71936, 29),
(71936, 34),
(71937, 29),
(71937, 34),
(71938, 29),
(71938, 34),
(71939, 29),
(71939, 34),
(71940, 29),
(71940, 34),
(71941, 29),
(71941, 34),
(71942, 29),
(71942, 34),
(71943, 29),
(71943, 34),
(71944, 29),
(71944, 34),
(71945, 29),
(71945, 34),
(71946, 29),
(71946, 34),
(71947, 29),
(71947, 34),
(71948, 29),
(71948, 34),
(71949, 29),
(71949, 34),
(71950, 29),
(71950, 34),
(71951, 29),
(71951, 34),
(71952, 29),
(71952, 34),
(71953, 29),
(71953, 34),
(71954, 29),
(71954, 34),
(71955, 29),
(71955, 34),
(71956, 29),
(71956, 34),
(71957, 29),
(71957, 34),
(71958, 29),
(71958, 34),
(71959, 29),
(71959, 34),
(71960, 29),
(71960, 34),
(71961, 29),
(71961, 34),
(71962, 29),
(71962, 34),
(71963, 29),
(71963, 34),
(71964, 29),
(71964, 35),
(71965, 29),
(71965, 35),
(71966, 29),
(71966, 35),
(71967, 29),
(71967, 35),
(71968, 29),
(71968, 35),
(71969, 29),
(71969, 35),
(71970, 29),
(71970, 35),
(71971, 29),
(71971, 35),
(71972, 29),
(71972, 35),
(71973, 29),
(71973, 35),
(71974, 29),
(71974, 35),
(71975, 29),
(71975, 35),
(71976, 29),
(71976, 35),
(71977, 29),
(71977, 36),
(71978, 29),
(71978, 36),
(71979, 29),
(71979, 36),
(71980, 29),
(71980, 36),
(71981, 29),
(71981, 36),
(71982, 29),
(71982, 36),
(71983, 29),
(71983, 36),
(71984, 29),
(71984, 36),
(71985, 29),
(71985, 36),
(71986, 29),
(71986, 36),
(71987, 29),
(71987, 36),
(71988, 29),
(71988, 36),
(71989, 29),
(71989, 36),
(71990, 29),
(71990, 36),
(71991, 29),
(71991, 36),
(71992, 29),
(71992, 37),
(71993, 29),
(71993, 37),
(71994, 29),
(71994, 37),
(71995, 29),
(71995, 37),
(71996, 29),
(71996, 37),
(71997, 29),
(71997, 37),
(71998, 29),
(71998, 37),
(71999, 29),
(71999, 37),
(72000, 29),
(72000, 37),
(72001, 29),
(72001, 37),
(72002, 29),
(72002, 37),
(72003, 29),
(72003, 37),
(72004, 29),
(72004, 38),
(72005, 29),
(72005, 38),
(72006, 29),
(72006, 38),
(72007, 29),
(72007, 38),
(72008, 29),
(72008, 38),
(72009, 29),
(72009, 38),
(72010, 29),
(72010, 38),
(72011, 29),
(72011, 38),
(72012, 29),
(72012, 38),
(72013, 29),
(72013, 38),
(72014, 29),
(72014, 38),
(72015, 29),
(72015, 39),
(72016, 29),
(72016, 39),
(72017, 29),
(72017, 39),
(72018, 29),
(72018, 39),
(72019, 29),
(72019, 39),
(72020, 29),
(72020, 39),
(72021, 29),
(72021, 39),
(72022, 29),
(72022, 39),
(72023, 29),
(72023, 39),
(72024, 29),
(72024, 39),
(72025, 29),
(72025, 40),
(72026, 29),
(72026, 40),
(72027, 29),
(72027, 40),
(72028, 29),
(72028, 40),
(72029, 29),
(72029, 40),
(72030, 29),
(72030, 40),
(72031, 29),
(72031, 40),
(72032, 29),
(72032, 40),
(72033, 29),
(72033, 40),
(72034, 29),
(72034, 40),
(72035, 29),
(72035, 40),
(72036, 29),
(72036, 40),
(72037, 29),
(72037, 41),
(72038, 29),
(72038, 41),
(72039, 29),
(72039, 41),
(72040, 29),
(72040, 41),
(72041, 29),
(72041, 41),
(72042, 29),
(72042, 41),
(72043, 29),
(72043, 41),
(72044, 29),
(72044, 41),
(72045, 29),
(72045, 41),
(72046, 29),
(72046, 41),
(72047, 29),
(72047, 42),
(72048, 29),
(72048, 42),
(72049, 29),
(72049, 42),
(72050, 29),
(72050, 42),
(72051, 29),
(72051, 42),
(72052, 29),
(72052, 42),
(72053, 29),
(72053, 42),
(72054, 29),
(72054, 42),
(72055, 29),
(72055, 42),
(72056, 29),
(72056, 42),
(72057, 29),
(72057, 43),
(72058, 29),
(72058, 43),
(72059, 29),
(72059, 43),
(72060, 29),
(72060, 43),
(72061, 29),
(72061, 43),
(72062, 29),
(72062, 43),
(72063, 29),
(72063, 43),
(72064, 29),
(72064, 43),
(72065, 29),
(72065, 43),
(72066, 29),
(72066, 43),
(72067, 29),
(72067, 44),
(72068, 29),
(72068, 44),
(72069, 29),
(72069, 44),
(72070, 29),
(72070, 44),
(72071, 29),
(72071, 44),
(72072, 29),
(72072, 44),
(72073, 29),
(72073, 44),
(72074, 29),
(72074, 44),
(72075, 29),
(72075, 44),
(72076, 29),
(72076, 44),
(72077, 29),
(72077, 44),
(72078, 29),
(72078, 44),
(72079, 29),
(72079, 44),
(72080, 29),
(72080, 45),
(72081, 29),
(72081, 45),
(72082, 29),
(72082, 45),
(72083, 29),
(72083, 45),
(72084, 29),
(72084, 45),
(72085, 29),
(72085, 45),
(72086, 29),
(72086, 45),
(72087, 29),
(72087, 45),
(72088, 29),
(72088, 45),
(72089, 29),
(72089, 45),
(72090, 29),
(72090, 34),
(72091, 29),
(72091, 34),
(72092, 29),
(72092, 34),
(72093, 29),
(72093, 34),
(72094, 29),
(72094, 34),
(72095, 29),
(72095, 34),
(72096, 29),
(72096, 34),
(72097, 29),
(72097, 34),
(72098, 29),
(72098, 34),
(72099, 29),
(72099, 34),
(72100, 29),
(72100, 34),
(72101, 29),
(72101, 34),
(72102, 29),
(72102, 34),
(72103, 29),
(72103, 34),
(72104, 29),
(72104, 34),
(72105, 29),
(72105, 34),
(72106, 29),
(72106, 34),
(72107, 29),
(72107, 34),
(72108, 29),
(72108, 34),
(72109, 29),
(72109, 34),
(72110, 29),
(72110, 34),
(72111, 29),
(72111, 34),
(72112, 29),
(72112, 34),
(72113, 29),
(72113, 34),
(72114, 29),
(72114, 34),
(72115, 29),
(72115, 34),
(72116, 29),
(72116, 34),
(72117, 29),
(72117, 34),
(72118, 29),
(72118, 34),
(72119, 29),
(72119, 34),
(72120, 29),
(72120, 34),
(72121, 29),
(72121, 34),
(72122, 29),
(72122, 34),
(72123, 29),
(72123, 34),
(72124, 29),
(72124, 35),
(72125, 29),
(72125, 35),
(72126, 29),
(72126, 35),
(72127, 29),
(72127, 35),
(72128, 29),
(72128, 35),
(72129, 29),
(72129, 35),
(72130, 29),
(72130, 35),
(72131, 29),
(72131, 35),
(72132, 29),
(72132, 35),
(72133, 29),
(72133, 35),
(72134, 29),
(72134, 35),
(72135, 29),
(72135, 35),
(72136, 29),
(72136, 35),
(72137, 29),
(72137, 36),
(72138, 29),
(72138, 36),
(72139, 29),
(72139, 36),
(72140, 29),
(72140, 36),
(72141, 29),
(72141, 36),
(72142, 29),
(72142, 36),
(72143, 29),
(72143, 36),
(72144, 29),
(72144, 36),
(72145, 29),
(72145, 36),
(72146, 29),
(72146, 36),
(72147, 29),
(72147, 36),
(72148, 29),
(72148, 36),
(72149, 29),
(72149, 36),
(72150, 29),
(72150, 36),
(72151, 29),
(72151, 36),
(72152, 29),
(72152, 37),
(72153, 29),
(72153, 37),
(72154, 29),
(72154, 37),
(72155, 29),
(72155, 37),
(72156, 29),
(72156, 37),
(72157, 29),
(72157, 37),
(72158, 29),
(72158, 37),
(72159, 29),
(72159, 37),
(72160, 29),
(72160, 37),
(72161, 29),
(72161, 37),
(72162, 29),
(72162, 37),
(72163, 29),
(72163, 37),
(72164, 29),
(72164, 38),
(72165, 29),
(72165, 38),
(72166, 29),
(72166, 38),
(72167, 29),
(72167, 38),
(72168, 29),
(72168, 38),
(72169, 29),
(72169, 38),
(72170, 29),
(72170, 38),
(72171, 29),
(72171, 38),
(72172, 29),
(72172, 38),
(72173, 29),
(72173, 38),
(72174, 29),
(72174, 38),
(72175, 29),
(72175, 39),
(72176, 29),
(72176, 39),
(72177, 29),
(72177, 39),
(72178, 29),
(72178, 39),
(72179, 29),
(72179, 39),
(72180, 29),
(72180, 39),
(72181, 29),
(72181, 39),
(72182, 29),
(72182, 39),
(72183, 29),
(72183, 39),
(72184, 29),
(72184, 39),
(72185, 29),
(72185, 40),
(72186, 29),
(72186, 40),
(72187, 29),
(72187, 40),
(72188, 29),
(72188, 40),
(72189, 29),
(72189, 40),
(72190, 29),
(72190, 40),
(72191, 29),
(72191, 40),
(72192, 29),
(72192, 40),
(72193, 29),
(72193, 40),
(72194, 29),
(72194, 40),
(72195, 29),
(72195, 40),
(72196, 29),
(72196, 40),
(72197, 29),
(72197, 41),
(72198, 29),
(72198, 41),
(72199, 29),
(72199, 41),
(72200, 29),
(72200, 41),
(72201, 29),
(72201, 41),
(72202, 29),
(72202, 41),
(72203, 29),
(72203, 41),
(72204, 29),
(72204, 41),
(72205, 29),
(72205, 41),
(72206, 29),
(72206, 41),
(72207, 29),
(72207, 42),
(72208, 29),
(72208, 42),
(72209, 29),
(72209, 42),
(72210, 29),
(72210, 42),
(72211, 29),
(72211, 42),
(72212, 29),
(72212, 42),
(72213, 29),
(72213, 42),
(72214, 29),
(72214, 42),
(72215, 29),
(72215, 42),
(72216, 29),
(72216, 42),
(72217, 29),
(72217, 43),
(72218, 29),
(72218, 43),
(72219, 29),
(72219, 43),
(72220, 29),
(72220, 43),
(72221, 29),
(72221, 43),
(72222, 29),
(72222, 43),
(72223, 29),
(72223, 43),
(72224, 29),
(72224, 43),
(72225, 29),
(72225, 43),
(72226, 29),
(72226, 43),
(72227, 29),
(72227, 44),
(72228, 29),
(72228, 44),
(72229, 29),
(72229, 44),
(72230, 29),
(72230, 44),
(72231, 29),
(72231, 44),
(72232, 29),
(72232, 44),
(72233, 29),
(72233, 44),
(72234, 29),
(72234, 44),
(72235, 29),
(72235, 44),
(72236, 29),
(72236, 44),
(72237, 29),
(72237, 44),
(72238, 29),
(72238, 44),
(72239, 29),
(72239, 44),
(72240, 29),
(72240, 45),
(72241, 29),
(72241, 45),
(72242, 29),
(72242, 45),
(72243, 29),
(72243, 45),
(72244, 29),
(72244, 45),
(72245, 29),
(72245, 45),
(72246, 29),
(72246, 45),
(72247, 29),
(72247, 45),
(72248, 29),
(72248, 45),
(72249, 29),
(72249, 45),
(72250, 29),
(72250, 34),
(72251, 29),
(72251, 34),
(72252, 29),
(72252, 34),
(72253, 29),
(72253, 34),
(72254, 29),
(72254, 34),
(72255, 29),
(72255, 34),
(72256, 29),
(72256, 34),
(72257, 29),
(72257, 34),
(72258, 29),
(72258, 34),
(72259, 29),
(72259, 34),
(72260, 29),
(72260, 34),
(72261, 29),
(72261, 34),
(72262, 29),
(72262, 34),
(72263, 29),
(72263, 34),
(72264, 29),
(72264, 34),
(72265, 29),
(72265, 34),
(72266, 29),
(72266, 34),
(72267, 29),
(72267, 34),
(72268, 29),
(72268, 34),
(72269, 29),
(72269, 34),
(72270, 29),
(72270, 34),
(72271, 29),
(72271, 34),
(72272, 29),
(72272, 34),
(72273, 29),
(72273, 34),
(72274, 29),
(72274, 34),
(72275, 29),
(72275, 34),
(72276, 29),
(72276, 34),
(72277, 29),
(72277, 34),
(72278, 29),
(72278, 34),
(72279, 29),
(72279, 34),
(72280, 29),
(72280, 34),
(72281, 29),
(72281, 34),
(72282, 29),
(72282, 34),
(72283, 29),
(72283, 34),
(72284, 29),
(72284, 35),
(72285, 29),
(72285, 35),
(72286, 29),
(72286, 35),
(72287, 29),
(72287, 35),
(72288, 29),
(72288, 35),
(72289, 29),
(72289, 35),
(72290, 29),
(72290, 35),
(72291, 29),
(72291, 35),
(72292, 29),
(72292, 35),
(72293, 29),
(72293, 35),
(72294, 29),
(72294, 35),
(72295, 29),
(72295, 35),
(72296, 29),
(72296, 35),
(72297, 29),
(72297, 36),
(72298, 29),
(72298, 36),
(72299, 29),
(72299, 36),
(72300, 29),
(72300, 36),
(72301, 29),
(72301, 36),
(72302, 29),
(72302, 36),
(72303, 29),
(72303, 36),
(72304, 29),
(72304, 36),
(72305, 29),
(72305, 36),
(72306, 29),
(72306, 36),
(72307, 29),
(72307, 36),
(72308, 29),
(72308, 36),
(72309, 29),
(72309, 36),
(72310, 29),
(72310, 36),
(72311, 29),
(72311, 36),
(72312, 29),
(72312, 37),
(72313, 29),
(72313, 37),
(72314, 29),
(72314, 37),
(72315, 29),
(72315, 37),
(72316, 29),
(72316, 37),
(72317, 29),
(72317, 37),
(72318, 29),
(72318, 37),
(72319, 29),
(72319, 37),
(72320, 29),
(72320, 37),
(72321, 29),
(72321, 37),
(72322, 29),
(72322, 37),
(72323, 29),
(72323, 37),
(72324, 29),
(72324, 38),
(72325, 29),
(72325, 38),
(72326, 29),
(72326, 38),
(72327, 29),
(72327, 38),
(72328, 29),
(72328, 38),
(72329, 29),
(72329, 38),
(72330, 29),
(72330, 38),
(72331, 29),
(72331, 38),
(72332, 29),
(72332, 38),
(72333, 29),
(72333, 38),
(72334, 29),
(72334, 38),
(72335, 29),
(72335, 39),
(72336, 29),
(72336, 39),
(72337, 29),
(72337, 39),
(72338, 29),
(72338, 39),
(72339, 29),
(72339, 39),
(72340, 29),
(72340, 39),
(72341, 29),
(72341, 39),
(72342, 29),
(72342, 39),
(72343, 29),
(72343, 39),
(72344, 29),
(72344, 39),
(72345, 29),
(72345, 40),
(72346, 29),
(72346, 40),
(72347, 29),
(72347, 40),
(72348, 29),
(72348, 40),
(72349, 29),
(72349, 40),
(72350, 29),
(72350, 40),
(72351, 29),
(72351, 40),
(72352, 29),
(72352, 40),
(72353, 29),
(72353, 40),
(72354, 29),
(72354, 40),
(72355, 29),
(72355, 40),
(72356, 29),
(72356, 40),
(72357, 29),
(72357, 41),
(72358, 29),
(72358, 41),
(72359, 29),
(72359, 41),
(72360, 29),
(72360, 41),
(72361, 29),
(72361, 41),
(72362, 29),
(72362, 41),
(72363, 29),
(72363, 41),
(72364, 29),
(72364, 41),
(72365, 29),
(72365, 41),
(72366, 29),
(72366, 41),
(72367, 29),
(72367, 42),
(72368, 29),
(72368, 42),
(72369, 29),
(72369, 42),
(72370, 29),
(72370, 42),
(72371, 29),
(72371, 42),
(72372, 29),
(72372, 42),
(72373, 29),
(72373, 42),
(72374, 29),
(72374, 42),
(72375, 29),
(72375, 42),
(72376, 29),
(72376, 42),
(72377, 29),
(72377, 43),
(72378, 29),
(72378, 43),
(72379, 29),
(72379, 43),
(72380, 29),
(72380, 43),
(72381, 29),
(72381, 43),
(72382, 29),
(72382, 43),
(72383, 29),
(72383, 43),
(72384, 29),
(72384, 43),
(72385, 29),
(72385, 43),
(72386, 29),
(72386, 43),
(72387, 29),
(72387, 44),
(72388, 29),
(72388, 44),
(72389, 29),
(72389, 44),
(72390, 29),
(72390, 44),
(72391, 29),
(72391, 44),
(72392, 29),
(72392, 44),
(72393, 29),
(72393, 44),
(72394, 29),
(72394, 44),
(72395, 29),
(72395, 44),
(72396, 29),
(72396, 44),
(72397, 29),
(72397, 44),
(72398, 29),
(72398, 44),
(72399, 29),
(72399, 44),
(72400, 29),
(72400, 45),
(72401, 29),
(72401, 45),
(72402, 29),
(72402, 45),
(72403, 29),
(72403, 45),
(72404, 29),
(72404, 45),
(72405, 29),
(72405, 45),
(72406, 29),
(72406, 45),
(72407, 29),
(72407, 45),
(72408, 29),
(72408, 45),
(72409, 29),
(72409, 45),
(72410, 29),
(72410, 34),
(72411, 29),
(72411, 34),
(72412, 29),
(72412, 34),
(72413, 29),
(72413, 34),
(72414, 29),
(72414, 34),
(72415, 29),
(72415, 34),
(72416, 29),
(72416, 34),
(72417, 29),
(72417, 34),
(72418, 29),
(72418, 34),
(72419, 29),
(72419, 34),
(72420, 29),
(72420, 34),
(72421, 29),
(72421, 34),
(72422, 29),
(72422, 34),
(72423, 29),
(72423, 34),
(72424, 29),
(72424, 34),
(72425, 29),
(72425, 34),
(72426, 29),
(72426, 34),
(72427, 29),
(72427, 34),
(72428, 29),
(72428, 34),
(72429, 29),
(72429, 34),
(72430, 29),
(72430, 34),
(72431, 29),
(72431, 34),
(72432, 29),
(72432, 34),
(72433, 29),
(72433, 34),
(72434, 29),
(72434, 34),
(72435, 29),
(72435, 34),
(72436, 29),
(72436, 34),
(72437, 29),
(72437, 34),
(72438, 29),
(72438, 34),
(72439, 29),
(72439, 34),
(72440, 29),
(72440, 34),
(72441, 29),
(72441, 34),
(72442, 29),
(72442, 34),
(72443, 29),
(72443, 34),
(72444, 29),
(72444, 35),
(72445, 29),
(72445, 35),
(72446, 29),
(72446, 35),
(72447, 29),
(72447, 35),
(72448, 29),
(72448, 35),
(72449, 29),
(72449, 35),
(72450, 29),
(72450, 35),
(72451, 29),
(72451, 35),
(72452, 29),
(72452, 35),
(72453, 29),
(72453, 35),
(72454, 29),
(72454, 35),
(72455, 29),
(72455, 35),
(72456, 29),
(72456, 35),
(72457, 29),
(72457, 36),
(72458, 29),
(72458, 36),
(72459, 29),
(72459, 36),
(72460, 29),
(72460, 36),
(72461, 29),
(72461, 36),
(72462, 29),
(72462, 36),
(72463, 29),
(72463, 36),
(72464, 29),
(72464, 36),
(72465, 29),
(72465, 36),
(72466, 29),
(72466, 36),
(72467, 29),
(72467, 36),
(72468, 29),
(72468, 36),
(72469, 29),
(72469, 36),
(72470, 29),
(72470, 36),
(72471, 29),
(72471, 36),
(72472, 29),
(72472, 37),
(72473, 29),
(72473, 37),
(72474, 29),
(72474, 37),
(72475, 29),
(72475, 37),
(72476, 29),
(72476, 37),
(72477, 29),
(72477, 37),
(72478, 29),
(72478, 37),
(72479, 29),
(72479, 37),
(72480, 29),
(72480, 37),
(72481, 29),
(72481, 37),
(72482, 29),
(72482, 37),
(72483, 29),
(72483, 37),
(72484, 29),
(72484, 38),
(72485, 29),
(72485, 38),
(72486, 29),
(72486, 38),
(72487, 29),
(72487, 38),
(72488, 29),
(72488, 38),
(72489, 29),
(72489, 38),
(72490, 29),
(72490, 38),
(72491, 29),
(72491, 38),
(72492, 29),
(72492, 38),
(72493, 29),
(72493, 38),
(72494, 29),
(72494, 38),
(72495, 29),
(72495, 39),
(72496, 29),
(72496, 39),
(72497, 29),
(72497, 39),
(72498, 29),
(72498, 39),
(72499, 29),
(72499, 39),
(72500, 29),
(72500, 39),
(72501, 29),
(72501, 39),
(72502, 29),
(72502, 39),
(72503, 29),
(72503, 39),
(72504, 29),
(72504, 39),
(72505, 29),
(72505, 40),
(72506, 29),
(72506, 40),
(72507, 29),
(72507, 40),
(72508, 29),
(72508, 40),
(72509, 29),
(72509, 40),
(72510, 29),
(72510, 40),
(72511, 29),
(72511, 40),
(72512, 29),
(72512, 40),
(72513, 29),
(72513, 40),
(72514, 29),
(72514, 40),
(72515, 29),
(72515, 40),
(72516, 29),
(72516, 40),
(72517, 29),
(72517, 41),
(72518, 29),
(72518, 41),
(72519, 29),
(72519, 41),
(72520, 29),
(72520, 41),
(72521, 29),
(72521, 41),
(72522, 29),
(72522, 41),
(72523, 29),
(72523, 41),
(72524, 29),
(72524, 41),
(72525, 29),
(72525, 41),
(72526, 29),
(72526, 41),
(72527, 29),
(72527, 42),
(72528, 29),
(72528, 42),
(72529, 29),
(72529, 42),
(72530, 29),
(72530, 42),
(72531, 29),
(72531, 42),
(72532, 29),
(72532, 42),
(72533, 29),
(72533, 42),
(72534, 29),
(72534, 42),
(72535, 29),
(72535, 42),
(72536, 29),
(72536, 42),
(72537, 29),
(72537, 43),
(72538, 29),
(72538, 43),
(72539, 29),
(72539, 43),
(72540, 29),
(72540, 43),
(72541, 29),
(72541, 43),
(72542, 29),
(72542, 43),
(72543, 29),
(72543, 43),
(72544, 29),
(72544, 43),
(72545, 29),
(72545, 43),
(72546, 29),
(72546, 43),
(72547, 29),
(72547, 44),
(72548, 29),
(72548, 44),
(72549, 29),
(72549, 44),
(72550, 29),
(72550, 44),
(72551, 29),
(72551, 44),
(72552, 29),
(72552, 44),
(72553, 29),
(72553, 44),
(72554, 29),
(72554, 44),
(72555, 29),
(72555, 44),
(72556, 29),
(72556, 44),
(72557, 29),
(72557, 44),
(72558, 29),
(72558, 44),
(72559, 29),
(72559, 44),
(72560, 29),
(72560, 45),
(72561, 29),
(72561, 45),
(72562, 29),
(72562, 45),
(72563, 29),
(72563, 45),
(72564, 29),
(72564, 45),
(72565, 29),
(72565, 45),
(72566, 29),
(72566, 45),
(72567, 29),
(72567, 45),
(72568, 29),
(72568, 45),
(72569, 29),
(72569, 45),
(72571, 29),
(72571, 34),
(72572, 29),
(72572, 34),
(72573, 29),
(72573, 34),
(72574, 29),
(72574, 34),
(72575, 29),
(72575, 34),
(72576, 29),
(72576, 34),
(72577, 29),
(72577, 34),
(72578, 29),
(72578, 34),
(72579, 29),
(72579, 34),
(72580, 29),
(72580, 34),
(72581, 29),
(72581, 34),
(72582, 29),
(72582, 34),
(72583, 29),
(72583, 34),
(72584, 29),
(72584, 34),
(72585, 29),
(72585, 34),
(72586, 29),
(72586, 34),
(72587, 29),
(72587, 34),
(72588, 29),
(72588, 34),
(72589, 29),
(72589, 34),
(72590, 29),
(72590, 34),
(72591, 29),
(72591, 34),
(72592, 29),
(72592, 34),
(72593, 29),
(72593, 34),
(72594, 29),
(72594, 34),
(72595, 29),
(72595, 34),
(72596, 29),
(72596, 34),
(72597, 29),
(72597, 34),
(72598, 29),
(72598, 34),
(72599, 29),
(72599, 34),
(72600, 29),
(72600, 34),
(72601, 29),
(72601, 34),
(72602, 29),
(72602, 34),
(72603, 29),
(72603, 34),
(72604, 29),
(72604, 34),
(72605, 29),
(72605, 35),
(72606, 29),
(72606, 35),
(72607, 29),
(72607, 35),
(72608, 29),
(72608, 35),
(72609, 29),
(72609, 35),
(72610, 29),
(72610, 35),
(72611, 29),
(72611, 35),
(72612, 29),
(72612, 35),
(72613, 29),
(72613, 35),
(72614, 29),
(72614, 35),
(72615, 29),
(72615, 35),
(72616, 29),
(72616, 35),
(72617, 29),
(72617, 35),
(72618, 29),
(72618, 36),
(72619, 29),
(72619, 36),
(72620, 29),
(72620, 36),
(72621, 29),
(72621, 36),
(72622, 29),
(72622, 36),
(72623, 29),
(72623, 36),
(72624, 29),
(72624, 36),
(72625, 29),
(72625, 36),
(72626, 29),
(72626, 36),
(72627, 29),
(72627, 36),
(72628, 29),
(72628, 36),
(72629, 29),
(72629, 36),
(72630, 29),
(72630, 36),
(72631, 29),
(72631, 36),
(72632, 29),
(72632, 36),
(72633, 29),
(72633, 37),
(72634, 29),
(72634, 37),
(72635, 29),
(72635, 37),
(72636, 29),
(72636, 37),
(72637, 29),
(72637, 37),
(72638, 29),
(72638, 37),
(72639, 29),
(72639, 37),
(72640, 29),
(72640, 37),
(72641, 29),
(72641, 37),
(72642, 29),
(72642, 37),
(72643, 29),
(72643, 37),
(72644, 29),
(72644, 37),
(72645, 29),
(72645, 38),
(72646, 29),
(72646, 38),
(72647, 29),
(72647, 38),
(72648, 29),
(72648, 38),
(72649, 29),
(72649, 38),
(72650, 29),
(72650, 38),
(72651, 29),
(72651, 38),
(72652, 29),
(72652, 38),
(72653, 29),
(72653, 38),
(72654, 29),
(72654, 38),
(72655, 29),
(72655, 38),
(72656, 29),
(72656, 39),
(72657, 29),
(72657, 39),
(72658, 29),
(72658, 39),
(72659, 29),
(72659, 39),
(72660, 29),
(72660, 39),
(72661, 29),
(72661, 39),
(72662, 29),
(72662, 39),
(72663, 29),
(72663, 39),
(72664, 29),
(72664, 39),
(72665, 29),
(72665, 39),
(72666, 29),
(72666, 40),
(72667, 29),
(72667, 40),
(72668, 29),
(72668, 40),
(72669, 29),
(72669, 40),
(72670, 29),
(72670, 40),
(72671, 29),
(72671, 40),
(72672, 29),
(72672, 40),
(72673, 29),
(72673, 40),
(72674, 29),
(72674, 40),
(72675, 29),
(72675, 40),
(72676, 29),
(72676, 40),
(72677, 29),
(72677, 40),
(72678, 29),
(72678, 41),
(72679, 29),
(72679, 41),
(72680, 29),
(72680, 41),
(72681, 29),
(72681, 41),
(72682, 29),
(72682, 41),
(72683, 29),
(72683, 41),
(72684, 29),
(72684, 41),
(72685, 29),
(72685, 41),
(72686, 29),
(72686, 41),
(72687, 29),
(72687, 41),
(72688, 29),
(72688, 42),
(72689, 29),
(72689, 42),
(72690, 29),
(72690, 42),
(72691, 29),
(72691, 42),
(72692, 29),
(72692, 42),
(72693, 29),
(72693, 42),
(72694, 29),
(72694, 42),
(72695, 29),
(72695, 42),
(72696, 29),
(72696, 42),
(72697, 29),
(72697, 42),
(72698, 29),
(72698, 43),
(72699, 29),
(72699, 43),
(72700, 29),
(72700, 43),
(72701, 29),
(72701, 43),
(72702, 29),
(72702, 43),
(72703, 29),
(72703, 43),
(72704, 29),
(72704, 43),
(72705, 29),
(72705, 43),
(72706, 29),
(72706, 43),
(72707, 29),
(72707, 43),
(72708, 29),
(72708, 44),
(72709, 29),
(72709, 44),
(72710, 29),
(72710, 44),
(72711, 29),
(72711, 44),
(72712, 29),
(72712, 44),
(72713, 29),
(72713, 44),
(72714, 29),
(72714, 44),
(72715, 29),
(72715, 44),
(72716, 29),
(72716, 44),
(72717, 29),
(72717, 44),
(72718, 29),
(72718, 44),
(72719, 29),
(72719, 44),
(72720, 29),
(72720, 44),
(72721, 29),
(72721, 45),
(72722, 29),
(72722, 45),
(72723, 29),
(72723, 45),
(72724, 29),
(72724, 45),
(72725, 29),
(72725, 45),
(72726, 29),
(72726, 45),
(72727, 29),
(72727, 45),
(72728, 29),
(72728, 45),
(72729, 29),
(72729, 45),
(72730, 29),
(72730, 45),
(72733, 29),
(72733, 34),
(72734, 29);
INSERT INTO `clipart_tag_rel` (`clipart_id`, `tag_id`) VALUES
(72734, 34),
(72735, 29),
(72735, 34),
(72736, 29),
(72736, 34),
(72737, 29),
(72737, 34),
(72738, 29),
(72738, 34),
(72739, 29),
(72739, 34),
(72740, 29),
(72740, 34),
(72741, 29),
(72741, 34),
(72742, 29),
(72742, 34),
(72743, 29),
(72743, 34),
(72744, 29),
(72744, 34),
(72745, 29),
(72745, 34),
(72746, 29),
(72746, 34),
(72747, 29),
(72747, 34),
(72748, 29),
(72748, 34),
(72749, 29),
(72749, 34),
(72750, 29),
(72750, 34),
(72751, 29),
(72751, 34),
(72752, 29),
(72752, 34),
(72753, 29),
(72753, 34),
(72754, 29),
(72754, 34),
(72755, 29),
(72755, 34),
(72756, 29),
(72756, 34),
(72757, 29),
(72757, 34),
(72758, 29),
(72758, 34),
(72759, 29),
(72759, 34),
(72760, 29),
(72760, 34),
(72761, 29),
(72761, 34),
(72762, 29),
(72762, 34),
(72763, 29),
(72763, 34),
(72764, 29),
(72764, 34),
(72765, 29),
(72765, 34),
(72766, 29),
(72766, 34),
(72767, 29),
(72767, 35),
(72768, 29),
(72768, 35),
(72769, 29),
(72769, 35),
(72770, 29),
(72770, 35),
(72771, 29),
(72771, 35),
(72772, 29),
(72772, 35),
(72773, 29),
(72773, 35),
(72774, 29),
(72774, 35),
(72775, 29),
(72775, 35),
(72776, 29),
(72776, 35),
(72777, 29),
(72777, 35),
(72778, 29),
(72778, 35),
(72779, 29),
(72779, 35),
(72780, 29),
(72780, 36),
(72781, 29),
(72781, 36),
(72782, 29),
(72782, 36),
(72783, 29),
(72783, 36),
(72784, 29),
(72784, 36),
(72785, 29),
(72785, 36),
(72786, 29),
(72786, 36),
(72787, 29),
(72787, 36),
(72788, 29),
(72788, 36),
(72789, 29),
(72789, 36),
(72790, 29),
(72790, 36),
(72791, 29),
(72791, 36),
(72792, 29),
(72792, 36),
(72793, 29),
(72793, 36),
(72794, 29),
(72794, 36),
(72795, 29),
(72795, 37),
(72796, 29),
(72796, 37),
(72797, 29),
(72797, 37),
(72798, 29),
(72798, 37),
(72799, 29),
(72799, 37),
(72800, 29),
(72800, 37),
(72801, 29),
(72801, 37),
(72802, 29),
(72802, 37),
(72803, 29),
(72803, 37),
(72804, 29),
(72804, 37),
(72805, 29),
(72805, 37),
(72806, 29),
(72806, 37),
(72807, 29),
(72807, 38),
(72808, 29),
(72808, 38),
(72809, 29),
(72809, 38),
(72810, 29),
(72810, 38),
(72811, 29),
(72811, 38),
(72812, 29),
(72812, 38),
(72813, 29),
(72813, 38),
(72814, 29),
(72814, 38),
(72815, 29),
(72815, 38),
(72816, 29),
(72816, 38),
(72817, 29),
(72817, 38),
(72818, 29),
(72818, 39),
(72819, 29),
(72819, 39),
(72820, 29),
(72820, 39),
(72821, 29),
(72821, 39),
(72822, 29),
(72822, 39),
(72823, 29),
(72823, 39),
(72824, 29),
(72824, 39),
(72825, 29),
(72825, 39),
(72826, 29),
(72826, 39),
(72827, 29),
(72827, 39),
(72828, 29),
(72828, 40),
(72829, 29),
(72829, 40),
(72830, 29),
(72830, 40),
(72831, 29),
(72831, 40),
(72832, 29),
(72832, 40),
(72833, 29),
(72833, 40),
(72834, 29),
(72834, 40),
(72835, 29),
(72835, 40),
(72836, 29),
(72836, 40),
(72837, 29),
(72837, 40),
(72838, 29),
(72838, 40),
(72839, 29),
(72839, 40),
(72840, 29),
(72840, 41),
(72841, 29),
(72841, 41),
(72842, 29),
(72842, 41),
(72843, 29),
(72843, 41),
(72844, 29),
(72844, 41),
(72845, 29),
(72845, 41),
(72846, 29),
(72846, 41),
(72847, 29),
(72847, 41),
(72848, 29),
(72848, 41),
(72849, 29),
(72849, 41),
(72850, 29),
(72850, 42),
(72851, 29),
(72851, 42),
(72852, 29),
(72852, 42),
(72853, 29),
(72853, 42),
(72854, 29),
(72854, 42),
(72855, 29),
(72855, 42),
(72856, 29),
(72856, 42),
(72857, 29),
(72857, 42),
(72858, 29),
(72858, 42),
(72859, 29),
(72859, 42),
(72860, 29),
(72860, 43),
(72861, 29),
(72861, 43),
(72862, 29),
(72862, 43),
(72863, 29),
(72863, 43),
(72864, 29),
(72864, 43),
(72865, 29),
(72865, 43),
(72866, 29),
(72866, 43),
(72867, 29),
(72867, 43),
(72868, 29),
(72868, 43),
(72869, 29),
(72869, 43),
(72870, 29),
(72870, 44),
(72871, 29),
(72871, 44),
(72872, 29),
(72872, 44),
(72873, 29),
(72873, 44),
(72874, 29),
(72874, 44),
(72875, 29),
(72875, 44),
(72876, 29),
(72876, 44),
(72877, 29),
(72877, 44),
(72878, 29),
(72878, 44),
(72879, 29),
(72879, 44),
(72880, 29),
(72880, 44),
(72881, 29),
(72881, 44),
(72882, 29),
(72882, 44),
(72883, 29),
(72883, 45),
(72884, 29),
(72884, 45),
(72885, 29),
(72885, 45),
(72886, 29),
(72886, 45),
(72887, 29),
(72887, 45),
(72888, 29),
(72888, 45),
(72889, 29),
(72889, 45),
(72890, 29),
(72890, 45),
(72891, 29),
(72891, 45),
(72892, 29),
(72892, 45),
(72894, 29),
(72894, 34),
(72895, 29),
(72895, 34),
(72896, 29),
(72896, 34),
(72897, 29),
(72897, 34),
(72898, 29),
(72898, 34),
(72899, 29),
(72899, 34),
(72900, 29),
(72900, 34),
(72901, 29),
(72901, 34),
(72902, 29),
(72902, 34),
(72903, 29),
(72903, 34),
(72904, 29),
(72904, 34),
(72905, 29),
(72905, 34),
(72906, 29),
(72906, 34),
(72907, 29),
(72907, 34),
(72908, 29),
(72908, 34),
(72909, 29),
(72909, 34),
(72910, 29),
(72910, 34),
(72911, 29),
(72911, 34),
(72912, 29),
(72912, 34),
(72913, 29),
(72913, 34),
(72914, 29),
(72914, 34),
(72915, 29),
(72915, 34),
(72916, 29),
(72916, 34),
(72917, 29),
(72917, 34),
(72918, 29),
(72918, 34),
(72919, 29),
(72919, 34),
(72920, 29),
(72920, 34),
(72921, 29),
(72921, 34),
(72922, 29),
(72922, 34),
(72923, 29),
(72923, 34),
(72924, 29),
(72924, 34),
(72925, 29),
(72925, 34),
(72926, 29),
(72926, 34),
(72927, 29),
(72927, 34),
(72928, 29),
(72928, 35),
(72929, 29),
(72929, 35),
(72930, 29),
(72930, 35),
(72931, 29),
(72931, 35),
(72932, 29),
(72932, 35),
(72933, 29),
(72933, 35),
(72934, 29),
(72934, 35),
(72935, 29),
(72935, 35),
(72936, 29),
(72936, 35),
(72937, 29),
(72937, 35),
(72938, 29),
(72938, 35),
(72939, 29),
(72939, 35),
(72940, 29),
(72940, 35),
(72941, 29),
(72941, 36),
(72942, 29),
(72942, 36),
(72943, 29),
(72943, 36),
(72944, 29),
(72944, 36),
(72945, 29),
(72945, 36),
(72946, 29),
(72946, 36),
(72947, 29),
(72947, 36),
(72948, 29),
(72948, 36),
(72949, 29),
(72949, 36),
(72950, 29),
(72950, 36),
(72951, 29),
(72951, 36),
(72952, 29),
(72952, 36),
(72953, 29),
(72953, 36),
(72954, 29),
(72954, 36),
(72955, 29),
(72955, 36),
(72956, 29),
(72956, 37),
(72957, 29),
(72957, 37),
(72958, 29),
(72958, 37),
(72959, 29),
(72959, 37),
(72960, 29),
(72960, 37),
(72961, 29),
(72961, 37),
(72962, 29),
(72962, 37),
(72963, 29),
(72963, 37),
(72964, 29),
(72964, 37),
(72965, 29),
(72965, 37),
(72966, 29),
(72966, 37),
(72967, 29),
(72967, 37),
(72968, 29),
(72968, 38),
(72969, 29),
(72969, 38),
(72970, 29),
(72970, 38),
(72971, 29),
(72971, 38),
(72972, 29),
(72972, 38),
(72973, 29),
(72973, 38),
(72974, 29),
(72974, 38),
(72975, 29),
(72975, 38),
(72976, 29),
(72976, 38),
(72977, 29),
(72977, 38),
(72978, 29),
(72978, 38),
(72979, 29),
(72979, 39),
(72980, 29),
(72980, 39),
(72981, 29),
(72981, 39),
(72982, 29),
(72982, 39),
(72983, 29),
(72983, 39),
(72984, 29),
(72984, 39),
(72985, 29),
(72985, 39),
(72986, 29),
(72986, 39),
(72987, 29),
(72987, 39),
(72988, 29),
(72988, 39),
(72989, 29),
(72989, 40),
(72990, 29),
(72990, 40),
(72991, 29),
(72991, 40),
(72992, 29),
(72992, 40),
(72993, 29),
(72993, 40),
(72994, 29),
(72994, 40),
(72995, 29),
(72995, 40),
(72996, 29),
(72996, 40),
(72997, 29),
(72997, 40),
(72998, 29),
(72998, 40),
(72999, 29),
(72999, 40),
(73000, 29),
(73000, 40),
(73001, 29),
(73001, 41),
(73002, 29),
(73002, 41),
(73003, 29),
(73003, 41),
(73004, 29),
(73004, 41),
(73005, 29),
(73005, 41),
(73006, 29),
(73006, 41),
(73007, 29),
(73007, 41),
(73008, 29),
(73008, 41),
(73009, 29),
(73009, 41),
(73010, 29),
(73010, 41),
(73011, 29),
(73011, 42),
(73012, 29),
(73012, 42),
(73013, 29),
(73013, 42),
(73014, 29),
(73014, 42),
(73015, 29),
(73015, 42),
(73016, 29),
(73016, 42),
(73017, 29),
(73017, 42),
(73018, 29),
(73018, 42),
(73019, 29),
(73019, 42),
(73020, 29),
(73020, 42),
(73021, 29),
(73021, 43),
(73022, 29),
(73022, 43),
(73023, 29),
(73023, 43),
(73024, 29),
(73024, 43),
(73025, 29),
(73025, 43),
(73026, 29),
(73026, 43),
(73027, 29),
(73027, 43),
(73028, 29),
(73028, 43),
(73029, 29),
(73029, 43),
(73030, 29),
(73030, 43),
(73031, 29),
(73031, 44),
(73032, 29),
(73032, 44),
(73033, 29),
(73033, 44),
(73034, 29),
(73034, 44),
(73035, 29),
(73035, 44),
(73036, 29),
(73036, 44),
(73037, 29),
(73037, 44),
(73038, 29),
(73038, 44),
(73039, 29),
(73039, 44),
(73040, 29),
(73040, 44),
(73041, 29),
(73041, 44),
(73042, 29),
(73042, 44),
(73043, 29),
(73043, 44),
(73044, 29),
(73044, 45),
(73045, 29),
(73045, 45),
(73046, 29),
(73046, 45),
(73047, 29),
(73047, 45),
(73048, 29),
(73048, 45),
(73049, 29),
(73049, 45),
(73050, 29),
(73050, 45),
(73051, 29),
(73051, 45),
(73052, 29),
(73052, 45),
(73053, 29),
(73053, 45),
(73054, 117),
(73054, 118),
(73055, 117),
(73055, 118),
(73056, 117),
(73056, 118),
(73057, 119),
(73057, 120),
(73057, 121),
(73058, 119),
(73058, 120),
(73058, 121),
(73059, 119),
(73059, 120),
(73059, 121),
(73060, 119),
(73060, 120),
(73060, 121),
(73061, 119),
(73061, 120),
(73061, 121),
(73062, 119),
(73062, 120),
(73062, 121),
(73063, 119),
(73063, 120),
(73063, 121),
(73064, 119),
(73064, 120),
(73064, 121),
(73065, 119),
(73065, 120),
(73065, 121),
(73066, 119),
(73066, 120),
(73066, 121),
(73067, 119),
(73067, 120),
(73067, 121),
(85263, 29),
(85263, 34),
(85264, 29),
(85264, 34),
(85265, 29),
(85265, 34),
(85266, 29),
(85266, 34),
(85267, 29),
(85267, 34),
(85268, 29),
(85268, 34),
(85269, 29),
(85269, 34),
(85270, 29),
(85270, 34),
(85271, 29),
(85271, 34),
(85272, 29),
(85272, 34),
(85273, 29),
(85273, 34),
(85274, 29),
(85274, 34),
(85275, 29),
(85275, 34),
(85276, 29),
(85276, 34),
(85277, 29),
(85277, 34),
(85278, 29),
(85278, 34),
(85279, 29),
(85279, 34),
(85280, 29),
(85280, 34),
(85281, 29),
(85281, 34),
(85282, 29),
(85282, 34),
(85283, 29),
(85283, 34),
(85284, 29),
(85284, 34),
(85285, 29),
(85285, 34),
(85286, 29),
(85286, 34),
(85287, 29),
(85287, 34),
(85288, 29),
(85288, 34),
(85289, 29),
(85289, 34),
(85290, 29),
(85290, 34),
(85291, 29),
(85291, 34),
(85292, 29),
(85292, 34),
(85293, 29),
(85293, 34),
(85294, 29),
(85294, 34),
(85295, 29),
(85295, 34),
(85296, 29),
(85296, 34),
(85297, 29),
(85297, 35),
(85298, 29),
(85298, 35),
(85299, 29),
(85299, 35),
(85300, 29),
(85300, 35),
(85301, 29),
(85301, 35),
(85302, 29),
(85302, 35),
(85303, 29),
(85303, 35),
(85304, 29),
(85304, 35),
(85305, 29),
(85305, 35),
(85306, 29),
(85306, 35),
(85307, 29),
(85307, 35),
(85308, 29),
(85308, 35),
(85309, 29),
(85309, 35),
(85310, 29),
(85310, 36),
(85311, 29),
(85311, 36),
(85312, 29),
(85312, 36),
(85313, 29),
(85313, 36),
(85314, 29),
(85314, 36),
(85315, 29),
(85315, 36),
(85316, 29),
(85316, 36),
(85317, 29),
(85317, 36),
(85318, 29),
(85318, 36),
(85319, 29),
(85319, 36),
(85320, 29),
(85320, 36),
(85321, 29),
(85321, 36),
(85322, 29),
(85322, 36),
(85323, 29),
(85323, 36),
(85324, 29),
(85324, 36),
(85325, 29),
(85325, 37),
(85326, 29),
(85326, 37),
(85327, 29),
(85327, 37),
(85328, 29),
(85328, 37),
(85329, 29),
(85329, 37),
(85330, 29),
(85330, 37),
(85331, 29),
(85331, 37),
(85332, 29),
(85332, 37),
(85333, 29),
(85333, 37),
(85334, 29),
(85334, 37),
(85335, 29),
(85335, 37),
(85336, 29),
(85336, 37),
(85337, 29),
(85337, 38),
(85338, 29),
(85338, 38),
(85339, 29),
(85339, 38),
(85340, 29),
(85340, 38),
(85341, 29),
(85341, 38),
(85342, 29),
(85342, 38),
(85343, 29),
(85343, 38),
(85344, 29),
(85344, 38),
(85345, 29),
(85345, 38),
(85346, 29),
(85346, 38),
(85347, 29),
(85347, 38),
(85348, 29),
(85348, 39),
(85349, 29),
(85349, 39),
(85350, 29),
(85350, 39),
(85351, 29),
(85351, 39),
(85352, 29),
(85352, 39),
(85353, 29),
(85353, 39),
(85354, 29),
(85354, 39),
(85355, 29),
(85355, 39),
(85356, 29),
(85356, 39),
(85357, 29),
(85357, 39),
(85358, 29),
(85358, 40),
(85359, 29),
(85359, 40),
(85360, 29),
(85360, 40),
(85361, 29),
(85361, 40),
(85362, 29),
(85362, 40),
(85363, 29),
(85363, 40),
(85364, 29),
(85364, 40),
(85365, 29),
(85365, 40),
(85366, 29),
(85366, 40),
(85367, 29),
(85367, 40),
(85368, 29),
(85368, 40),
(85369, 29),
(85369, 40),
(85370, 29),
(85370, 41),
(85371, 29),
(85371, 41),
(85372, 29),
(85372, 41),
(85373, 29),
(85373, 41),
(85374, 29),
(85374, 41),
(85375, 29),
(85375, 41),
(85376, 29),
(85376, 41),
(85377, 29),
(85377, 41),
(85378, 29),
(85378, 41),
(85379, 29),
(85379, 41),
(85380, 29),
(85380, 42),
(85381, 29),
(85381, 42),
(85382, 29),
(85382, 42),
(85383, 29),
(85383, 42),
(85384, 29),
(85384, 42),
(85385, 29),
(85385, 42),
(85386, 29),
(85386, 42),
(85387, 29),
(85387, 42),
(85388, 29),
(85388, 42),
(85389, 29),
(85389, 42),
(85390, 29),
(85390, 43),
(85391, 29),
(85391, 43),
(85392, 29),
(85392, 43),
(85393, 29),
(85393, 43),
(85394, 29),
(85394, 43),
(85395, 29),
(85395, 43),
(85396, 29),
(85396, 43),
(85397, 29),
(85397, 43),
(85398, 29),
(85398, 43),
(85399, 29),
(85399, 43),
(85400, 29),
(85400, 44),
(85401, 29),
(85401, 44),
(85402, 29),
(85402, 44),
(85403, 29),
(85403, 44),
(85404, 29),
(85404, 44),
(85405, 29),
(85405, 44),
(85406, 29),
(85406, 44),
(85407, 29),
(85407, 44),
(85408, 29),
(85408, 44),
(85409, 29),
(85409, 44),
(85410, 29),
(85410, 44),
(85411, 29),
(85411, 44),
(85412, 29),
(85412, 44),
(85413, 29),
(85413, 45),
(85414, 29),
(85414, 45),
(85415, 29),
(85415, 45),
(85416, 29),
(85416, 45),
(85417, 29),
(85417, 45),
(85418, 29),
(85418, 45),
(85419, 29),
(85419, 45),
(85420, 29),
(85420, 45),
(85421, 29),
(85421, 45),
(85422, 29),
(85422, 45),
(85423, 29),
(85423, 34),
(85424, 29),
(85424, 34),
(85425, 29),
(85425, 34),
(85426, 29),
(85426, 34),
(85427, 29),
(85427, 34),
(85428, 29),
(85428, 34),
(85429, 29),
(85429, 34),
(85430, 29),
(85430, 34),
(85431, 29),
(85431, 34),
(85432, 29),
(85432, 34),
(85433, 29),
(85433, 34),
(85434, 29),
(85434, 34),
(85435, 29),
(85435, 34),
(85436, 29),
(85436, 34),
(85437, 29),
(85437, 34),
(85438, 29),
(85438, 34),
(85439, 29),
(85439, 34),
(85440, 29),
(85440, 34),
(85441, 29),
(85441, 34),
(85442, 29),
(85442, 34),
(85443, 29),
(85443, 34),
(85444, 29),
(85444, 34),
(85445, 29),
(85445, 34),
(85446, 29),
(85446, 34),
(85447, 29),
(85447, 34),
(85448, 29),
(85448, 34),
(85449, 29),
(85449, 34),
(85450, 29),
(85450, 34),
(85451, 29),
(85451, 34),
(85452, 29),
(85452, 34),
(85453, 29),
(85453, 34),
(85454, 29),
(85454, 34),
(85455, 29),
(85455, 34),
(85456, 29),
(85456, 34),
(85457, 29),
(85457, 35),
(85458, 29),
(85458, 35),
(85459, 29),
(85459, 35),
(85460, 29),
(85460, 35),
(85461, 29),
(85461, 35),
(85462, 29),
(85462, 35),
(85463, 29),
(85463, 35),
(85464, 29),
(85464, 35),
(85465, 29),
(85465, 35),
(85466, 29),
(85466, 35),
(85467, 29),
(85467, 35),
(85468, 29),
(85468, 35),
(85469, 29),
(85469, 35),
(85470, 29),
(85470, 36),
(85471, 29),
(85471, 36),
(85472, 29),
(85472, 36),
(85473, 29),
(85473, 36),
(85474, 29),
(85474, 36),
(85475, 29),
(85475, 36),
(85476, 29),
(85476, 36),
(85477, 29),
(85477, 36),
(85478, 29),
(85478, 36),
(85479, 29),
(85479, 36),
(85480, 29),
(85480, 36),
(85481, 29),
(85481, 36),
(85482, 29),
(85482, 36),
(85483, 29),
(85483, 36),
(85484, 29),
(85484, 36),
(85485, 29),
(85485, 37),
(85486, 29),
(85486, 37),
(85487, 29),
(85487, 37),
(85488, 29),
(85488, 37),
(85489, 29),
(85489, 37),
(85490, 29),
(85490, 37),
(85491, 29),
(85491, 37),
(85492, 29),
(85492, 37),
(85493, 29),
(85493, 37),
(85494, 29),
(85494, 37),
(85495, 29),
(85495, 37),
(85496, 29),
(85496, 37),
(85497, 29),
(85497, 38),
(85498, 29),
(85498, 38),
(85499, 29),
(85499, 38),
(85500, 29),
(85500, 38),
(85501, 29),
(85501, 38),
(85502, 29),
(85502, 38),
(85503, 29),
(85503, 38),
(85504, 29),
(85504, 38),
(85505, 29),
(85505, 38),
(85506, 29),
(85506, 38),
(85507, 29),
(85507, 38),
(85508, 29),
(85508, 39),
(85509, 29),
(85509, 39),
(85510, 29),
(85510, 39),
(85511, 29),
(85511, 39),
(85512, 29),
(85512, 39),
(85513, 29),
(85513, 39),
(85514, 29),
(85514, 39),
(85515, 29),
(85515, 39),
(85516, 29),
(85516, 39),
(85517, 29),
(85517, 39),
(85518, 29),
(85518, 40),
(85519, 29),
(85519, 40),
(85520, 29),
(85520, 40),
(85521, 29),
(85521, 40),
(85522, 29),
(85522, 40),
(85523, 29),
(85523, 40),
(85524, 29),
(85524, 40),
(85525, 29),
(85525, 40),
(85526, 29),
(85526, 40),
(85527, 29),
(85527, 40),
(85528, 29),
(85528, 40),
(85529, 29),
(85529, 40),
(85530, 29),
(85530, 41),
(85531, 29),
(85531, 41),
(85532, 29),
(85532, 41),
(85533, 29),
(85533, 41),
(85534, 29),
(85534, 41),
(85535, 29),
(85535, 41),
(85536, 29),
(85536, 41),
(85537, 29),
(85537, 41),
(85538, 29),
(85538, 41),
(85539, 29),
(85539, 41),
(85540, 29),
(85540, 42),
(85541, 29),
(85541, 42),
(85542, 29),
(85542, 42),
(85543, 29),
(85543, 42),
(85544, 29),
(85544, 42),
(85545, 29),
(85545, 42),
(85546, 29),
(85546, 42),
(85547, 29),
(85547, 42),
(85548, 29),
(85548, 42),
(85549, 29),
(85549, 42),
(85550, 29),
(85550, 43),
(85551, 29),
(85551, 43),
(85552, 29),
(85552, 43),
(85553, 29),
(85553, 43),
(85554, 29),
(85554, 43),
(85555, 29),
(85555, 43),
(85556, 29),
(85556, 43),
(85557, 29),
(85557, 43),
(85558, 29),
(85558, 43),
(85559, 29),
(85559, 43),
(85560, 29),
(85560, 44),
(85561, 29),
(85561, 44),
(85562, 29),
(85562, 44),
(85563, 29),
(85563, 44),
(85564, 29),
(85564, 44),
(85565, 29),
(85565, 44),
(85566, 29),
(85566, 44),
(85567, 29),
(85567, 44),
(85568, 29),
(85568, 44),
(85569, 29),
(85569, 44),
(85570, 29),
(85570, 44),
(85571, 29),
(85571, 44),
(85572, 29),
(85572, 44),
(85573, 29),
(85573, 45),
(85574, 29),
(85574, 45),
(85575, 29),
(85575, 45),
(85576, 29),
(85576, 45),
(85577, 29),
(85577, 45),
(85578, 29),
(85578, 45),
(85579, 29),
(85579, 45),
(85580, 29),
(85580, 45),
(85581, 29),
(85581, 45),
(85582, 29),
(85582, 45),
(85583, 6);

-- --------------------------------------------------------

--
-- Table structure for table `colors`
--

CREATE TABLE `colors` (
  `xe_id` bigint(20) NOT NULL,
  `name` varchar(100) DEFAULT NULL,
  `store_id` varchar(100) DEFAULT NULL,
  `file_name` varchar(50) DEFAULT NULL,
  `hex_value` varchar(50) DEFAULT NULL,
  `price` double(10,2) DEFAULT NULL,
  `is_pattern` tinyint(2) DEFAULT NULL COMMENT '0:pattern, 1:color, 2:cmyk',
  `c` int(10) DEFAULT NULL,
  `m` int(10) DEFAULT NULL,
  `y` int(10) DEFAULT NULL,
  `k` int(10) DEFAULT NULL,
  `created_at` datetime DEFAULT NULL,
  `updated_at` datetime DEFAULT NULL
) ENGINE=InnoDB DEFAULT CHARSET=latin1;

-- --------------------------------------------------------

--
-- Table structure for table `color_categories`
--

CREATE TABLE `color_categories` (
  `xe_id` int(10) NOT NULL,
  `name` varchar(100) DEFAULT NULL,
  `store_id` varchar(100) DEFAULT NULL,
  `parent_id` int(10) DEFAULT NULL,
  `sort_order` smallint(4) DEFAULT NULL,
  `is_disable` tinyint(1) DEFAULT '0',
  `is_default` tinyint(1) DEFAULT '0',
  `created_at` datetime DEFAULT NULL,
  `updated_at` datetime DEFAULT NULL
) ENGINE=InnoDB DEFAULT CHARSET=latin1;

-- --------------------------------------------------------

--
-- Table structure for table `color_category_rel`
--

CREATE TABLE `color_category_rel` (
  `color_id` bigint(20) DEFAULT NULL,
  `category_id` int(10) DEFAULT NULL
) ENGINE=InnoDB DEFAULT CHARSET=latin1;

-- --------------------------------------------------------

--
-- Table structure for table `color_palettes`
--

CREATE TABLE `color_palettes` (
  `xe_id` int(11) NOT NULL,
  `store_id` varchar(100) DEFAULT NULL,
  `category_id` int(11) NOT NULL,
  `subcategory_id` int(11) NOT NULL,
  `name` varchar(100) NOT NULL,
  `price` float(10,2) NOT NULL,
  `value` varchar(100) DEFAULT NULL,
  `hex_value` varchar(30) DEFAULT NULL,
  `created_at` datetime NOT NULL DEFAULT CURRENT_TIMESTAMP,
  `updated_at` datetime DEFAULT NULL
) ENGINE=InnoDB DEFAULT CHARSET=latin1;

--
-- Dumping data for table `color_palettes`
--

INSERT INTO `color_palettes` (`xe_id`, `store_id`, `category_id`, `subcategory_id`, `name`, `price`, `value`, `hex_value`, `created_at`, `updated_at`) VALUES
(35, '1', 177, 275, 'Test55555', 100.00, '90,10,2', '#5a0a02', '2019-12-25 07:15:17', '2019-12-30 15:08:56'),
(36, '1', 177, 275, 'test1', 1.00, '243,8,8', '#f30808', '2019-12-25 07:16:45', '2019-12-27 08:11:02'),
(40, 'Array', 176, 181, 'New', 0.00, '2,2,20,2', '#f5f5c8', '2019-12-26 12:13:46', '2019-12-26 12:13:46'),
(41, 'Array', 177, 275, 'rgb', 12.00, '216,135,135', '#d88787', '2019-12-26 12:14:57', '2019-12-26 12:14:57'),
(42, 'Array', 177, 275, 'sd', 1.00, '204,72,72', '#cc4848', '2019-12-26 13:29:42', '2019-12-26 13:29:42'),
(43, 'Array', 177, 275, 'asas', 12.00, '200,114,114', '#c87272', '2019-12-26 13:31:55', '2019-12-26 13:31:55'),
(44, 'Array', 177, 275, ' asas', 12.00, ' 200,114,114', ' #c87272', '2019-12-26 13:33:49', '2019-12-26 13:33:49'),
(45, 'Array', 177, 275, ' asas', 12.00, ' 200,114,114', ' #c87272', '2019-12-26 13:34:33', '2019-12-26 13:34:33'),
(46, 'Array', 177, 275, ' asas', 12.00, ' 200,114,114', ' #c87272', '2019-12-26 13:36:07', '2019-12-26 13:36:07'),
(47, '1', 177, 275, ' asas', 12.00, ' 200,114,114', ' #c87272', '2019-12-26 13:41:46', '2019-12-30 10:41:38'),
(49, '1', 177, 275, ' asas', 12.00, ' 200,114,114', ' #c87272', '2019-12-26 13:41:59', '2019-12-26 13:41:59'),
(50, '1', 177, 275, 'asa', 12.00, '226,76,76', '#e24c4c', '2019-12-26 13:42:18', '2019-12-26 13:42:18'),
(52, '1', 177, 275, 'Rgb', 12.00, '208,97,97', '#d06161', '2019-12-27 08:10:39', '2019-12-27 08:10:39'),
(92, '1', 177, 275, 'Narrow Black', 0.00, '39,7,7', '#270707', '2019-12-30 14:02:43', '2019-12-30 14:02:43'),
(93, '1', 177, 275, 'Smoky green', 12.00, '166,39,39', '#a62727', '2019-12-30 14:03:08', '2019-12-30 14:03:08'),
(97, '1', 177, 275, 'YELLOW', 2.00, '80,215,10', '#50d70a', '2019-12-30 14:59:03', '2019-12-30 15:08:12'),
(98, '1', 177, 275, 'Purple', 5.00, '71,23,226', '#4717e2', '2019-12-30 15:24:50', '2019-12-30 15:24:50'),
(99, '1', 177, 275, 'Peach', 3.00, '239,152,152', '#ef9898', '2019-12-30 15:25:59', '2019-12-30 15:25:59'),
(100, '1', 177, 275, 'Bright-Yellow', 0.00, '243,238,8', '#f3ee08', '2019-12-30 15:26:24', '2019-12-30 15:26:24'),
(101, '1', 177, 275, 'Royal blue', 0.00, '7,45,167', '#072da7', '2019-12-30 15:26:50', '2019-12-30 15:27:10'),
(102, '1', 177, 275, 'Light-Green', 5.00, '149,233,77', '#95e94d', '2019-12-30 15:28:44', '2019-12-30 15:28:58'),
(103, '1', 177, 275, 'Magenta', 20.00, '226,22,224', '#e216e0', '2019-12-30 15:29:25', '2019-12-30 15:29:25'),
(106, '1', 177, 275, 'cyan', 1.00, '69,30,30', '#451e1e', '2019-12-30 15:33:14', '2019-12-30 15:33:14'),
(115, '1', 176, 443, 'grey', 0.00, '50,50,50,0', '#808080', '2019-12-30 19:02:15', '2019-12-30 19:02:15'),
(116, '1', 176, 443, 'black', 0.00, '0,0,0,100', '#000000', '2019-12-30 19:02:25', '2019-12-30 19:02:25'),
(118, '1', 176, 181, 'New', 0.00, '12,0,0,0', '#e0ffff', '2019-12-30 19:40:07', '2019-12-30 19:40:07'),
(120, '1', 177, 275, 'name', 0.00, '177,61,61', '#b13d3d', '2019-12-31 10:32:53', '2019-12-31 10:32:53'),
(121, '1', 177, 275, 'New ', 0.00, '39,35,35', '#272323', '2019-12-31 10:36:40', '2020-01-16 17:13:36'),
(122, '1', 177, 275, 'New ', 0.00, '155,147,147', '#9b9393', '2019-12-31 10:37:57', '2020-01-16 17:16:17'),
(136, '1', 176, 427, 'Blue', 0.00, '78,45,7,9', '#3380d8', '2020-01-13 17:35:41', '2020-01-13 17:35:41'),
(137, '1', 176, 274, 'Lemon', 2.00, '12,4,21,0', '#e0f5c9', '2020-01-13 17:37:19', '2020-01-13 17:37:19'),
(143, '1', 176, 274, 'Vuurrood 1', 100.00, '100,20,#b80000,flat', '10', '2020-01-14 18:19:56', '2020-01-14 18:19:56'),
(145, '1', 176, 274, 'Signaalrood 1', 100.00, '90,10,#b80017,flat', '20', '2020-01-14 18:19:56', '2020-01-14 18:19:56'),
(146, '1', 176, 274, 'Signaalrood 2', 100.00, '100,10,#b80000,flat', '20', '2020-01-14 18:19:56', '2020-01-14 18:19:56'),
(155, '1', 176, 274, 'Miscellaneous', 88.00, '44,4,4,89', '#101b1b', '2020-01-14 22:41:42', '2020-01-14 22:41:42'),
(156, '1', 176, 427, '1234', 0.00, '0,45,7,9', '#e880d8', '2020-01-16 17:08:04', '2020-01-17 11:46:39'),
(157, '1', 177, 275, 'New ', 0.00, '188,91,91', '#bc5b5b', '2020-01-16 17:13:46', '2020-01-16 17:13:46'),
(158, '1', 176, 427, 't', 0.00, '78,90,7,9', '#3317d8', '2020-01-16 17:14:29', '2020-01-17 11:46:32'),
(160, '1', 176, 427, '1234', 0.00, '12,13,80,20', '#b4b129', '2020-01-17 11:43:42', '2020-01-17 11:43:42'),
(162, '1', 176, 427, '1234', 0.00, '0,0,0,0', '#ffffff', '2020-01-17 11:46:59', '2020-01-17 11:46:59'),
(163, '1', 176, 274, '55555', 0.00, '45,95,10,1', '#8b0de3', '2020-01-17 12:10:42', '2020-01-17 15:03:26'),
(164, '1', 176, 274, 'Cyan', 4.00, '37,67,0,0', '#a154ff', '2020-01-17 12:43:53', '2020-01-17 12:43:53'),
(165, '1', 176, 274, 'Coffee', 3.00, '37,80,100,0', '#a13300', '2020-01-17 12:43:53', '2020-01-17 15:23:45'),
(166, '1', 176, 274, 'sky', 7.00, '78,0,0,0', '#38ffff', '2020-01-17 12:43:53', '2020-01-17 12:43:53'),
(167, '1', 176, 274, 'Black', 7.00, '100,0,100,100', '#000000', '2020-01-17 12:43:53', '2020-01-17 15:19:27'),
(176, '1', 176, 274, 'Green', 0.00, '89,19,94,100', '#000000', '2020-01-17 15:09:27', '2020-01-17 15:20:14'),
(177, '1', 176, 274, 'hope', 0.00, '12,2,20,20', '#b4c8a3', '2020-01-17 15:10:10', '2020-01-21 10:46:00'),
(188, '1', 179, 183, 'Pattern Test', 1.00, '202001170425382391.png', '', '2020-01-17 16:25:38', '2020-01-17 16:26:02'),
(189, '1', 179, 183, 'tesy', 1.00, '202001170426209415.png', '', '2020-01-17 16:26:20', '2020-01-17 16:26:20'),
(190, '1', 179, 183, 'test', 0.00, '202001170427056718.png', '', '2020-01-17 16:27:05', '2020-01-17 16:27:05'),
(205, '1', 176, 427, 'black', 0.00, '100,100,100,0', '#000000', '2020-01-20 15:12:07', '2020-01-20 15:12:07'),
(218, '1', 176, 427, '     0', 1.00, '99,10,10,0', '#03e6e6', '2020-01-20 15:25:28', '2020-01-20 15:25:28'),
(229, '1', 176, 427, 'Cyan', 4.00, '37,67,0,0', '#a154ff', '2020-01-20 16:43:50', '2020-01-20 16:43:50'),
(230, '1', 176, 427, 'Coffe', 3.00, '37,67,100,0', '#a15400', '2020-01-20 16:43:50', '2020-01-20 16:43:50'),
(231, '1', 176, 427, 'sky', 7.00, '78,0,0,0', '#38ffff', '2020-01-20 16:43:50', '2020-01-20 16:43:50'),
(232, '1', 176, 427, 'Black', 7.00, '45,0,100,100', '#000000', '2020-01-20 16:43:50', '2020-01-20 16:43:50'),
(233, '1', 176, 427, 'aquamarine1', 5.50, '54,22,0,45', '#3f6b8a', '2020-01-20 16:43:50', '2020-01-20 16:43:50'),
(252, '1', 179, 367, 'patter1', 4.00, '202001210616306611.png', NULL, '2020-01-21 18:16:30', '2020-01-21 18:16:30'),
(253, '1', 179, 367, 'patter2', 3.00, '202001210616307332.png', NULL, '2020-01-21 18:16:30', '2020-01-21 18:16:30'),
(254, '1', 179, 367, 'patter3', 7.00, '2020012106163056273.png', NULL, '2020-01-21 18:16:30', '2020-01-21 18:16:30'),
(255, '1', 179, 367, 'patter4', 7.00, '2020012106163063244.png', NULL, '2020-01-21 18:16:30', '2020-01-21 18:16:30'),
(256, '1', 176, 888, 'Cyan', 4.00, '37,67,0,0', '#a154ff', '2020-01-22 17:24:14', '2020-01-22 17:24:14'),
(257, '1', 176, 888, 'Coffe', 3.00, '37,67,100,0', '#a15400', '2020-01-22 17:24:14', '2020-01-22 17:24:14'),
(258, '1', 176, 888, 'sky', 7.00, '78,0,0,0', '#38ffff', '2020-01-22 17:24:14', '2020-01-22 17:24:14'),
(259, '1', 176, 888, 'Black', 7.00, '45,0,100,100', '#000000', '2020-01-22 17:24:14', '2020-01-24 10:13:31'),
(263, '1', 179, 183, 'Red', 0.00, '202001301119158000.png', '', '2020-01-30 11:19:15', '2020-01-30 11:19:15'),
(264, '1', 179, 183, 'black', 0.00, '202001301119254816.png', '', '2020-01-30 11:19:25', '2020-01-30 11:19:25'),
(265, '1', 179, 183, 'Green', 0.00, '202001301119356250.png', '', '2020-01-30 11:19:36', '2020-01-30 11:19:36'),
(266, '1', 179, 183, 'Purple', 0.00, '202001301119497809.png', '', '2020-01-30 11:19:49', '2020-01-30 11:19:49'),
(267, '1', 179, 183, 'Silver', 0.00, '202001301120019567.png', '', '2020-01-30 11:20:01', '2020-01-30 11:20:01'),
(268, '1', 179, 183, 'Sea Blue', 0.00, '202001301120114460.png', '', '2020-01-30 11:20:11', '2020-01-30 11:20:11'),
(269, '1', 179, 183, 'Pink', 0.00, '202001301120198349.png', '', '2020-01-30 11:20:19', '2020-01-30 11:20:19'),
(274, '1', 176, 924, 'Cyan', 4.00, '37,67,0,0', '#a154ff', '2020-02-03 12:36:24', '2020-02-03 12:36:24'),
(275, '1', 176, 924, 'Coffe', 3.00, '37,67,100,0', '#a15400', '2020-02-03 12:36:24', '2020-02-03 12:36:24'),
(276, '1', 176, 924, 'sky', 7.00, '78,0,0,0', '#38ffff', '2020-02-03 12:36:24', '2020-02-03 12:36:24'),
(277, '1', 176, 924, 'Black', 7.00, '45,0,100,100', '#000000', '2020-02-03 12:36:24', '2020-02-03 12:36:24'),
(278, '1', 176, 928, 'Cyan', 4.00, '37,67,0,0', '#a154ff', '2020-02-03 12:36:39', '2020-02-03 12:36:39'),
(279, '1', 176, 928, 'Coffe', 3.00, '37,67,100,0', '#a15400', '2020-02-03 12:36:39', '2020-02-03 12:36:39'),
(280, '1', 176, 928, 'sky', 7.00, '78,0,0,0', '#38ffff', '2020-02-03 12:36:39', '2020-02-03 12:36:39'),
(281, '1', 176, 928, 'Black', 7.00, '45,0,100,100', '#000000', '2020-02-03 12:36:39', '2020-02-03 12:36:39'),
(282, '1', 177, 925, 'Pink', 4.00, '12,15,19', '#ffe5ea', '2020-02-03 12:36:51', '2020-02-03 12:36:51'),
(283, '1', 177, 925, 'Blue', 3.00, '11,4,9', '#5afffa', '2020-02-03 12:36:51', '2020-02-03 12:36:51'),
(284, '1', 177, 925, 'Yellow', 7.00, '23,12,7', '#daa520', '2020-02-03 12:36:51', '2020-02-03 12:36:51'),
(285, '1', 177, 925, 'Brown', 3.00, '12,12,12', '#721125', '2020-02-03 12:36:51', '2020-02-03 12:36:51'),
(286, '1', 177, 926, 'Pink', 4.00, '12,15,19', '#ffe5ea', '2020-02-03 12:37:05', '2020-02-03 12:37:05'),
(287, '1', 177, 926, 'Blue', 3.00, '11,4,9', '#5afffa', '2020-02-03 12:37:05', '2020-02-03 12:37:05'),
(288, '1', 177, 926, 'Yellow', 7.00, '23,12,7', '#daa520', '2020-02-03 12:37:05', '2020-02-03 12:37:05'),
(289, '1', 177, 926, 'Brown', 3.00, '12,12,12', '#721125', '2020-02-03 12:37:05', '2020-02-03 12:37:05'),
(290, '1', 177, 927, 'Pink', 4.00, '12,15,19', '#ffe5ea', '2020-02-03 12:37:21', '2020-02-03 12:37:21'),
(291, '1', 177, 927, 'Blue', 3.00, '11,4,9', '#5afffa', '2020-02-03 12:37:21', '2020-02-03 12:37:21'),
(292, '1', 177, 927, 'Yellow', 7.00, '23,12,7', '#daa520', '2020-02-03 12:37:21', '2020-02-03 12:37:21'),
(293, '1', 177, 927, 'Brown', 3.00, '12,12,12', '#721125', '2020-02-03 12:37:21', '2020-02-03 12:37:21'),
(294, '1', 178, 396, 'Yellow', 4.00, 'Yellow 012 C', '#ffe5ea', '2020-02-03 12:37:40', '2020-02-03 12:37:40'),
(295, '1', 178, 396, 'Orange', 3.00, 'Orange 021 C	', '#5afffa', '2020-02-03 12:37:40', '2020-02-03 12:37:40'),
(296, '1', 178, 396, 'Warm Red', 7.00, 'Warm Red C', '#daa520', '2020-02-03 12:37:40', '2020-02-03 12:37:40'),
(297, '1', 178, 396, 'Red', 3.00, 'Red 032 C', '#721125', '2020-02-03 12:37:40', '2020-02-03 12:37:40'),
(298, '1', 178, 929, 'Yellow', 4.00, 'Yellow 012 C', '#ffe5ea', '2020-02-03 12:37:50', '2020-02-03 12:37:50'),
(299, '1', 178, 929, 'Orange', 3.00, 'Orange 021 C	', '#5afffa', '2020-02-03 12:37:50', '2020-02-03 12:37:50'),
(300, '1', 178, 929, 'Warm Red', 7.00, 'Warm Red C', '#daa520', '2020-02-03 12:37:50', '2020-02-03 12:37:50'),
(301, '1', 178, 929, 'Red', 3.00, 'Red 032 C', '#721125', '2020-02-03 12:37:50', '2020-02-03 12:37:50'),
(302, '1', 178, 930, 'Yellow', 4.00, 'Yellow 012 C', '#ffe5ea', '2020-02-03 12:38:11', '2020-02-03 12:38:11'),
(303, '1', 178, 930, 'Orange', 3.00, 'Orange 021 C	', '#5afffa', '2020-02-03 12:38:11', '2020-02-03 12:38:11'),
(304, '1', 178, 930, 'Warm Red', 7.00, 'Warm Red C', '#daa520', '2020-02-03 12:38:11', '2020-02-03 12:38:11'),
(305, '1', 178, 930, 'Red', 3.00, 'Red 032 C', '#721125', '2020-02-03 12:38:11', '2020-02-03 12:38:11'),
(314, '1', 180, 367, 'Pink', 4.00, '12', '#ffe5ea', '2020-02-03 12:39:05', '2020-02-03 12:39:05'),
(315, '1', 180, 367, 'Blue', 3.00, '11', '#5afffa', '2020-02-03 12:39:05', '2020-02-03 12:39:05'),
(316, '1', 180, 367, 'Yellow', 7.00, '23', '#daa520', '2020-02-03 12:39:05', '2020-02-03 12:39:05'),
(317, '1', 180, 367, 'Brown', 3.00, '12', '#721125', '2020-02-03 12:39:05', '2020-02-03 12:39:05'),
(318, '1', 180, 933, 'Pink', 4.00, '12', '#ffe5ea', '2020-02-03 12:39:16', '2020-02-03 12:39:16'),
(319, '1', 180, 933, 'Blue', 3.00, '11', '#5afffa', '2020-02-03 12:39:16', '2020-02-03 12:39:16'),
(320, '1', 180, 933, 'Yellow', 7.00, '23', '#daa520', '2020-02-03 12:39:16', '2020-02-03 12:39:16'),
(321, '1', 180, 933, 'Brown', 3.00, '12', '#721125', '2020-02-03 12:39:16', '2020-02-03 12:39:16'),
(322, '1', 180, 934, 'Pink', 4.00, '12', '#ffe5ea', '2020-02-03 12:39:33', '2020-02-03 12:39:33'),
(323, '1', 180, 934, 'Blue', 3.00, '11', '#5afffa', '2020-02-03 12:39:33', '2020-02-03 12:39:33'),
(324, '1', 180, 934, 'Yellow', 7.00, '23', '#daa520', '2020-02-03 12:39:33', '2020-02-03 12:39:33'),
(325, '1', 180, 934, 'Brown', 3.00, '12', '#721125', '2020-02-03 12:39:33', '2020-02-03 12:39:33'),
(326, '1', 179, 931, 'Pink ', 0.00, '202002031240394107.png', '', '2020-02-03 12:40:39', '2020-02-03 12:40:39'),
(327, '1', 179, 932, 'Pink Zink', 0.00, '202002031240521945.png', '', '2020-02-03 12:40:52', '2020-02-03 12:40:52'),
(328, '1', 179, 931, 'Vanila', 0.00, '202002031242117948.png', '', '2020-02-03 12:42:11', '2020-02-03 12:42:11'),
(329, '1', 179, 931, 'Violet', 0.00, '202002031242323713.png', '', '2020-02-03 12:42:32', '2020-02-03 12:42:32'),
(330, '1', 179, 932, 'Green paper', 0.00, '202002031242465778.png', '', '2020-02-03 12:42:46', '2020-02-03 12:42:46'),
(331, '1', 179, 932, 'Violet', 0.00, '202002031242583038.png', '', '2020-02-03 12:42:58', '2020-02-03 12:42:58');

-- --------------------------------------------------------

--
-- Table structure for table `color_swatches`
--

CREATE TABLE `color_swatches` (
  `xe_id` int(11) NOT NULL,
  `attribute_id` bigint(20) NOT NULL,
  `hex_code` varchar(10) DEFAULT NULL,
  `file_name` varchar(50) DEFAULT NULL,
  `color_type` int(10) DEFAULT NULL
) ENGINE=InnoDB DEFAULT CHARSET=latin1;

--
-- Dumping data for table `color_swatches`
--

INSERT INTO `color_swatches` (`xe_id`, `attribute_id`, `hex_code`, `file_name`, `color_type`) VALUES
(1, 40, '#000000', NULL, 6),
(2, 42, '#000FFF', NULL, 5),
(3, 45, '#6f4545', NULL, 5),
(4, 60, '#00ff40', NULL, 4),
(5, 178, '#ff6d00', NULL, 6),
(6, 63, '#4b0082', NULL, 4),
(7, 69, '', '202001270501058179.png', 5),
(8, 77, '#f40000', NULL, 4),
(9, 86, '#e4d206', NULL, 5),
(10, 179, '#dfdc97', NULL, 4),
(11, 180, '', '202001270501463725.png', 4),
(13, 181, '#aa5151', NULL, 5),
(14, 193, '#000000', NULL, 4),
(15, 196, '#b58080', NULL, 4),
(16, 197, '#d37979', NULL, 4),
(17, 198, '#c12121', NULL, 6),
(18, 199, '#533d3d', NULL, 4),
(19, 188, '#c55555', NULL, 6),
(20, 187, '#bbcdd9', NULL, 4),
(21, 200, '#d94949', NULL, 4),
(22, 201, '#a45757', NULL, 5),
(23, 202, '#b04b4b', NULL, 4),
(24, 204, '#5d1616', NULL, 5),
(25, 205, '#ff0000', NULL, 6),
(26, 206, '#eae4e4', NULL, 6),
(27, 207, '#0c5940', NULL, 5),
(28, 208, '#6d3535', NULL, 6),
(29, 209, '#000000', NULL, 5),
(30, 210, '#994949', NULL, 4),
(31, 211, '#b0acff', NULL, 5),
(32, 217, '#781caa', NULL, 5),
(33, 218, '#32118c', NULL, 5),
(34, 227, '#bfbfbf', NULL, 4),
(35, 228, '#17a6f8', NULL, 6),
(36, 229, '', '202001081234209217.png', 4),
(37, 230, '', '20200108123525513.png', 5),
(38, 231, '#868686', NULL, 5),
(39, 232, '#ffffff', NULL, 4),
(40, 233, '#ed0f0f', NULL, 5),
(41, 234, '#25f6aa', NULL, 6),
(42, 235, '#000000', NULL, 4),
(43, 236, '#77def0', NULL, 6),
(44, 210, '#455b41', NULL, 5),
(45, 210, '#637751', NULL, 5),
(46, 210, '#304823', NULL, 6),
(47, 210, '', '20200115070027758.png', 5),
(48, 248, '#0cd314', NULL, 5),
(49, 249, '#0dff00', NULL, 5),
(50, 250, '#56805d', NULL, 4),
(51, 251, '#00ff40', NULL, 5),
(52, 252, '#ff7777', NULL, 4),
(53, 253, '#4e4e09', NULL, 6),
(54, 254, '#a24141', NULL, 5),
(55, 255, '', '202001160502422247.png', 5),
(56, 256, '', '202001160504558597.png', 5),
(57, 257, '', '202001160506089735.png', 4),
(58, 258, '#ce3232', NULL, 4),
(59, 259, '#bbcdd9', NULL, 6),
(60, 260, '#00e386', NULL, 5),
(61, 261, '', '202001160548049981.png', 5),
(62, 262, '', '202001160549044679.png', 5),
(63, 263, '#0a9200', NULL, 4),
(64, 264, '', '202001160621362056.png', 6),
(65, 265, '', '202001160623107598.png', 5),
(66, 266, '#bbcdd9', NULL, 5),
(67, 267, '', '202001171154089632.png', 5),
(68, 268, '#ff0000', NULL, 5),
(69, 269, '', '202001160649475407.png', 4),
(70, 271, '#f54c4c', NULL, 6),
(71, 272, '#20cc2d', NULL, 6),
(72, 273, '#260000', '202001171126579991.png', 6),
(73, 274, '#934141', '202001171128464165.png', 5),
(74, 275, '', '202001170441314233.png', 5),
(75, 276, '', '202001170444062788.png', 4),
(76, 277, '', '202001170528539007.svg', 4),
(77, 278, '', '202001170534132846.svg', 5),
(78, 279, '', '20200117053931927.svg', 4),
(79, 280, '#a33232', '202001210655181224.png', 4),
(80, 281, '#951a1a', '202001210657484276.png', 6),
(81, 282, '#d3c2c2', NULL, 5),
(82, 283, '#d39b9b', NULL, 4),
(83, 284, '#2b49bb', '202001230147373340.svg', 5),
(84, 285, '#000000', NULL, 6),
(85, 286, '', NULL, 4),
(86, 287, '', NULL, 6),
(87, 288, '#d21616', NULL, 6),
(88, 291, '', '20200123045345232.png', 5),
(89, 292, '#a30000', '202001230454442430.png', 5),
(90, 293, '', '20200123051703608.png', 6),
(91, 294, '#ffca00', NULL, 5),
(92, 295, '#46a7d9', NULL, 5),
(93, 296, '', '202001241123368258.png', 5),
(94, 297, '', '202001240320507754.png', 6);

-- --------------------------------------------------------

--
-- Table structure for table `color_tags`
--

CREATE TABLE `color_tags` (
  `xe_id` int(10) NOT NULL,
  `name` varchar(100) DEFAULT NULL,
  `store_id` varchar(100) DEFAULT NULL,
  `created_at` datetime DEFAULT NULL,
  `updated_at` datetime DEFAULT NULL
) ENGINE=InnoDB DEFAULT CHARSET=latin1;

-- --------------------------------------------------------

--
-- Table structure for table `color_tag_rel`
--

CREATE TABLE `color_tag_rel` (
  `color_id` bigint(20) DEFAULT NULL,
  `tag_id` int(10) DEFAULT NULL
) ENGINE=InnoDB DEFAULT CHARSET=latin1;

-- --------------------------------------------------------

--
-- Table structure for table `color_types`
--

CREATE TABLE `color_types` (
  `xe_id` int(10) NOT NULL,
  `name` varchar(50) DEFAULT NULL
) ENGINE=InnoDB DEFAULT CHARSET=latin1;

--
-- Dumping data for table `color_types`
--

INSERT INTO `color_types` (`xe_id`, `name`) VALUES
(4, 'White'),
(5, 'Dark'),
(6, 'Light');

-- --------------------------------------------------------

--
-- Table structure for table `design_states`
--

CREATE TABLE `design_states` (
  `xe_id` int(11) NOT NULL,
  `store_id` int(11) DEFAULT NULL,
  `product_setting_id` int(11) DEFAULT NULL,
  `product_id` int(11) DEFAULT NULL,
  `product_variant_id` int(11) DEFAULT NULL,
  `type` enum('cart','pre_deco','social_share','user_slot','template','quote','bgpattern') NOT NULL DEFAULT 'cart',
  `custom_price` float DEFAULT NULL,
  `date_created` datetime NOT NULL DEFAULT CURRENT_TIMESTAMP
) ENGINE=InnoDB DEFAULT CHARSET=latin1;

--
-- Dumping data for table `design_states`
--

INSERT INTO `design_states` (`xe_id`, `store_id`, `product_setting_id`, `product_id`, `product_variant_id`, `type`, `custom_price`, `date_created`) VALUES
(1, 1, 1, 7, 7, 'template', 10.89, '2019-12-20 14:58:42'),
(2, 1, NULL, 7, 41, 'template', 10.89, '2019-12-20 15:12:48'),
(3, 1, NULL, 7, 14, 'template', 10.89, '2019-12-20 15:13:54'),
(4, 1, NULL, 7, 8, 'template', 10.89, '2019-12-20 15:15:17'),
(5, 1, NULL, 7, 8, 'template', 10.89, '2019-12-20 15:16:05'),
(6, 1, NULL, 7, 41, 'template', 10.89, '2019-12-20 15:26:50'),
(7, 1, NULL, 7, 41, 'template', 10.89, '2019-12-20 15:27:00'),
(8, 1, NULL, 7, 41, 'template', 10.89, '2019-12-20 15:27:32'),
(9, 1, 1, 7, 7, 'template', 10.89, '2019-12-20 15:28:33'),
(10, 1, NULL, 7, 41, 'template', 10.89, '2019-12-21 04:52:01'),
(11, 1, NULL, 7, 8, 'template', 10.89, '2019-12-21 04:54:21'),
(12, 1, NULL, 7, 8, 'template', 10.89, '2019-12-21 07:18:19'),
(13, 1, 1, 39, 39, 'template', 10.89, '2019-12-21 08:14:53'),
(14, 1, NULL, 3558, 3558, 'template', 10.89, '2019-12-21 08:18:55'),
(15, 1, NULL, 3558, 3558, 'template', 10.89, '2019-12-21 11:30:07'),
(16, 1, NULL, 3558, 3558, 'template', 10.89, '2019-12-21 11:31:26'),
(17, 1, NULL, 3558, 3558, 'template', 10.89, '2019-12-21 11:32:43'),
(18, 1, NULL, 3558, 3558, 'template', 10.89, '2019-12-21 11:35:21'),
(19, 1, NULL, 3558, 3558, 'template', 10.89, '2019-12-21 11:37:56'),
(20, 1, NULL, 3558, 3558, 'template', 10.89, '2019-12-21 11:39:04'),
(21, 1, NULL, 3558, 3558, 'template', 10.89, '2019-12-21 11:39:59'),
(22, 1, NULL, 3558, 3558, 'template', 10.89, '2019-12-21 11:43:19'),
(23, 1, NULL, 3558, 3558, 'template', 10.89, '2019-12-21 12:06:31'),
(24, 1, NULL, 7, 8, 'template', 10.89, '2019-12-21 12:10:51'),
(25, 1, NULL, 7, 41, 'template', 10.89, '2019-12-21 12:13:39'),
(26, 1, NULL, 7, 41, 'template', 10.89, '2019-12-21 12:14:46'),
(27, 1, NULL, 7, 41, 'template', 10.89, '2019-12-21 12:29:07'),
(28, 1, NULL, 7, 41, 'template', 10.89, '2019-12-21 12:32:16'),
(29, 1, NULL, 7, 14, 'template', 10.89, '2019-12-21 12:33:02'),
(30, 1, NULL, 7, 14, 'template', 10.89, '2019-12-21 12:34:01'),
(31, 1, NULL, 7, 14, 'template', 10.89, '2019-12-21 12:34:57'),
(32, 1, NULL, 7, 14, 'template', 10.89, '2019-12-21 12:37:13'),
(33, 1, NULL, 7, 14, 'template', 10.89, '2019-12-21 12:38:32'),
(34, 1, NULL, 3558, 3558, 'template', 10.89, '2019-12-23 05:36:09'),
(35, 1, NULL, 3558, 3558, 'template', 10.89, '2019-12-23 06:09:16'),
(36, 1, NULL, 7, 13, 'template', 10.89, '2019-12-23 06:17:10'),
(37, 1, 1, 7, 7, 'template', 10.89, '2019-12-23 06:44:31'),
(38, 1, 1, 7, 7, 'template', 10.89, '2019-12-23 09:30:14'),
(39, 1, NULL, 7, 8, 'template', 10.89, '2019-12-23 13:06:17'),
(40, 1, NULL, 3558, 3558, 'template', 10.89, '2019-12-24 05:01:47'),
(41, 1, NULL, 3558, 3558, 'template', 10.89, '2019-12-24 05:02:13'),
(42, 1, NULL, 3558, 3558, 'template', 10.89, '2019-12-24 05:02:32'),
(43, 1, NULL, 3558, 3558, 'template', 10.89, '2019-12-24 05:07:10'),
(44, 1, 1, 3558, 3558, 'template', 10.89, '2019-12-24 06:53:07'),
(45, 1, NULL, 7, 8, 'template', 10.89, '2019-12-24 11:14:32'),
(46, 1, NULL, 7, 8, 'template', 10.89, '2019-12-24 11:21:27'),
(47, 1, 1, 7, 7, 'template', 10.89, '2019-12-24 11:38:24'),
(48, 1, NULL, 3558, 3558, 'template', 10.89, '2019-12-24 11:50:10'),
(49, 1, NULL, 7, 8, 'template', 10.89, '2019-12-24 12:11:41'),
(50, 1, NULL, 7, 8, 'template', 10.89, '2019-12-24 12:56:34'),
(51, 1, 1, 7, 7, 'template', 10.89, '2019-12-24 13:13:52'),
(52, 1, 153, 2, 2, 'template', 12, '2019-12-24 14:14:58'),
(53, 1, 153, 2, 2, 'template', 12, '2019-12-24 15:28:42'),
(54, 1, 153, 2, 2, 'template', 12, '2019-12-25 05:42:51'),
(55, 1, NULL, 7, 13, 'template', 10.89, '2019-12-25 05:51:33'),
(56, 1, NULL, 7, 14, 'template', 10.89, '2019-12-25 05:56:10'),
(57, 1, NULL, 7, 14, 'template', 10.89, '2019-12-25 06:50:10'),
(58, 1, NULL, 3558, 3558, 'template', 10.89, '2019-12-25 07:28:19'),
(59, 1, NULL, 3558, 3558, 'template', 10.89, '2019-12-25 07:28:19'),
(60, 1, 1, 3558, 3558, 'template', 10.89, '2019-12-25 07:34:33'),
(61, 1, 153, 2, 2, 'template', 12, '2019-12-26 03:00:31'),
(62, 1, NULL, 3558, 3558, 'template', 10.89, '2019-12-26 09:20:05'),
(63, 1, NULL, 3558, 3558, 'template', 10.89, '2019-12-26 09:22:58'),
(64, 1, 153, 2, 2, 'template', 12, '2019-12-26 09:52:28'),
(147, 1, NULL, 3558, 3558, 'template', 10.89, '2020-01-08 03:56:26'),
(148, 1, NULL, 3558, 3558, 'template', 10.89, '2020-01-08 03:56:31'),
(149, 1, NULL, 3558, 3558, 'template', 10.89, '2020-01-09 11:13:46'),
(162, 1, 1, 3558, 3558, 'template', 10.89, '2020-01-16 19:58:35'),
(164, 1, NULL, 3558, 3558, 'template', 10.89, '2020-01-17 12:52:18'),
(165, 1, 1, 3558, 3558, 'template', 10.89, '2020-01-17 15:49:50'),
(166, 1, NULL, 3558, 3558, 'template', 10.89, '2020-01-17 15:52:59'),
(168, 1, 1, 3558, 3558, 'template', 10.89, '2020-01-17 16:18:55'),
(170, 1, NULL, 3558, 3558, 'template', 10.89, '2020-01-20 12:42:17'),
(171, 1, 1, 3558, 3558, 'template', 10.89, '2020-01-20 17:46:09'),
(174, 1, 1, 3558, 3558, 'template', 10.89, '2020-01-22 10:33:16'),
(180, 1, NULL, 3558, 3558, 'template', 10.89, '2020-01-24 10:22:28'),
(181, 1, 1, 3558, 3558, 'template', 10.89, '2020-01-24 10:54:43'),
(182, 1, NULL, 3558, 3558, 'template', 10.89, '2020-01-29 11:43:53');

-- --------------------------------------------------------

--
-- Table structure for table `distresses`
--

CREATE TABLE `distresses` (
  `xe_id` bigint(20) NOT NULL,
  `name` varchar(100) DEFAULT NULL,
  `store_id` varchar(100) DEFAULT NULL,
  `file_name` varchar(50) DEFAULT NULL,
  `created_at` datetime DEFAULT NULL,
  `updated_at` datetime DEFAULT NULL
) ENGINE=InnoDB DEFAULT CHARSET=latin1;

--
-- Dumping data for table `distresses`
--

INSERT INTO `distresses` (`xe_id`, `name`, `store_id`, `file_name`, `created_at`, `updated_at`) VALUES
(39, 'Distress2', '1', '201912180808573878.jpg', '2019-12-18 08:08:57', '2020-01-23 17:41:37'),
(40, 'Distress1', '1', '201912180809144769.jpg', '2019-12-18 08:09:14', '2020-01-23 17:41:14'),
(41, 'New', '1', '201912180809299726.jpg', '2019-12-18 08:09:29', '2020-01-23 17:38:40'),
(43, 'New', '1', '20191218080955706.jpg', '2019-12-18 08:09:55', '2020-01-23 17:38:27'),
(44, 'Light', '1', '201912180810065772.jpg', '2019-12-18 08:10:06', '2020-01-23 17:38:21'),
(46, 'Light', '1', '201912180811062512.jpg', '2019-12-18 08:11:06', '2020-01-23 17:38:06');

-- --------------------------------------------------------

--
-- Table structure for table `distress_categories`
--

CREATE TABLE `distress_categories` (
  `xe_id` int(10) NOT NULL,
  `name` varchar(100) DEFAULT NULL,
  `store_id` varchar(100) DEFAULT NULL,
  `parent_id` int(10) DEFAULT NULL,
  `sort_order` smallint(4) DEFAULT NULL,
  `is_disable` tinyint(1) DEFAULT '0',
  `is_default` tinyint(1) DEFAULT '0',
  `created_at` datetime DEFAULT NULL,
  `updated_at` datetime DEFAULT NULL
) ENGINE=InnoDB DEFAULT CHARSET=latin1;

-- --------------------------------------------------------

--
-- Table structure for table `distress_category_rel`
--

CREATE TABLE `distress_category_rel` (
  `distress_id` bigint(20) DEFAULT NULL,
  `category_id` int(10) DEFAULT NULL
) ENGINE=InnoDB DEFAULT CHARSET=latin1;

--
-- Dumping data for table `distress_category_rel`
--

INSERT INTO `distress_category_rel` (`distress_id`, `category_id`) VALUES
(38, 85),
(38, 84),
(39, 98),
(40, 98),
(42, 98),
(43, 97),
(44, 97),
(45, 97),
(41, 288),
(41, 289),
(41, 290),
(41, 297),
(40, 288),
(40, 289),
(40, 290),
(40, 297),
(51, 300),
(54, 300),
(55, 300),
(56, 300),
(41, 461),
(47, 295),
(47, 469),
(48, 295),
(48, 469),
(49, 300),
(49, 461),
(46, 300),
(44, 461),
(43, 461),
(41, 300),
(40, 461),
(39, 300),
(50, 300),
(52, 300),
(53, 300),
(57, 300),
(58, 300),
(59, 461),
(60, 461);

-- --------------------------------------------------------

--
-- Table structure for table `distress_tags`
--

CREATE TABLE `distress_tags` (
  `xe_id` int(10) NOT NULL,
  `name` varchar(100) DEFAULT NULL,
  `store_id` varchar(100) DEFAULT NULL,
  `created_at` datetime DEFAULT NULL,
  `updated_at` datetime DEFAULT NULL
) ENGINE=InnoDB DEFAULT CHARSET=latin1;

--
-- Dumping data for table `distress_tags`
--

INSERT INTO `distress_tags` (`xe_id`, `name`, `store_id`, `created_at`, `updated_at`) VALUES
(4, 'test', NULL, '2019-12-17 16:05:03', '2019-12-17 16:05:03'),
(5, 'Update', NULL, '2019-12-24 10:14:35', '2019-12-24 10:14:35'),
(6, 'kniight', NULL, '2019-12-24 10:18:55', '2019-12-24 10:18:55'),
(7, 'tag1', NULL, '2019-12-26 03:47:36', '2019-12-26 03:47:36'),
(8, 'Tag', NULL, '2019-12-26 08:39:12', '2019-12-26 08:39:12'),
(9, 'Tags', NULL, '2019-12-26 09:49:47', '2019-12-26 09:49:47'),
(10, 'Tasg', NULL, '2020-01-03 14:12:34', '2020-01-03 14:12:34'),
(11, '123', NULL, '2020-01-20 18:54:30', '2020-01-20 18:54:30'),
(12, 'light', NULL, '2020-01-23 17:41:37', '2020-01-23 17:41:37'),
(13, 'dark', NULL, '2020-01-23 17:41:37', '2020-01-23 17:41:37');

-- --------------------------------------------------------

--
-- Table structure for table `distress_tag_rel`
--

CREATE TABLE `distress_tag_rel` (
  `distress_id` bigint(20) DEFAULT NULL,
  `tag_id` int(10) DEFAULT NULL
) ENGINE=InnoDB DEFAULT CHARSET=latin1;

--
-- Dumping data for table `distress_tag_rel`
--

INSERT INTO `distress_tag_rel` (`distress_id`, `tag_id`) VALUES
(38, 4),
(42, 5),
(47, 7),
(48, 8),
(49, 11),
(39, 12),
(39, 13),
(50, 11),
(51, 11),
(52, 11),
(53, 11),
(54, 11),
(55, 11),
(56, 11),
(57, 11),
(59, 7),
(60, 7);

-- --------------------------------------------------------

--
-- Table structure for table `engraved_surfaces`
--

CREATE TABLE `engraved_surfaces` (
  `xe_id` int(11) NOT NULL,
  `surface_name` varchar(100) NOT NULL,
  `engraved_type` enum('image','color') DEFAULT NULL,
  `engrave_type_value` varchar(100) DEFAULT NULL COMMENT 'color code or image url',
  `engrave_preview_type` enum('image','color') DEFAULT NULL,
  `engrave_preview_type_value` varchar(50) DEFAULT NULL,
  `shadow_direction` varchar(30) DEFAULT NULL,
  `shadow_size` varchar(20) DEFAULT NULL,
  `shadow_opacity` varchar(20) DEFAULT NULL,
  `shadow_strength` varchar(30) DEFAULT NULL,
  `shadow_blur` varchar(50) DEFAULT NULL,
  `is_user_defined` tinyint(1) NOT NULL DEFAULT '0'
) ENGINE=InnoDB DEFAULT CHARSET=latin1;

--
-- Dumping data for table `engraved_surfaces`
--

INSERT INTO `engraved_surfaces` (`xe_id`, `surface_name`, `engraved_type`, `engrave_type_value`, `engrave_preview_type`, `engrave_preview_type_value`, `shadow_direction`, `shadow_size`, `shadow_opacity`, `shadow_strength`, `shadow_blur`, `is_user_defined`) VALUES
(1, 'Surface 1', NULL, NULL, NULL, NULL, NULL, NULL, NULL, NULL, NULL, 0),
(2, 'Surface 2', NULL, NULL, NULL, NULL, NULL, NULL, NULL, NULL, NULL, 0),
(16, 'Custom', 'image', '201912250938547731.jpg', 'image', '20191225093853553.jpg', '0.02', '0.03', '0', '0', '0.01', 1),
(17, 'Custom', 'color', '#4118e1', 'color', '#a33535', '0.02', '0.02', '1', NULL, '0.02', 1),
(18, 'Custom', 'image', '201912260735424134.jpg', 'image', '201912260735424648.jpg', NULL, NULL, NULL, NULL, NULL, 1),
(19, 'Custom', 'image', '201912260747355875.jpg', 'image', '201912260747359145.jpg', NULL, NULL, NULL, NULL, NULL, 1),
(20, 'Custom', 'image', NULL, NULL, NULL, '5', '5', '0', '0', '0.6', 1),
(21, 'Custom', 'color', '#dda7a7', 'color', '#ca6363', '0.03', '0.02', '1', '0.01', '0.01', 1),
(22, 'Custom', 'color', NULL, NULL, NULL, '0.01', '0.01', '1', '0.01', '0.01', 1),
(23, 'Custom', 'color', '', NULL, NULL, '0.01', '0.01', '1', '0.01', '0.01', 1),
(24, 'Custom', 'color', '', NULL, NULL, '0.01', '0.01', '1', '0.01', '0.01', 1),
(25, 'Custom', 'color', NULL, NULL, NULL, '0.01', '0.01', '1', '0.01', '0.01', 1),
(26, 'Custom', 'color', '', NULL, NULL, '0.01', '0.01', '1', '0.01', '0.01', 1),
(27, 'Custom', 'color', NULL, NULL, NULL, '0.01', '0.01', '1', '0.01', '0.01', 1),
(28, 'Custom', 'color', NULL, NULL, NULL, '0.01', '0.01', '1', '0.01', '0.01', 1),
(29, 'Custom', 'color', '', NULL, NULL, '0.01', '0.01', '1', '0.01', '0.01', 1),
(31, 'Custom', 'color', '#ffffff', 'image', '201912280112434522.jpg', '0.01', '0.01', '0.2', '0.01', '0.01', 1),
(33, 'Custom', 'color', '', NULL, NULL, '0.01', '0.01', '1', '0.01', '0.01', 1),
(34, 'Custom', 'color', '', NULL, NULL, '0.01', '0.01', '1', '0.01', '0.01', 1),
(36, 'Custom', 'color', '', NULL, NULL, NULL, NULL, NULL, NULL, NULL, 1),
(37, 'Custom', 'color', '', NULL, NULL, NULL, NULL, NULL, NULL, NULL, 1),
(38, 'Custom', 'color', '', 'color', '#2fa8e1', '0.02', '0.03', NULL, '0', '0.01', 1),
(40, 'Custom', 'image', NULL, 'color', '#0b1ded', '0.01', '0.01', '1', '0.01', '0.01', 1),
(42, 'Custom', 'image', NULL, NULL, NULL, '0.08', '0.08', '0', '0', '0.05', 1),
(43, 'Custom', 'color', NULL, 'color', '#d26767', '0.01', '0.01', '1', '0.01', '0.01', 1),
(44, 'Custom', 'color', '#b01818', 'image', '202001161152422700.jpg', '0.01', '0.01', '1', '0.01', '0.01', 1),
(45, 'Custom', 'image', '202001161157182459.jpg', 'image', '202001161157186867.jpg', '0.01', '0.01', '1', '0.01', '0.01', 1),
(46, 'Custom', 'color', '#540909', 'image', '202001161157375932.jpg', '0.01', '0.01', '1', '0.01', '0.01', 1),
(47, 'Custom', 'color', NULL, 'color', '#d26767', '0.01', '0.01', '1', '0.01', '0.01', 1),
(48, 'Custom', 'color', '#540909', NULL, NULL, '0.01', '0.01', '1', '0.01', '0.01', 1),
(49, 'Custom', 'color', '#540909', NULL, NULL, '0.01', '0.01', '1', '0.01', '0.01', 1),
(51, 'Custom', 'color', '#7f6c6c', 'color', '#bcbcbc', '0.01', '0.01', '1', '0.01', '0.01', 1),
(52, 'Custom', 'color', '#7f6c6c', 'color', '#bcbcbc', '0.01', '0.01', '1', '0.01', '0.01', 1),
(53, 'Custom', 'color', '#7f6c6c', 'color', '#bcbcbc', '0.01', '0.01', '1', '0.01', '0.01', 1),
(54, 'Custom', 'color', NULL, 'color', '#72a2ca', '0.01', '0.01', '1', '0.01', '0.01', 1),
(55, 'Custom', 'color', NULL, 'image', '202001160604519694.jpg', '0.01', '0.01', '1', '0.01', '0.01', 1),
(56, 'Custom', 'image', '202001160605086732.jpg', 'image', '202001160605087482.jpg', '0.01', '0.01', '1', '0.01', '0.01', 1),
(57, 'Custom', 'image', NULL, NULL, NULL, '0.01', '0.01', '1', '0.01', '0.01', 1),
(59, 'Custom', 'color', NULL, 'image', '202001200127292089.jpg', '0.01', '0.01', '1', '0.01', '0.01', 1),
(60, 'Custom', 'color', NULL, 'image', '202001200129169709.jpg', '0.01', '0.01', '1', '0.01', '0.01', 1),
(61, 'Custom', 'color', NULL, NULL, NULL, '0.01', '0.01', '1', '0.01', '0.01', 1),
(62, 'Custom', 'color', NULL, NULL, NULL, '0.01', '0.01', '1', '0.01', '0.01', 1),
(63, 'Custom', 'color', NULL, NULL, NULL, '0.01', '0.01', '1', '0.01', '0.01', 1),
(64, 'Custom', 'color', NULL, NULL, NULL, '0.01', '0.01', '1', '0.01', '0.01', 1),
(65, 'Custom', 'image', '202001200229266689.jpg', NULL, NULL, '0.01', '0.01', '1', '0.01', '0.01', 1),
(66, 'Custom', 'image', NULL, NULL, NULL, '0.01', '0.01', '1', '0.01', '0.01', 1),
(67, 'Custom', 'image', NULL, NULL, NULL, '0.01', '0.01', '1', '0.01', '0.01', 1),
(68, 'Custom', 'color', '#154491', NULL, NULL, '0.01', '0.01', '1', '0.01', '0.01', 1),
(69, 'Custom', 'color', '#154491', NULL, NULL, '0.01', '0.01', '1', '0.01', '0.01', 1),
(70, 'Custom', 'color', NULL, NULL, NULL, '0.01', '0.01', '1', '0.01', '0.01', 1),
(71, 'Custom', 'color', NULL, NULL, NULL, '0.01', '0.01', '1', '0.01', '0.01', 1),
(72, 'Custom', 'color', NULL, NULL, NULL, '0.01', '0.01', '1', '0.01', '0.01', 1),
(73, 'Custom', 'color', NULL, NULL, NULL, '0.01', '0.01', '1', '0.01', '0.01', 1),
(74, 'Custom', 'color', NULL, NULL, NULL, '0.01', '0.01', '1', '0.01', '0.01', 1),
(75, 'Custom', 'color', NULL, NULL, NULL, '0.01', '0.01', '1', '0.01', '0.01', 1),
(76, 'Custom', 'color', '#154491', NULL, NULL, '0.01', '0.01', '1', '0.01', '0.01', 1),
(77, 'Custom', 'color', '#c3e7c6', NULL, NULL, '0.08', '0.03', '1', '0.01', '0.01', 1),
(78, 'Custom', 'color', '#cbf1cf', NULL, NULL, '0.08', '0.02', '1', '0.01', '0.01', 1),
(79, 'Custom', 'image', NULL, NULL, NULL, '0.08', '0.02', '1', '0.01', '0.01', 1),
(80, 'Custom', 'color', '#a7edaf', NULL, NULL, '0.08', '0.02', '1', '0.01', '0.01', 1),
(82, 'Custom', 'color', '#d23333', NULL, NULL, '0.02', '0.02', '1', '0.01', '0.02', 1),
(83, 'Custom', 'color', '#d23333', NULL, NULL, '0.02', '0.02', '1', '0.01', '0.02', 1),
(84, 'Custom', 'color', '#36b5be', NULL, NULL, '0.01', '0.01', '1', '0.01', '0.01', 1),
(85, 'Custom', 'color', '#36b5be', NULL, NULL, '0.01', '0.01', '1', '0.01', '0.01', 1),
(86, 'Custom', 'color', '#36b5be', NULL, NULL, '0.01', '0.01', '1', '0.01', '0.01', 1),
(87, 'Custom', 'color', '#36b5be', NULL, NULL, '0.01', '0.01', '1', '0.01', '0.01', 1),
(88, 'Custom', 'color', '#36b5be', NULL, NULL, '0.01', '0.01', '1', '0.01', '0.01', 1),
(90, 'Custom', 'image', '202001200629029584.jpg', 'color', '#c26060', '0.01', '0.01', '1', '0.01', '0.01', 1),
(91, 'Custom', 'image', NULL, 'color', '#c26060', '0.01', '0.01', '1', '0.01', '0.01', 1),
(92, 'Custom', 'image', NULL, 'color', '#c26060', '0.01', '0.01', '1', '0.01', '0.01', 1),
(93, 'Custom', 'image', NULL, 'color', '#c26060', '0.01', '0.01', '1', '0.01', '0.01', 1),
(95, 'Custom', 'color', NULL, 'image', '202001211028391616.jpg', '0.01', '0.01', '1', '0.01', '0.01', 1),
(96, 'Custom', 'color', NULL, 'color', '#c84c4c', '0.01', '0.01', '1', '0.01', '0.01', 1),
(97, 'Custom', 'color', NULL, 'color', '#bc4444', '0.01', '0.01', '1', '0.01', '0.01', 1),
(98, 'Custom', 'color', NULL, 'color', '#a35151', '0.01', '0.01', '1', '0.01', '0.01', 1),
(99, 'Custom', 'color', NULL, 'color', '#8cedd6', '0.01', '0.01', '1', '0.01', '0.01', 1),
(101, 'Custom', 'color', NULL, 'color', '#8cedd6', '0.01', '0.01', '1', '0.01', '0.01', 1),
(102, 'Custom', 'color', NULL, 'color', '#8cedd6', '0.01', '0.01', '1', '0.01', '0.01', 1),
(103, 'Custom', 'color', NULL, 'color', '#8cedd6', '0.01', '0.01', '1', '0.01', '0.01', 1),
(104, 'Custom', 'color', NULL, 'color', '#8cedd6', '0.01', '0.01', '1', '0.01', '0.01', 1),
(105, 'Custom', 'color', NULL, 'color', '#8cedd6', '0.01', '0.01', '1', '0.01', '0.01', 1),
(106, 'Custom', 'color', NULL, 'color', '#8cedd6', '0.01', '0.01', '1', '0.01', '0.01', 1),
(107, 'Custom', 'color', NULL, 'color', '#8cedd6', '0.01', '0.01', '1', '0.01', '0.01', 1),
(108, 'Custom', 'color', NULL, 'color', '#8cedd6', '0.01', '0.01', '1', '0.01', '0.01', 1),
(109, 'Custom', 'color', '#ffffff', 'color', '#ae2d2d', '0.01', '0.01', '1', '0.01', '0.01', 1),
(110, 'Custom', 'color', '#ffffff', 'color', '#9d3b3b', '0.01', '0.01', '1', '0.01', '0.01', 1),
(111, 'Custom', 'color', NULL, 'color', '#1625db', '0.01', '0.01', '1', '0.01', '0.01', 1),
(112, 'Custom', 'image', '202001211111369169.jpg', 'color', '#1625db', '0.01', '0.01', '1', '0.01', '0.01', 1),
(113, 'Custom', 'color', NULL, 'color', '#1625db', '0.08', '0.02', '1', '0.05', '0.04', 1),
(114, 'Custom', 'image', '202001211120585190.jpg', 'color', '#6169c2', '0.08', '0.02', '1', '0.05', '', 1),
(115, 'Custom', 'image', '202001211121159586.jpg', 'color', '#c5d97c', '0.08', '0.02', '1', '0.05', '', 1),
(116, 'Custom', 'image', '202001211121356088.jpg', 'color', '#b6ce5e', '0.08', '0.02', '1', '0.05', '', 1),
(117, 'Custom', 'image', '20200121112222949.jpg', 'color', '#544783', '0.08', '0.02', '1', '0.05', '', 1),
(118, 'Custom', 'color', NULL, 'color', '#8cedd6', '0.01', '0.02', '1', '0.01', '0.01', 1),
(119, 'Custom', 'color', '#dd3d3d', 'color', '#8cedd6', '0.24', '0.02', '1', '0.01', '0.01', 1),
(121, 'Custom', 'image', '202001210709379613.jpg', 'color', '#a11717', '0.01', '0.01', '1', '0.01', '0.01', 1),
(122, 'Custom', 'image', NULL, 'color', '#a11717', '0.01', '0.01', '1', '0.01', '0.01', 1),
(123, 'Custom', 'image', NULL, 'color', '#a11717', '0.01', '0.01', '1', '0.01', '0.01', 1),
(124, 'Custom', 'image', NULL, 'color', '#a11717', '0.01', '0.01', '1', '0.01', '0.01', 1),
(125, 'Custom', 'image', NULL, 'color', '#a11717', '0.01', '0.01', '1', '0.01', '0.01', 1),
(126, 'Custom', 'image', NULL, 'color', '#a11717', '0.01', '0.01', '1', '0.01', '0.01', 1),
(127, 'Custom', 'image', '202001220355202229.jpg', 'color', '#a11717', '0.01', '0.01', '1', '0.01', '0.01', 1),
(129, 'Custom', 'color', NULL, NULL, NULL, '0.01', '0.01', '1', '0.01', '0.01', 1),
(130, 'Custom', 'color', NULL, NULL, NULL, '0.01', '0.01', '1', '0.01', '0.01', 1),
(131, 'Custom', 'color', NULL, NULL, NULL, '0.01', '0.01', '1', '0.01', '0.01', 1),
(132, 'Custom', 'color', '#5275db', 'image', '202001220636433150.jpeg', '0.01', '0.01', '1', '0.01', '0.01', 1),
(133, 'Custom', 'color', '#5275db', NULL, NULL, '0.01', '0.01', '1', '0.01', '0.01', 1),
(134, 'Custom', 'color', '#dadb52', NULL, NULL, '0.01', '0.01', '1', '0.01', '0.01', 1),
(135, 'Custom', 'color', '#dadb52', NULL, NULL, '0.01', '0.01', '1', '0.01', '0.01', 1),
(136, 'Custom', 'color', '#61edde', NULL, NULL, '0.01', '0.01', '1', '0.01', '0.01', 1),
(137, 'Custom', 'color', '#61edde', NULL, NULL, '0.01', '0.01', '1', '0.01', '0.01', 1),
(138, 'Custom', 'color', '#61edde', NULL, NULL, '0.01', '0.01', '1', '0.01', '0.01', 1),
(139, 'Custom', 'color', '#61edde', NULL, NULL, '0.01', '0.01', '1', '0.01', '0.01', 1),
(140, 'Custom', 'color', '#61edde', NULL, NULL, '0.01', '0.01', '1', '0.01', '0.01', 1),
(141, 'Custom', 'color', '#61edde', NULL, NULL, '0.01', '0.01', '1', '0.01', '0.01', 1),
(142, 'Custom', 'color', '#61edde', NULL, NULL, '0.01', '0.01', '1', '0.01', '0.01', 1),
(143, 'Custom', 'color', '#61edde', NULL, NULL, '0.01', '0.01', '1', '0.01', '0.01', 1),
(144, 'Custom', 'image', NULL, NULL, NULL, '0.01', '0.01', '1', '0.01', '0.01', 1),
(145, 'Custom', 'image', NULL, NULL, NULL, '0.02', '0.01', '1', '0.01', '0.01', 1),
(146, 'Custom', 'color', '#578efb', 'image', '20200123103907107.png', '0.01', '0.08', '1', '0.01', '0.01', 1),
(147, 'Custom', 'color', '#578efb', 'image', '20200123104316344.png', '0.01', '0.08', '1', '0.01', '0.01', 1),
(148, 'Custom', 'color', '#578efb', 'image', '202001231043305800.png', '0.01', '0.08', '1', '0.01', '0.01', 1),
(149, 'Custom', 'color', '#578efb', NULL, NULL, '0.01', '0.08', '1', '0.01', '0.01', 1),
(150, 'Custom', 'color', '#578efb', NULL, NULL, '0.01', '0.08', '1', '0.01', '0.01', 1),
(152, 'Custom', 'image', NULL, NULL, NULL, '0.02', '0.01', '1', '0.01', '0.01', 1),
(153, 'Custom', 'image', NULL, NULL, NULL, '0.02', '0.01', '1', '0.01', '0.01', 1),
(154, 'Custom', 'image', NULL, NULL, NULL, '0.02', '0.01', '1', '0.01', '0.01', 1),
(155, 'Custom', 'image', NULL, NULL, NULL, '0.02', '0.01', '1', '0.01', '0.01', 1),
(156, 'Custom', 'image', NULL, NULL, NULL, '0.02', '0.01', '1', '0.01', '0.01', 1),
(157, 'Custom', 'image', NULL, NULL, NULL, '0.02', '0.01', '1', '0.01', '0.01', 1),
(158, 'Custom', 'image', NULL, NULL, NULL, '0.01', '0.08', '1', '0.01', '0.01', 1),
(159, 'Custom', 'image', NULL, NULL, NULL, '0.01', '0.08', '1', '0.01', '0.01', 1),
(160, 'Custom', 'image', NULL, NULL, NULL, '0.01', '0.08', '1', '0.01', '0.01', 1),
(161, 'Custom', 'image', NULL, NULL, NULL, '0.01', '0.08', '1', '0.01', '0.01', 1),
(162, 'Custom', 'image', NULL, NULL, NULL, '0.01', '0.08', '1', '0.01', '0.01', 1),
(163, 'Custom', 'image', NULL, NULL, NULL, '0.01', '0.08', '1', '0.01', '0.01', 1),
(164, 'Custom', 'image', NULL, NULL, NULL, '0.01', '0.08', '1', '0.01', '0.01', 1),
(165, 'Custom', 'image', NULL, NULL, NULL, '0.01', '0.08', '1', '0.01', '0.01', 1),
(166, 'Custom', 'image', NULL, NULL, NULL, '0.01', '0.08', '1', '0.01', '0.01', 1),
(167, 'Custom', 'color', NULL, NULL, NULL, '0.01', '0.08', '1', '0.01', '0.01', 1),
(168, 'Custom', 'image', NULL, NULL, NULL, '0.01', '0.08', '1', '0.01', '0.01', 1),
(169, 'Custom', 'color', NULL, NULL, NULL, '0.01', '0.08', '1', '0.01', '0.01', 1),
(170, 'Custom', 'image', NULL, NULL, NULL, '0.01', '0.08', '1', '0.01', '0.01', 1),
(171, 'Custom', 'color', NULL, NULL, NULL, '0.01', '0.08', '1', '0.01', '0.01', 1),
(172, 'Custom', 'color', NULL, NULL, NULL, '0.01', '0.08', '1', '0.01', '0.01', 1),
(173, 'Custom', 'color', NULL, NULL, NULL, '0.01', '0.08', '1', '0.01', '0.01', 1),
(174, 'Custom', 'image', '202001230445238509.png', NULL, NULL, '0.02', '0.01', '1', '0.01', '0.01', 1),
(176, 'Custom', 'color', '#2a76c0', NULL, NULL, '0.14', '0.41', '1', '0.01', '0.01', 1),
(178, 'Custom', 'image', NULL, NULL, NULL, '0.02', '0.02', '1', '0.01', '0.02', 1),
(181, 'Custom', 'image', NULL, 'image', '202001230500457534.jpg', '0.14', '0.41', '1', '0.01', '0.01', 1),
(182, 'Custom', 'image', NULL, 'image', '202001230501003126.jpeg', '0.14', '0.41', '1', '0.01', '0.01', 1),
(183, 'Custom', 'image', NULL, 'image', '202001230501446195.jpg', '0.14', '0.41', '1', '0.01', '0.01', 1),
(184, 'Custom', 'image', NULL, NULL, NULL, '0.14', '0.41', '1', '0.01', '0.01', 1),
(185, 'Custom', 'image', '202001230505013459.png', NULL, NULL, '0.14', '0.41', '1', '0.01', '0.01', 1),
(186, 'Custom', 'image', '202001230505178605.jpg', NULL, NULL, '0.14', '0.41', '1', '0.01', '0.01', 1),
(187, 'Custom', 'image', NULL, 'image', '202001230518347551.jpg', '0.14', '0.41', '1', '0.01', '0.01', 1),
(188, 'Custom', 'image', NULL, 'image', '202001230519307926.jpeg', '0.14', '0.41', '1', '0.01', '0.01', 1),
(189, 'Custom', 'image', NULL, 'image', '202001230522274072.jpeg', '0.14', '0.41', '1', '0.01', '0.01', 1),
(190, 'Custom', 'image', NULL, 'image', '202001230522367943.jpeg', '0.14', '0.41', '1', '0.01', '0.01', 1),
(191, 'Custom', 'image', NULL, 'image', '202001230522439021.jpeg', '0.14', '0.41', '1', '0.01', '0.01', 1),
(192, 'Custom', 'image', NULL, 'image', '202001230523042477.jpeg', '0.14', '0.41', '1', '0.01', '0.01', 1),
(193, 'Custom', 'image', NULL, 'image', '202001230523101757.jpeg', '0.14', '0.41', '1', '0.01', '0.01', 1),
(194, 'Custom', 'image', NULL, 'image', '202001230523429776.jpeg', '0.14', '0.41', '1', '0.01', '0.01', 1),
(195, 'Custom', 'image', NULL, 'image', '202001230524008516.jpeg', '0.14', '0.41', '1', '0.01', '0.01', 1),
(196, 'Custom', 'image', '202001230618344664.png', NULL, NULL, '0.14', '0.41', '1', '0.01', '0.01', 1),
(197, 'Custom', 'image', '202001230618581384.png', NULL, NULL, '0.14', '0.41', '1', '0.01', '0.01', 1),
(198, 'Custom', 'color', NULL, 'color', '#1f2695', '0.01', '0.01', '1', '0.01', '0.01', 1),
(199, 'Custom', 'color', NULL, 'color', '#1f2695', '0.01', '0.01', '1', '0.01', '0.01', 1),
(200, 'Custom', 'color', NULL, 'image', '202001230635384492.jpg', '0.01', '0.01', '1', '0.01', '0.01', 1),
(201, 'Custom', 'color', NULL, 'color', '#555eed', '0.01', '0.01', '1', '0.01', '0.01', 1),
(202, 'Custom', 'color', NULL, 'color', '#555eed', '0.01', '0.01', '1', '0.01', '0.01', 1),
(203, 'Custom', 'color', NULL, 'image', '202001230637383539.jpg', '0.01', '0.01', '1', '0.01', '0.01', 1),
(204, 'Custom', 'color', NULL, 'color', '#0a9e2c', '0.01', '0.01', '1', '0.01', '0.01', 1),
(205, 'Custom', 'color', NULL, 'color', '#0a9e2c', '0.01', '0.01', '1', '0.01', '0.01', 1),
(206, 'Custom', 'color', NULL, 'color', '#0a9e2c', '0.01', '0.01', '1', '0.01', '0.01', 1),
(207, 'Custom', 'color', NULL, 'color', '#0a9e2c', '0.01', '0.01', '1', '0.01', '0.01', 1),
(208, 'Custom', 'color', NULL, 'color', '#0a9e2c', '0.01', '0.01', '1', '0.01', '0.01', 1),
(209, 'Custom', 'color', NULL, 'color', '#57cd72', '0.01', '0.01', '1', '0.01', '0.01', 1),
(210, 'Custom', 'color', NULL, 'color', '#0a9e2c', '0.01', '0.01', '1', '0.01', '0.01', 1),
(211, 'Custom', 'color', NULL, 'color', '#0a9e2c', '0.01', '0.01', '1', '0.01', '0.01', 1),
(212, 'Custom', 'color', NULL, 'color', '#0a9e2c', '0.01', '0.01', '1', '0.01', '0.01', 1),
(213, 'Custom', 'color', NULL, 'color', '#0a9e2c', '0.01', '0.01', '1', '0.01', '0.01', 1),
(214, 'Custom', 'color', NULL, 'color', '#0a9e2c', '0.01', '0.01', '1', '0.01', '0.01', 1),
(215, 'Custom', 'color', '', NULL, NULL, NULL, NULL, NULL, NULL, NULL, 1),
(217, 'Custom', 'image', NULL, 'color', '#544783', '0.08', '0.02', '1', '0.05', '', 1),
(218, 'Custom', 'color', '#7f6c6c', 'color', '#bcbcbc', '0.01', '0.01', '1', '0.01', '0.01', 1),
(219, 'Custom', 'color', '#7f6c6c', 'color', '#bcbcbc', '0.01', '0.01', '1', '0.01', '0.01', 1),
(220, 'Custom', 'color', '#7f6c6c', 'color', '#bcbcbc', '0.01', '0.01', '1', '0.01', '0.01', 1),
(221, 'Custom', 'color', NULL, NULL, NULL, NULL, NULL, NULL, NULL, NULL, 1),
(222, 'Custom', 'image', NULL, NULL, NULL, '5', '5', '0', '0', '0.6', 1),
(223, 'Custom', 'image', NULL, NULL, NULL, '5', '5', '0', '0', '0.6', 1),
(224, 'Custom', 'color', NULL, 'color', '#8cedd6', '0.01', '0.01', '1', '0.01', '0.01', 1),
(225, 'Custom', 'image', NULL, 'color', '#8cedd6', '0.01', '0.01', '1', '0.01', '0.01', 1),
(226, 'Custom', 'image', NULL, 'color', '#8cedd6', '0.01', '0.01', '0.5', '0.01', '0.01', 1),
(227, 'Custom', 'color', NULL, NULL, NULL, NULL, NULL, NULL, NULL, NULL, 1),
(228, 'Custom', 'image', NULL, 'color', '#544783', '0.08', '0.02', '1', '0.05', '', 1),
(229, 'Custom', 'image', NULL, 'color', '#8cedd6', '0.01', '0.01', '0.5', '0.01', '0.01', 1),
(230, 'Custom', 'image', NULL, 'color', '#8cedd6', '0.01', '0.01', '0.5', '0.01', '0.01', 1),
(231, 'Custom', 'color', '#154491', NULL, NULL, '0.01', '0.01', '1', '0.01', '0.01', 1),
(232, 'Custom', 'color', '#154491', NULL, NULL, '0.01', '0.01', '1', '0.01', '0.01', 1),
(233, 'Custom', 'image', NULL, 'color', '#544783', '0.08', '0.02', '1', '0.05', '', 1),
(234, 'Custom', 'image', NULL, 'color', '#544783', '0.08', '0.02', '1', '0.05', '', 1),
(235, 'Custom', 'image', NULL, 'color', '#544783', '0.08', '0.02', '1', '0.05', '', 1),
(236, 'Custom', 'image', NULL, 'color', '#544783', '0.08', '0.02', '1', '0.05', '', 1),
(237, 'Custom', 'image', NULL, 'color', '#8cedd6', '0.01', '0.01', '0.5', '0.01', '0.01', 1),
(238, 'Custom', 'image', NULL, NULL, NULL, '0.01', '0.01', '1', '0.01', '0.01', 1),
(239, 'Custom', 'color', NULL, NULL, NULL, '0.01', '0.01', '1', '0.01', '0.01', 1),
(240, 'Custom', 'image', NULL, NULL, NULL, '0.01', '0.01', '1', '0.01', '0.01', 1),
(241, 'Custom', 'color', NULL, NULL, NULL, '0.01', '0.01', '1', '0.01', '0.01', 1),
(242, 'Custom', 'image', NULL, NULL, NULL, '0.01', '0.01', '1', '0.01', '0.01', 1),
(243, 'Custom', 'image', NULL, NULL, NULL, '0.01', '0.01', '1', '0.01', '0.01', 1),
(244, 'Custom', 'color', NULL, NULL, NULL, '0.01', '0.01', '1', '0.01', '0.01', 1),
(245, 'Custom', 'image', NULL, NULL, NULL, '0.01', '0.01', '1', '0.01', '0.01', 1),
(246, 'Custom', 'color', NULL, NULL, NULL, '0.01', '0.01', '1', '0.01', '0.01', 1),
(247, 'Custom', 'image', NULL, NULL, NULL, '0.01', '0.01', '1', '0.01', '0.01', 1),
(248, 'Custom', 'color', NULL, NULL, NULL, '0.4', '0.01', '1', '0.01', '0.01', 1),
(249, 'Custom', 'color', NULL, NULL, NULL, '0.4', '0.01', '1', '0.01', '0.01', 1),
(250, 'Custom', 'image', NULL, NULL, NULL, '0.4', '0.01', '1', '0.01', '0.01', 1),
(251, 'Custom', 'image', NULL, NULL, NULL, '0.4', '0.01', '1', '0.01', '0.01', 1),
(252, 'Custom', 'image', NULL, NULL, NULL, '0.4', '0.01', '1', '0.01', '0.01', 1),
(253, 'Custom', 'image', NULL, NULL, NULL, '0.4', '0.01', '1', '0.01', '0.01', 1),
(254, 'Custom', 'color', NULL, NULL, NULL, '0.4', '0.01', '1', '0.01', '0.01', 1),
(255, 'Custom', 'image', NULL, NULL, NULL, '0.4', '0.01', '1', '0.01', '0.01', 1),
(256, 'Custom', 'color', NULL, NULL, NULL, '0.4', '0.01', '1', '0.01', '0.01', 1),
(257, 'Custom', 'image', NULL, NULL, NULL, '0.4', '0.01', '1', '0.01', '0.01', 1),
(258, 'Custom', 'image', NULL, NULL, NULL, '0.4', '0.01', '1', '0.01', '0.01', 1),
(259, 'Custom', 'color', NULL, NULL, NULL, '0.4', '0.01', '1', '0.01', '0.01', 1),
(260, 'Custom', 'image', NULL, NULL, NULL, '0.4', '0.01', '1', '0.01', '0.01', 1),
(261, 'Custom', 'color', NULL, NULL, NULL, '0.4', '0.01', '1', '0.01', '0.01', 1),
(262, 'Custom', 'image', NULL, NULL, NULL, '0.4', '0.01', '1', '0.01', '0.01', 1),
(263, 'Custom', 'color', NULL, NULL, NULL, '0.4', '0.01', '1', '0.01', '0.01', 1),
(264, 'Custom', 'image', NULL, NULL, NULL, '0.01', '0.01', '1', '0.01', '0.01', 1),
(265, 'Custom', 'color', NULL, NULL, NULL, '0.01', '0.01', '1', '0.01', '0.01', 1),
(266, 'Custom', 'image', NULL, NULL, NULL, '0.01', '0.01', '1', '0.01', '0.01', 1),
(267, 'Custom', 'color', NULL, NULL, NULL, '0.01', '0.01', '1', '0.01', '0.01', 1),
(268, 'Custom', 'image', NULL, NULL, NULL, '0.01', '0.01', '1', '0.01', '0.01', 1),
(269, 'Custom', 'color', NULL, NULL, NULL, '0.01', '0.01', '1', '0.01', '0.01', 1),
(270, 'Custom', 'image', NULL, NULL, NULL, '0.01', '0.01', '1', '0.01', '0.01', 1),
(271, 'Custom', 'color', NULL, NULL, NULL, '0.01', '0.01', '1', '0.01', '0.01', 1),
(272, 'Custom', 'color', NULL, NULL, NULL, '0.01', '0.01', '1', '0.01', '0.01', 1),
(273, 'Custom', 'color', NULL, 'image', NULL, '0.01', '0.01', '1', '0.01', '0.01', 1),
(274, 'Custom', 'color', NULL, 'image', NULL, '0.01', '0.01', '1', '0.01', '0.01', 1),
(275, 'Custom', 'color', NULL, 'image', NULL, '0.01', '0.01', '1', '0.01', '0.01', 1),
(276, 'Custom', 'color', NULL, 'image', NULL, '0.01', '0.01', '1', '0.01', '0.01', 1),
(277, 'Custom', 'image', NULL, 'image', NULL, '0.01', '0.01', '1', '0.01', '0.01', 1),
(278, 'Custom', 'image', NULL, 'color', '#544783', '0.08', '0.02', '1', '0.05', '', 1),
(279, 'Custom', 'image', NULL, 'color', '#8cedd6', '0.01', '0.01', '0.5', '0.01', '0.01', 1),
(280, 'Custom', 'color', '#154491', 'image', NULL, '0.01', '0.01', '1', '0.01', '0.01', 1),
(281, 'Custom', 'color', '#7f6c6c', 'color', '#bcbcbc', '0.01', '0.01', '1', '0.01', '0.01', 1),
(282, 'Custom', 'color', NULL, 'image', NULL, NULL, NULL, NULL, NULL, NULL, 1),
(283, 'Custom', 'image', NULL, 'image', NULL, '5', '5', '0', '0', '0.6', 1),
(284, 'Custom', 'color', NULL, 'image', NULL, '0.01', '0.01', '1', '0.01', '0.01', 1),
(285, 'Custom', 'image', NULL, 'color', '#544783', '0.08', '0.02', '1', '0.05', '', 1),
(286, 'Custom', 'image', NULL, 'color', '#8cedd6', '0.01', '0.01', '0.5', '0.01', '0.01', 1),
(287, 'Custom', 'color', '#154491', 'image', NULL, '0.01', '0.01', '1', '0.01', '0.01', 1),
(288, 'Custom', 'color', '#7f6c6c', 'color', '#bcbcbc', '0.01', '0.01', '1', '0.01', '0.01', 1),
(289, 'Custom', 'color', NULL, 'image', NULL, NULL, NULL, NULL, NULL, NULL, 1),
(290, 'Custom', 'image', NULL, 'image', NULL, '5', '5', '0', '0', '0.6', 1),
(291, 'Custom', 'color', NULL, 'image', NULL, '0.08', '0.04', '1', '0.01', '0.01', 1),
(292, 'Custom', 'image', NULL, 'image', NULL, '0.08', '0.04', '1', '0.01', '0.01', 1),
(293, 'Custom', 'image', NULL, 'image', NULL, '0.06', '0.04', '1', '0.01', '0.01', 1),
(294, 'Custom', 'image', NULL, 'image', NULL, '0.06', '0.04', '1', '0.01', '0.01', 1),
(295, 'Custom', 'image', NULL, 'image', NULL, '0.06', '0.04', '1', '0.01', '0.01', 1),
(296, 'Custom', 'image', NULL, 'image', NULL, '0.06', '0.04', '1', '0.01', '0.01', 1),
(297, 'Custom', 'image', NULL, 'image', NULL, '0.06', '0.04', '1', '0.01', '0.01', 1);

-- --------------------------------------------------------

--
-- Table structure for table `features`
--

CREATE TABLE `features` (
  `xe_id` int(11) NOT NULL,
  `feature_type_id` int(11) NOT NULL,
  `name` varchar(150) NOT NULL,
  `slug` varchar(100) NOT NULL
) ENGINE=InnoDB DEFAULT CHARSET=latin1;

--
-- Dumping data for table `features`
--

INSERT INTO `features` (`xe_id`, `feature_type_id`, `name`, `slug`) VALUES
(1, 1, 'Clipart library', 'clipart'),
(2, 1, 'Use from Templates', 'template'),
(3, 1, 'Backgrounds', 'background'),
(4, 1, 'Draw with your hand', 'drawing'),
(5, 1, 'Shapes library', 'shape'),
(6, 1, 'Upload design', 'image'),
(7, 1, 'Add Text', 'text'),
(8, 1, 'Team Jearsy', 'team'),
(9, 1, 'VDP', 'vdp');

-- --------------------------------------------------------

--
-- Table structure for table `feature_types`
--

CREATE TABLE `feature_types` (
  `xe_id` int(11) NOT NULL,
  `name` varchar(150) NOT NULL
) ENGINE=InnoDB DEFAULT CHARSET=latin1;

--
-- Dumping data for table `feature_types`
--

INSERT INTO `feature_types` (`xe_id`, `name`) VALUES
(1, 'Graphics'),
(2, 'Images'),
(3, 'Text');

-- --------------------------------------------------------

--
-- Table structure for table `fonts`
--

CREATE TABLE `fonts` (
  `xe_id` bigint(20) NOT NULL,
  `name` varchar(100) DEFAULT NULL,
  `store_id` varchar(100) DEFAULT NULL,
  `price` decimal(10,2) DEFAULT NULL,
  `font_family` varchar(100) DEFAULT NULL,
  `file_name` varchar(50) DEFAULT NULL,
  `created_at` datetime DEFAULT NULL,
  `updated_at` datetime DEFAULT NULL
) ENGINE=InnoDB DEFAULT CHARSET=latin1;

--
-- Dumping data for table `fonts`
--

INSERT INTO `fonts` (`xe_id`, `name`, `store_id`, `price`, `font_family`, `file_name`, `created_at`, `updated_at`) VALUES
(6, 'Brady_Bunch_Remastered', '1', '0.00', 'Brady Bunch Remastered', '201912260755375420.ttf', '2019-12-26 07:55:37', '2019-12-26 07:55:37'),
(7, 'New font', '1', '12.00', 'Aguafina Script', '201912261035171278.ttf', '2019-12-26 22:35:17', '2020-01-16 17:29:12'),
(8, 'HenryMorganHand', '1', '12.00', 'HenryMorganHand', '20191226110114868.ttf', '2019-12-26 23:01:14', '2019-12-26 23:16:18'),
(9, 'SF_Burlington_Script_Italic', '1', '34.00', 'SF Burlington Script', '201912261103502574.ttf', '2019-12-26 23:03:50', '2019-12-26 23:37:56'),
(10, 'HenryMorganHand', '1', '12.00', 'HenryMorganHand', '201912261143571109.ttf', '2019-12-26 23:43:57', '2019-12-26 23:43:57'),
(11, 'Another_Typewriter_12345 _6910', '1', '5.00', 'Another Typewriter', '201912300620487716.ttf', '2019-12-30 18:20:48', '2020-01-20 16:05:34'),
(12, 'BeautySchoolDropoutII12345678', '1', '9.00', 'BeautySchoolDropoutII', '20191230063703976.ttf', '2019-12-30 18:37:03', '2019-12-30 18:38:06'),
(13, 'Shradha suman praharaj', '1', '10.00', 'Betty', '201912300640345545.ttf', '2019-12-30 18:40:34', '2020-01-17 18:24:27'),
(16, 'Wonder Land   ', '1', '112.00', 'Dobkin', '20200107045757299.ttf', '2020-01-07 16:57:57', '2020-01-07 17:07:04'),
(17, 'Mutlu__Ornamentalu', '1', '1.00', 'Mutlu', '202001070651085073.ttf', '2020-01-07 18:51:08', '2020-01-16 18:27:03'),
(18, 'Roboto-BlackItalic', '1', '22.00', 'Roboto Black', '202001130722223333.ttf', '2020-01-13 19:22:22', '2020-01-17 11:05:32'),
(19, 'Satisfy-Regular', '1', '21.00', 'Satisfy', '202001160524266785.ttf', '2020-01-16 17:24:26', '2020-01-22 11:31:56'),
(21, 'Insaniburger_with_Cheese_with _Cheese', '1', '0.00', 'Insaniburger with Cheese', '202001160616479743.ttf', '2020-01-16 18:16:47', '2020-01-16 18:17:07'),
(23, 'BEAUTYSC', '1', '2.00', 'BeautySchoolDropoutII', '202001160637045321.ttf', '2020-01-16 18:37:04', '2020-01-23 17:24:04');

-- --------------------------------------------------------

--
-- Table structure for table `font_categories`
--

CREATE TABLE `font_categories` (
  `xe_id` int(10) NOT NULL,
  `name` varchar(100) DEFAULT NULL,
  `store_id` varchar(100) DEFAULT NULL,
  `parent_id` int(10) DEFAULT NULL,
  `sort_order` smallint(4) DEFAULT NULL,
  `is_disable` tinyint(1) DEFAULT '0',
  `is_default` tinyint(1) DEFAULT '0',
  `created_at` datetime DEFAULT NULL,
  `updated_at` datetime DEFAULT NULL
) ENGINE=InnoDB DEFAULT CHARSET=latin1;

-- --------------------------------------------------------

--
-- Table structure for table `font_category_rel`
--

CREATE TABLE `font_category_rel` (
  `font_id` bigint(20) DEFAULT NULL,
  `category_id` int(10) DEFAULT NULL
) ENGINE=InnoDB DEFAULT CHARSET=latin1;

--
-- Dumping data for table `font_category_rel`
--

INSERT INTO `font_category_rel` (`font_id`, `category_id`) VALUES
(26, 87),
(30, 131),
(32, 131),
(33, 133),
(34, 133),
(35, 131),
(36, 131),
(37, 131),
(38, 131),
(39, 131),
(45, 134),
(46, 134),
(47, 134),
(48, 134),
(49, 134),
(50, 134),
(51, 135),
(52, 135),
(53, 135),
(54, 135),
(55, 136),
(56, 136),
(57, 136),
(58, 136),
(59, 136),
(60, 137),
(61, 137),
(62, 137),
(63, 137),
(64, 137),
(65, 131),
(68, 131),
(1, 87),
(2, 131),
(3, 133),
(3, 134),
(4, 87),
(4, 131),
(3, 87),
(3, 131),
(3, 135),
(3, 136),
(3, 137),
(6, 131),
(8, 133),
(5, 137),
(10, 133),
(12, 134),
(12, 135),
(12, 136),
(5, 441),
(5, 408),
(5, 133),
(15, 442),
(17, 133),
(17, 408),
(17, 441),
(13, 131),
(13, 442),
(18, 549),
(18, 133),
(18, 408),
(18, 441),
(21, 441),
(21, 134),
(22, 442),
(22, 498),
(22, 499),
(22, 500),
(22, 441),
(19, 498),
(19, 500),
(23, 136);

-- --------------------------------------------------------

--
-- Table structure for table `font_tags`
--

CREATE TABLE `font_tags` (
  `xe_id` int(10) NOT NULL,
  `name` varchar(100) DEFAULT NULL,
  `store_id` varchar(100) DEFAULT NULL,
  `created_at` datetime DEFAULT NULL,
  `updated_at` datetime DEFAULT NULL
) ENGINE=InnoDB DEFAULT CHARSET=latin1;

--
-- Dumping data for table `font_tags`
--

INSERT INTO `font_tags` (`xe_id`, `name`, `store_id`, `created_at`, `updated_at`) VALUES
(7, 'tag1', NULL, '2019-12-17 16:13:21', '2019-12-17 16:13:21'),
(8, 'fg', NULL, '2019-12-17 16:13:30', '2019-12-17 16:13:30'),
(9, 'New', NULL, '2019-12-21 13:23:12', '2019-12-21 13:23:12'),
(10, 'Tags', NULL, '2019-12-24 08:37:30', '2019-12-24 08:37:30'),
(11, 'font-new', NULL, '2019-12-26 06:58:00', '2019-12-26 06:58:00'),
(12, 'test1', NULL, '2019-12-26 07:55:37', '2019-12-26 07:55:37'),
(13, 'as', NULL, '2019-12-26 23:43:57', '2019-12-26 23:43:57'),
(14, 'ttf1', NULL, '2019-12-30 18:37:03', '2019-12-30 18:37:03'),
(15, 'ttf2', NULL, '2019-12-30 18:37:03', '2019-12-30 18:37:03'),
(16, 'ttf3', NULL, '2019-12-30 18:37:03', '2019-12-30 18:37:03'),
(17, 'ttf4', NULL, '2019-12-30 18:38:06', '2019-12-30 18:38:06'),
(18, 'ttf5', NULL, '2019-12-30 18:38:06', '2019-12-30 18:38:06'),
(19, 'ttf6', NULL, '2019-12-30 18:38:06', '2019-12-30 18:38:06'),
(20, 'ttf7', NULL, '2019-12-30 18:38:06', '2019-12-30 18:38:06'),
(21, 'ttf8', NULL, '2019-12-30 18:38:06', '2019-12-30 18:38:06'),
(22, 'ttf9', NULL, '2019-12-30 18:38:06', '2019-12-30 18:38:06'),
(23, 'ttf10', NULL, '2019-12-30 18:38:06', '2019-12-30 18:38:06'),
(24, 'regular', NULL, '2019-12-30 18:57:17', '2019-12-30 18:57:17'),
(25, 'betty', NULL, '2019-12-30 18:57:54', '2019-12-30 18:57:54'),
(26, 'new-font', NULL, '2019-12-30 19:00:58', '2019-12-30 19:00:58'),
(27, 'font1', NULL, '2019-12-30 19:00:58', '2019-12-30 19:00:58'),
(28, 'font2', NULL, '2019-12-30 19:00:58', '2019-12-30 19:00:58'),
(29, 'font3', NULL, '2019-12-30 19:00:58', '2019-12-30 19:00:58'),
(30, 'Tag', NULL, '2020-01-07 16:57:57', '2020-01-07 16:57:57'),
(31, 'dasdasdasd', NULL, '2020-01-13 19:22:22', '2020-01-13 19:22:22'),
(32, 'sdfdfsdfs', NULL, '2020-01-13 19:22:22', '2020-01-13 19:22:22'),
(33, 'hgfghf', NULL, '2020-01-13 19:22:22', '2020-01-13 19:22:22'),
(34, 'test\'s', NULL, '2020-01-14 14:21:07', '2020-01-14 14:21:07'),
(35, '12345', NULL, '2020-01-16 18:27:03', '2020-01-16 18:27:03'),
(36, '123', NULL, '2020-01-16 18:37:04', '2020-01-16 18:37:04'),
(37, '234', NULL, '2020-01-16 18:37:04', '2020-01-16 18:37:04'),
(38, '345', NULL, '2020-01-16 18:37:04', '2020-01-16 18:37:04'),
(39, '456', NULL, '2020-01-16 18:37:04', '2020-01-16 18:37:04'),
(40, '567', NULL, '2020-01-16 18:37:04', '2020-01-16 18:37:04'),
(41, '678', NULL, '2020-01-16 18:37:04', '2020-01-16 18:37:04'),
(42, '789', NULL, '2020-01-16 18:37:04', '2020-01-16 18:37:04');

-- --------------------------------------------------------

--
-- Table structure for table `font_tag_rel`
--

CREATE TABLE `font_tag_rel` (
  `font_id` bigint(20) DEFAULT NULL,
  `tag_id` int(10) DEFAULT NULL
) ENGINE=InnoDB DEFAULT CHARSET=latin1;

--
-- Dumping data for table `font_tag_rel`
--

INSERT INTO `font_tag_rel` (`font_id`, `tag_id`) VALUES
(26, 7),
(26, 8),
(65, 9),
(68, 9),
(1, 9),
(2, 10),
(4, 11),
(6, 12),
(9, 10),
(10, 13),
(12, 14),
(12, 15),
(12, 16),
(12, 17),
(12, 18),
(12, 19),
(12, 20),
(12, 21),
(12, 22),
(12, 23),
(13, 24),
(13, 25),
(4, 26),
(4, 27),
(4, 28),
(4, 29),
(15, 10),
(16, 30),
(17, 10),
(18, 31),
(18, 32),
(18, 34),
(17, 35),
(23, 36),
(23, 37),
(23, 38),
(23, 39),
(23, 40),
(23, 41),
(23, 42);

-- --------------------------------------------------------

--
-- Table structure for table `graphic_fonts`
--

CREATE TABLE `graphic_fonts` (
  `xe_id` bigint(20) NOT NULL,
  `name` varchar(30) DEFAULT NULL,
  `price` decimal(6,2) DEFAULT NULL,
  `store_id` varchar(50) DEFAULT NULL,
  `is_letter_style` tinyint(1) NOT NULL DEFAULT '0',
  `is_number_style` tinyint(1) NOT NULL DEFAULT '0',
  `is_special_character_style` tinyint(1) NOT NULL DEFAULT '0',
  `created_at` datetime DEFAULT NULL,
  `updated_at` datetime DEFAULT NULL
) ENGINE=InnoDB DEFAULT CHARSET=latin1;

-- --------------------------------------------------------

--
-- Table structure for table `graphic_font_letters`
--

CREATE TABLE `graphic_font_letters` (
  `xe_id` bigint(20) NOT NULL,
  `graphic_font_id` bigint(20) DEFAULT NULL,
  `name` varchar(50) DEFAULT NULL,
  `file_name` varchar(50) DEFAULT NULL,
  `font_type` varchar(50) DEFAULT NULL
) ENGINE=InnoDB DEFAULT CHARSET=latin1;

-- --------------------------------------------------------

--
-- Table structure for table `graphic_font_tags`
--

CREATE TABLE `graphic_font_tags` (
  `xe_id` int(10) NOT NULL,
  `name` varchar(100) DEFAULT NULL
) ENGINE=InnoDB DEFAULT CHARSET=latin1;

-- --------------------------------------------------------

--
-- Table structure for table `graphic_font_tag_rel`
--

CREATE TABLE `graphic_font_tag_rel` (
  `graphic_font_id` bigint(20) DEFAULT NULL,
  `tag_id` int(10) DEFAULT NULL
) ENGINE=InnoDB DEFAULT CHARSET=latin1;

-- --------------------------------------------------------

--
-- Table structure for table `languages`
--

CREATE TABLE `languages` (
  `xe_id` int(10) NOT NULL,
  `name` varchar(50) DEFAULT NULL,
  `store_id` varchar(50) NOT NULL,
  `file_name` varchar(50) DEFAULT NULL,
  `type` varchar(50) DEFAULT NULL,
  `is_enable` tinyint(1) DEFAULT '0',
  `is_default` tinyint(1) DEFAULT '0'
) ENGINE=InnoDB DEFAULT CHARSET=latin1;

--
-- Dumping data for table `languages`
--

INSERT INTO `languages` (`xe_id`, `name`, `store_id`, `file_name`, `type`, `is_enable`, `is_default`) VALUES
(1, 'English', '1', 'lang_english.json', 'admin', 0, 0),
(2, 'English', '1', 'lang_english.json', 'tool', 0, 1),
(19, 'Dutch', '1', 'lang_duch.json', 'admin', 0, 1),
(20, 'Dutch', '1', 'lang_duch.json', 'tool', 0, 0);

-- --------------------------------------------------------

--
-- Table structure for table `layouts`
--

CREATE TABLE `layouts` (
  `xe_id` int(11) NOT NULL,
  `name` varchar(100) DEFAULT NULL,
  `file_name` varchar(255) DEFAULT NULL
) ENGINE=InnoDB DEFAULT CHARSET=latin1;

--
-- Dumping data for table `layouts`
--

INSERT INTO `layouts` (`xe_id`, `name`, `file_name`) VALUES
(1, 'Theme 1', 'theme-1.svg'),
(2, 'Theme 2', 'theme-2.svg'),
(3, 'Theme 3', 'theme-3.svg');

-- --------------------------------------------------------

--
-- Table structure for table `masks`
--

CREATE TABLE `masks` (
  `xe_id` bigint(20) NOT NULL,
  `name` varchar(100) DEFAULT NULL,
  `store_id` varchar(100) DEFAULT NULL,
  `mask_name` varchar(50) DEFAULT NULL,
  `file_name` varchar(50) DEFAULT NULL,
  `created_at` datetime DEFAULT NULL,
  `updated_at` datetime DEFAULT NULL
) ENGINE=InnoDB DEFAULT CHARSET=latin1;

--
-- Dumping data for table `masks`
--

INSERT INTO `masks` (`xe_id`, `name`, `store_id`, `mask_name`, `file_name`, `created_at`, `updated_at`) VALUES
(35, 'Star', '1', '20200120115637637.svg', '202001201156371989.png', '2020-01-20 11:56:37', '2020-01-20 12:39:47'),
(36, 'Think', '1', '202001201156596907.svg', '202001201156599183.png', '2020-01-20 11:56:59', '2020-01-20 11:56:59'),
(37, 'Thought', '1', '202001201157134589.svg', '202001201157139277.png', '2020-01-20 11:57:13', '2020-01-20 11:57:13'),
(38, 'Thought1', '1', '202001201157312025.svg', '202001201157317846.png', '2020-01-20 11:57:31', '2020-01-20 11:57:31'),
(39, 'Talk', '1', '202001201157452374.svg', '202001201157457773.png', '2020-01-20 11:57:45', '2020-01-20 11:57:45'),
(40, 'Long Talk', '1', '202001201157587892.svg', '202001201157588386.png', '2020-01-20 11:57:58', '2020-01-20 11:57:58'),
(41, 'Circular talk', '1', '202001201158163547.svg', '202001201158162850.png', '2020-01-20 11:58:16', '2020-01-20 11:58:16'),
(42, 'Puzzle Talk', '1', '202001201158416226.svg', '202001201158418610.png', '2020-01-20 11:58:41', '2020-01-20 11:58:41'),
(43, 'confuse', '1', '20200120115900836.svg', '202001201159004974.png', '2020-01-20 11:59:00', '2020-01-20 11:59:00'),
(44, 'Ballon', '1', '202001201159426498.svg', '202001201159427083.png', '2020-01-20 11:59:42', '2020-01-20 11:59:42'),
(45, 'Ballon', '1', '202001201200038085.svg', '202001201200031820.png', '2020-01-20 12:00:03', '2020-01-20 12:00:03'),
(46, 'Mask', '1', '202001201200172612.svg', '202001201200171427.png', '2020-01-20 12:00:17', '2020-01-20 12:00:17'),
(47, 'masks', '1', '202001201200323061.svg', '202001201200324804.png', '2020-01-20 12:00:32', '2020-01-20 12:00:32'),
(48, 'Masks', '1', '202001201200464993.svg', '20200120120046965.png', '2020-01-20 12:00:46', '2020-01-20 12:00:46'),
(49, 'Eclipse Masks', '1', '202001201201078506.svg', '202001201201072274.png', '2020-01-20 12:01:07', '2020-01-20 12:01:07'),
(50, 'Masks Pointer', '1', '202001201201248039.svg', '202001201201247522.png', '2020-01-20 12:01:24', '2020-01-23 23:30:25'),
(51, 'Thought mask', '1', '202001201201468171.svg', '202001201201464254.png', '2020-01-20 12:01:46', '2020-01-22 16:55:29'),
(52, 'Masks', '1', '202001201202012914.svg', '202001201202013571.png', '2020-01-20 12:02:01', '2020-01-20 12:02:01'),
(53, 'Circular masks test', '1', '202001201202193068.svg', '202001201202199371.png', '2020-01-20 12:02:19', '2020-01-24 10:38:25'),
(54, 'Portrait  mask', '1', '202001201203182878.svg', '202001201203181913.png', '2020-01-20 12:03:18', '2020-01-20 12:03:18'),
(55, 'Mask', '1', '202001201205214652.svg', '202001201205216799.png', '2020-01-20 12:05:21', '2020-01-20 12:05:21'),
(56, 'Heart', '1', '202001201205367767.svg', '202001201205364668.png', '2020-01-20 12:05:36', '2020-01-20 12:05:36'),
(57, 'Circle', '1', '202001201205529964.svg', '202001201205527267.png', '2020-01-20 12:05:52', '2020-01-20 12:05:52'),
(58, 'Floating star', '1', '202001201206064643.svg', '202001201206065529.png', '2020-01-20 12:06:06', '2020-01-20 12:06:06'),
(59, 'Flower', '1', '20200120120618400.svg', '202001201206181332.png', '2020-01-20 12:06:19', '2020-01-20 12:06:19'),
(60, 'Rectangle', '1', '202001201206317878.svg', '202001201206314282.png', '2020-01-20 12:06:31', '2020-01-20 12:06:31'),
(62, 'Style', '1', '202001201207204326.svg', '202001201207204129.png', '2020-01-20 12:07:20', '2020-01-20 12:07:20'),
(63, 'Woow', '1', '202001201207321374.svg', '202001201207324320.png', '2020-01-20 12:07:32', '2020-01-20 12:07:32'),
(64, 'mask', '1', '202001201207502453.svg', '202001201207508869.png', '2020-01-20 12:07:50', '2020-01-20 12:07:50'),
(65, 'Style', '1', '202001201208204596.svg', '202001201208202728.png', '2020-01-20 12:08:20', '2020-01-20 12:08:20'),
(67, 'Tilt heart test', '1', '202001201209045446.svg', '202001201209049454.png', '2020-01-20 12:09:04', '2020-01-24 10:38:02'),
(68, 'Style', '1', '202001201209182926.svg', '202001201209187155.png', '2020-01-20 12:09:18', '2020-01-23 17:25:30');

-- --------------------------------------------------------

--
-- Table structure for table `mask_tags`
--

CREATE TABLE `mask_tags` (
  `xe_id` int(10) NOT NULL,
  `name` varchar(100) DEFAULT NULL,
  `store_id` varchar(100) DEFAULT NULL,
  `created_at` datetime DEFAULT NULL,
  `updated_at` datetime DEFAULT NULL
) ENGINE=InnoDB DEFAULT CHARSET=latin1;

--
-- Dumping data for table `mask_tags`
--

INSERT INTO `mask_tags` (`xe_id`, `name`, `store_id`, `created_at`, `updated_at`) VALUES
(1, 'Test', NULL, '2019-12-23 09:33:08', '2019-12-23 09:33:08'),
(2, 'Test2', NULL, '2019-12-23 09:33:08', '2019-12-23 09:33:08'),
(3, 'tag1', NULL, '2019-12-23 09:43:18', '2019-12-23 09:43:18'),
(4, 'dfds', NULL, '2019-12-23 10:49:36', '2019-12-23 10:49:36'),
(5, 'search', NULL, '2019-12-26 09:07:18', '2019-12-26 09:07:18'),
(6, 'star', NULL, '2020-01-02 11:26:31', '2020-01-02 11:26:31'),
(7, 'mask', NULL, '2020-01-02 11:26:31', '2020-01-02 11:26:31'),
(8, 'square', NULL, '2020-01-03 16:56:19', '2020-01-03 16:56:19'),
(9, 'tag', NULL, '2020-01-15 11:27:54', '2020-01-15 11:27:54'),
(10, 'abcd', NULL, '2020-01-16 16:36:44', '2020-01-16 16:36:44'),
(11, '12424', NULL, '2020-01-16 16:36:44', '2020-01-16 16:36:44'),
(12, '12345', NULL, '2020-01-16 16:56:55', '2020-01-16 16:56:55'),
(13, '53535', NULL, '2020-01-16 16:57:09', '2020-01-16 16:57:09'),
(14, '123', NULL, '2020-01-21 10:50:18', '2020-01-21 10:50:18'),
(15, '0000', NULL, '2020-01-22 16:56:06', '2020-01-22 16:56:06'),
(16, '0', NULL, '2020-01-22 16:56:42', '2020-01-22 16:56:42'),
(17, 'talk mask', NULL, '2020-01-22 16:56:42', '2020-01-22 16:56:42'),
(18, '456', NULL, '2020-01-23 10:55:39', '2020-01-23 10:55:39'),
(19, '424', NULL, '2020-01-23 11:26:54', '2020-01-23 11:26:54'),
(20, 'circular', NULL, '2020-01-23 23:30:17', '2020-01-23 23:30:17'),
(21, 'heart', NULL, '2020-01-24 10:38:02', '2020-01-24 10:38:02');

-- --------------------------------------------------------

--
-- Table structure for table `mask_tag_rel`
--

CREATE TABLE `mask_tag_rel` (
  `mask_id` bigint(20) DEFAULT NULL,
  `tag_id` int(10) DEFAULT NULL
) ENGINE=InnoDB DEFAULT CHARSET=latin1;

--
-- Dumping data for table `mask_tag_rel`
--

INSERT INTO `mask_tag_rel` (`mask_id`, `tag_id`) VALUES
(20, 3),
(12, 3),
(13, 5),
(18, 6),
(19, 8),
(25, 9),
(31, 10),
(31, 11),
(18, 12),
(18, 13),
(34, 3),
(72, 14),
(72, 18),
(74, 19),
(53, 20),
(67, 21);

-- --------------------------------------------------------

--
-- Table structure for table `order_logs`
--

CREATE TABLE `order_logs` (
  `xe_id` bigint(20) NOT NULL,
  `order_id` varchar(30) DEFAULT NULL,
  `agent_type` varchar(25) DEFAULT NULL,
  `agent_id` int(11) DEFAULT NULL,
  `store_id` varchar(100) DEFAULT NULL,
  `message` text,
  `log_type` varchar(25) DEFAULT NULL,
  `status` varchar(25) DEFAULT NULL,
  `created_at` datetime DEFAULT NULL,
  `updated_at` datetime DEFAULT NULL
) ENGINE=InnoDB DEFAULT CHARSET=latin1;

--
-- Dumping data for table `order_logs`
--

INSERT INTO `order_logs` (`xe_id`, `order_id`, `agent_type`, `agent_id`, `store_id`, `message`, `log_type`, `status`, `created_at`, `updated_at`) VALUES
(10, '3703', 'admin', 1, '1', 'Need to change the artwork', 'log', 'new', '2019-12-20 09:04:41', '2019-12-20 09:04:41'),
(11, '3703', 'admin', 1, '1', 'Test', 'log', 'new', '2019-12-20 13:00:42', '2019-12-20 13:00:42'),
(12, '3872', 'admin', 1, '1', 'sggdsg', 'log', 'new', '2019-12-25 07:46:37', '2019-12-25 07:46:37'),
(13, '3863', 'admin', 1, '1', 'fsgfdhdhdfh', 'log', 'new', '2019-12-26 07:06:52', '2019-12-26 07:06:52'),
(14, '3863', 'admin', 1, '1', 'drfghgfhg', 'log', 'new', '2019-12-26 12:14:55', '2019-12-26 12:14:55'),
(15, '3863', 'admin', 1, '1', 'xfnvbgn', 'log', 'new', '2019-12-26 12:18:19', '2019-12-26 12:18:19'),
(16, '3863', 'admin', 1, '1', 'fhjhd', 'log', 'new', '2019-12-27 15:40:19', '2019-12-27 15:40:19'),
(17, '3863', 'admin', 1, '1', 'gdffgjfj', 'log', 'new', '2019-12-27 15:47:37', '2019-12-27 15:47:37'),
(18, '1937045028912', 'admin', 1, '1', 'test', 'log', 'new', '2019-12-27 16:55:03', '2019-12-27 16:55:03'),
(19, '3872', 'admin', 1, '1', 'asda', 'log', 'new', '2019-12-27 18:35:02', '2019-12-27 18:35:02'),
(20, '3872', 'admin', 1, '1', 'testing', 'log', 'new', '2019-12-28 07:49:40', '2019-12-28 07:49:40'),
(21, '3703', 'admin', 1, '1', 'dummy description', 'log', 'new', '2019-12-28 10:23:15', '2019-12-28 10:23:15'),
(22, '3703', 'admin', 1, '1', 'hello', 'log', 'new', '2020-01-02 12:20:43', '2020-01-02 12:20:43'),
(23, '3703', 'admin', 1, '1', 'The Samajwadi Party president had recently flagged off a cyc ..  Read more at: http://timesofindia.indiatimes.com/articleshow/73065920.cms?utm_source=contentofinterest&utm_medium=text&utm_campaign=cppst', 'log', 'new', '2020-01-02 12:22:59', '2020-01-02 12:22:59'),
(24, '3703', 'admin', 1, '1', '767', 'log', 'new', '2020-01-02 12:26:15', '2020-01-02 12:26:15'),
(25, '3703', 'admin', 1, '1', '767', 'log', 'new', '2020-01-02 12:26:40', '2020-01-02 12:26:40'),
(26, '3703', 'admin', 1, '1', '767', 'log', 'new', '2020-01-02 12:26:50', '2020-01-02 12:26:50'),
(27, '3703', 'admin', 1, '1', 'tghgh', 'log', 'new', '2020-01-02 12:32:30', '2020-01-02 12:32:30'),
(28, '4061', 'admin', 1, '1', '22222', 'log', 'new', '2020-01-02 13:14:45', '2020-01-02 13:14:45'),
(29, '4061', 'admin', 1, '1', 'erwerwrwr', 'log', 'new', '2020-01-02 15:42:23', '2020-01-02 15:42:23'),
(30, '4061', 'admin', 1, '1', 'Hi this is for testing', 'log', 'new', '2020-01-02 15:43:13', '2020-01-02 15:43:13'),
(31, '4085', 'admin', 1, '1', 'Test Message', 'log', 'new', '2020-01-03 10:50:03', '2020-01-03 10:50:03'),
(32, '4084', 'admin', 1, '1', 'file upload test', 'log', 'new', '2020-01-03 14:50:36', '2020-01-03 14:50:36'),
(33, '4084', 'admin', 1, '1', 'file upload test', 'log', 'new', '2020-01-03 14:50:52', '2020-01-03 14:50:52'),
(34, '4084', 'admin', 1, '1', 'file upload test', 'log', 'new', '2020-01-03 17:04:11', '2020-01-03 17:04:11'),
(35, '4084', 'admin', 1, '1', 'Image upload', 'log', 'new', '2020-01-03 18:25:27', '2020-01-03 18:25:27'),
(36, '4084', 'admin', 1, '1', 'file upload test', 'log', 'new', '2020-01-03 19:32:46', '2020-01-03 19:32:46'),
(37, '4084', 'admin', 1, '1', 'ytyftgy', 'log', 'new', '2020-01-07 11:32:33', '2020-01-07 11:32:33'),
(38, '4084', 'admin', 1, '1', 'k', 'log', 'new', '2020-01-09 15:25:52', '2020-01-09 15:25:52'),
(39, '4280', 'admin', 1, '1', 'hello', 'log', 'new', '2020-01-15 16:27:25', '2020-01-15 16:27:25'),
(40, '4280', 'admin', 1, '1', '"Kapil Sharma and his wife Ginni Chatrath became proud parents of a baby girl. Let’s take a look at the pictures…"', 'log', 'new', '2020-01-15 16:30:56', '2020-01-15 16:30:56'),
(41, '4280', 'admin', 1, '1', 'hello', 'log', 'new', '2020-01-15 16:43:34', '2020-01-15 16:43:34'),
(42, '4280', 'admin', 1, '1', 'hi', 'log', 'new', '2020-01-15 16:44:17', '2020-01-15 16:44:17'),
(43, '4281', 'admin', 1, '1', 'Check this.', 'log', 'new', '2020-01-16 10:21:21', '2020-01-16 10:21:21'),
(44, '4281', 'admin', 1, '1', 'hello', 'log', 'new', '2020-01-16 10:21:41', '2020-01-16 10:21:41'),
(45, '4084', 'admin', 1, '1', 'jh', 'log', 'new', '2020-01-23 15:30:10', '2020-01-23 15:30:10'),
(46, '4084', 'admin', 1, '1', 'iopoip', 'log', 'new', '2020-01-23 18:11:03', '2020-01-23 18:11:03'),
(47, '4084', 'admin', 1, '1', 'kk', 'log', 'new', '2020-01-23 18:11:31', '2020-01-23 18:11:31'),
(48, '4084', 'admin', 1, '1', 'ryrty', 'log', 'new', '2020-01-23 18:14:18', '2020-01-23 18:14:18'),
(49, '4084', 'admin', 1, '1', 'tryrty', 'log', 'new', '2020-01-23 18:17:58', '2020-01-23 18:17:58'),
(50, '4084', 'admin', 1, '1', 'This is a test log 2020', 'log', 'new', '2020-01-23 20:09:03', '2020-01-23 20:09:03'),
(51, '4546', 'admin', 1, '1', 'hi', 'log', 'new', '2020-01-29 16:17:37', '2020-01-29 16:17:37');

-- --------------------------------------------------------

--
-- Table structure for table `order_log_files`
--

CREATE TABLE `order_log_files` (
  `xe_id` bigint(20) NOT NULL,
  `order_log_id` bigint(20) DEFAULT NULL,
  `file_name` varchar(50) DEFAULT NULL
) ENGINE=InnoDB DEFAULT CHARSET=latin1;

--
-- Dumping data for table `order_log_files`
--

INSERT INTO `order_log_files` (`xe_id`, `order_log_id`, `file_name`) VALUES
(1, 34, '202001030504115840.svg'),
(2, 34, '202001030504119827.svg'),
(3, 34, '20200103050411656.svg'),
(4, 35, '202001030625271585.jpg'),
(5, 35, '202001030625273353.jpeg'),
(6, 35, '202001030625276496.png'),
(7, 36, '202001030732463265.svg'),
(8, 36, '202001030732468871.svg'),
(9, 36, '202001030732462783.svg'),
(10, 37, '202001071132337199.png'),
(11, 39, '202001150427253385.svg'),
(12, 39, '202001150427256153.svg'),
(13, 39, '202001150427252724.svg'),
(14, 39, '202001150427253558.svg'),
(15, 39, '202001150427251868.svg'),
(16, 39, '202001150427253860.svg'),
(17, 39, '202001150427259128.svg'),
(18, 39, '202001150427251973.svg'),
(19, 39, '202001150427255956.svg'),
(20, 39, '202001150427259763.svg'),
(21, 39, '202001150427257007.svg'),
(22, 39, '202001150427256312.svg'),
(23, 39, '202001150427254114.svg'),
(24, 39, '20200115042725419.svg'),
(25, 39, '202001150427251525.svg'),
(26, 39, '202001150427251228.svg'),
(27, 39, '202001150427259641.svg'),
(28, 39, '202001150427255083.svg'),
(29, 39, '202001150427255876.svg'),
(30, 39, '202001150427253768.svg'),
(31, 39, '202001150427258605.svg'),
(32, 39, '202001150427254173.svg'),
(33, 39, '202001150427254102.svg'),
(34, 39, '202001150427254583.svg'),
(35, 39, '202001150427258180.svg'),
(36, 39, '202001150427256078.svg'),
(37, 39, '202001150427253347.svg'),
(38, 39, '202001150427257254.svg'),
(39, 39, '202001150427254530.svg'),
(40, 39, '202001150427252571.svg'),
(41, 39, '202001150427256103.svg'),
(42, 39, '202001150427256523.svg'),
(43, 39, '202001150427258600.svg'),
(44, 39, '202001150427251354.svg'),
(45, 39, '202001150427257446.svg'),
(46, 39, '202001150427253172.svg'),
(47, 39, '202001150427253129.svg'),
(48, 39, '202001150427254094.svg'),
(49, 39, '202001150427259344.svg'),
(50, 39, '202001150427257147.svg'),
(51, 39, '20200115042725200.svg'),
(52, 39, '20200115042725435.svg'),
(53, 39, '202001150427255097.svg'),
(54, 39, '202001150427253751.svg'),
(55, 39, '202001150427251082.svg'),
(56, 39, '202001150427251877.svg'),
(57, 39, '202001150427252451.svg'),
(58, 39, '202001150427253565.svg'),
(59, 39, '202001150427256013.svg'),
(60, 39, '202001150427258346.svg'),
(61, 39, '202001150427259498.svg'),
(62, 39, '202001150427257109.svg'),
(63, 39, '202001150427251724.svg'),
(64, 39, '202001150427259041.svg'),
(65, 39, '202001150427258648.svg'),
(66, 39, '202001150427253646.svg'),
(67, 39, '202001150427253110.svg'),
(68, 39, '20200115042725905.svg'),
(69, 39, '202001150427258587.svg'),
(70, 39, '202001150427259862.svg'),
(71, 39, '202001150427257554.svg'),
(72, 39, '202001150427257600.svg'),
(73, 39, '202001150427256933.svg'),
(74, 39, '202001150427258519.svg'),
(75, 41, '202001150443344468.gif'),
(76, 42, '202001150444173324.gif'),
(77, 47, '202001230611319149.png'),
(78, 50, '202001230809039278.svg');

-- --------------------------------------------------------

--
-- Table structure for table `price_advanced_price_settings`
--

CREATE TABLE `price_advanced_price_settings` (
  `xe_id` int(11) NOT NULL,
  `advanced_price_type` enum('per_color','per_print_area','per_design_area') DEFAULT NULL,
  `no_of_colors_allowed` int(11) DEFAULT NULL,
  `is_full_color` tinyint(1) DEFAULT '0',
  `area_calculation_type` enum('design_area','bound_area') DEFAULT NULL,
  `min_price` float DEFAULT NULL
) ENGINE=InnoDB DEFAULT CHARSET=latin1;

--
-- Dumping data for table `price_advanced_price_settings`
--

INSERT INTO `price_advanced_price_settings` (`xe_id`, `advanced_price_type`, `no_of_colors_allowed`, `is_full_color`, `area_calculation_type`, `min_price`) VALUES
(1, 'per_color', 1, 0, 'design_area', 0),
(40, 'per_color', 1, 0, 'design_area', 0),
(47, 'per_color', 1, 0, 'design_area', 0),
(56, 'per_color', 1, 0, 'design_area', 0),
(66, 'per_color', 1, 0, 'design_area', 0),
(68, 'per_color', 1, 0, 'design_area', 0);

-- --------------------------------------------------------

--
-- Table structure for table `price_default_settings`
--

CREATE TABLE `price_default_settings` (
  `xe_id` int(11) NOT NULL,
  `price_module_setting_id` int(11) NOT NULL,
  `price_key` varchar(30) DEFAULT NULL,
  `price_value` float DEFAULT NULL
) ENGINE=InnoDB DEFAULT CHARSET=latin1;

--
-- Dumping data for table `price_default_settings`
--

INSERT INTO `price_default_settings` (`xe_id`, `price_module_setting_id`, `price_key`, `price_value`) VALUES
(1, 1, 'default', 0),
(2, 2, 'v-data', 0),
(3, 2, 'base-design', 0),
(4, 3, 'name', 0),
(5, 3, 'status', 1),
(6, 3, 'number', 0),
(7, 3, 'status', 1),
(8, 3, 'team-name', 0),
(9, 3, 'status', 1),
(10, 4, 'default', 0),
(11, 5, 'number-of-sleeves', 1),
(12, 5, 'Sleeve 1', 0),
(13, 6, 'name', 0),
(14, 7, 'default', 0),
(557, 430, 'default', 0),
(558, 431, 'v-data', 0),
(559, 431, 'base-design', 0),
(560, 432, 'name', 0),
(561, 432, 'status', 1),
(562, 432, 'number', 0),
(563, 432, 'status', 1),
(564, 432, 'team-name', 0),
(565, 432, 'status', 1),
(566, 433, 'default', 0),
(567, 434, 'number-of-sleeves', 1),
(568, 434, 'Sleeve 1', 0),
(569, 435, 'name', 0),
(570, 436, 'default', 0),
(660, 507, 'default', 0),
(661, 508, 'v-data', 0),
(662, 508, 'base-design', 0),
(663, 509, 'name', 0),
(664, 509, 'status', 1),
(665, 509, 'number', 0),
(666, 509, 'status', 1),
(667, 509, 'team-name', 0),
(668, 509, 'status', 1),
(669, 510, 'default', 0),
(670, 511, 'number-of-sleeves', 1),
(671, 511, 'Sleeve 1', 0),
(672, 512, 'name', 0),
(673, 513, 'default', 0),
(786, 606, 'default', 0),
(787, 607, 'v-data', 0),
(788, 607, 'base-design', 0),
(789, 608, 'name', 0),
(790, 608, 'status', 1),
(791, 608, 'number', 0),
(792, 608, 'status', 1),
(793, 608, 'team-name', 0),
(794, 608, 'status', 1),
(795, 609, 'default', 0),
(796, 610, 'number-of-sleeves', 1),
(797, 610, 'Sleeve 1', 0),
(798, 611, 'name', 0),
(799, 612, 'default', 0),
(926, 716, 'default', 1),
(941, 728, 'default', 0),
(942, 729, 'v-data', 0),
(943, 729, 'base-design', 0),
(944, 730, 'name', 0),
(945, 730, 'status', 1),
(946, 730, 'number', 0),
(947, 730, 'status', 1),
(948, 730, 'team-name', 0),
(949, 730, 'status', 1),
(950, 731, 'default', 0),
(951, 732, 'number-of-sleeves', 1),
(952, 732, 'Sleeve 1', 0),
(953, 733, 'name', 0),
(954, 734, 'default', 0);

-- --------------------------------------------------------

--
-- Table structure for table `price_modules`
--

CREATE TABLE `price_modules` (
  `xe_id` int(11) NOT NULL,
  `slug` varchar(100) NOT NULL,
  `sort_order_index` int(11) NOT NULL
) ENGINE=InnoDB DEFAULT CHARSET=latin1;

--
-- Dumping data for table `price_modules`
--

INSERT INTO `price_modules` (`xe_id`, `slug`, `sort_order_index`) VALUES
(1, 'setup', 1),
(2, 'simple-deco', 2),
(3, 'vdp', 3),
(4, 'name-number', 4),
(5, 'artwork', 5),
(6, 'sleeve', 6),
(7, 'image', 7),
(8, 'letter', 8),
(9, 'clipart', 9),
(10, 'fonts', 10),
(11, 'background', 11),
(12, 'foil', 12);

-- --------------------------------------------------------

--
-- Table structure for table `price_module_settings`
--

CREATE TABLE `price_module_settings` (
  `xe_id` int(11) NOT NULL,
  `print_profile_pricing_id` int(11) NOT NULL,
  `price_module_id` int(11) NOT NULL,
  `module_status` tinyint(1) NOT NULL,
  `is_default_price` tinyint(1) DEFAULT '0',
  `is_quote_enabled` tinyint(1) DEFAULT '0',
  `is_advance_price` tinyint(1) DEFAULT '0',
  `advance_price_settings_id` int(11) DEFAULT NULL,
  `is_quantity_tier` tinyint(1) DEFAULT '0',
  `quantity_tier_type` varchar(100) DEFAULT NULL COMMENT '''price'',''volume'''
) ENGINE=InnoDB DEFAULT CHARSET=latin1;

--
-- Dumping data for table `price_module_settings`
--

INSERT INTO `price_module_settings` (`xe_id`, `print_profile_pricing_id`, `price_module_id`, `module_status`, `is_default_price`, `is_quote_enabled`, `is_advance_price`, `advance_price_settings_id`, `is_quantity_tier`, `quantity_tier_type`) VALUES
(1, 1, 2, 1, 1, 0, 0, 1, 0, 'price'),
(2, 1, 3, 1, 1, 0, 0, 1, 0, 'price'),
(3, 1, 4, 1, 1, 0, 0, 1, 0, 'price'),
(4, 1, 5, 1, 1, 0, 0, 1, 0, 'price'),
(5, 1, 6, 1, 1, 0, 0, 1, 0, 'price'),
(6, 1, 7, 1, 1, 0, 0, 1, 0, 'price'),
(7, 1, 8, 1, 1, 0, 0, 1, 0, 'price'),
(8, 1, 9, 1, 0, 0, 0, 1, 0, 'discount'),
(9, 1, 10, 1, 0, 0, 0, 1, 0, 'discount'),
(10, 1, 11, 1, 0, 0, 0, 1, 0, 'discount'),
(11, 1, 12, 1, 0, 0, 0, 1, 0, 'discount'),
(430, 40, 2, 1, 1, 0, 0, 40, 1, 'price'),
(431, 40, 3, 0, 1, 0, 0, 40, 0, 'price'),
(432, 40, 4, 0, 1, 0, 0, 40, 0, 'price'),
(433, 40, 5, 0, 1, 0, 0, 40, 0, 'price'),
(434, 40, 6, 0, 1, 0, 0, 40, 0, 'price'),
(435, 40, 7, 0, 1, 0, 0, 40, 0, 'price'),
(436, 40, 8, 0, 1, 0, 0, 40, 0, 'price'),
(437, 40, 9, 0, 0, 0, 0, 40, 0, 'discount'),
(438, 40, 10, 0, 0, 0, 0, 40, 0, 'discount'),
(439, 40, 11, 0, 0, 0, 0, 40, 0, 'discount'),
(440, 40, 12, 0, 0, 0, 0, 40, 0, 'discount'),
(507, 47, 2, 0, 1, 0, 0, 47, 0, 'price'),
(508, 47, 3, 0, 1, 0, 0, 47, 0, 'price'),
(509, 47, 4, 0, 1, 0, 0, 47, 0, 'price'),
(510, 47, 5, 0, 1, 0, 0, 47, 0, 'price'),
(511, 47, 6, 0, 1, 0, 0, 47, 0, 'price'),
(512, 47, 7, 0, 1, 0, 0, 47, 0, 'price'),
(513, 47, 8, 0, 1, 0, 0, 47, 0, 'price'),
(514, 47, 9, 0, 0, 0, 0, 47, 0, 'discount'),
(515, 47, 10, 0, 0, 0, 0, 47, 0, 'discount'),
(516, 47, 11, 0, 0, 0, 0, 47, 0, 'discount'),
(517, 47, 12, 1, 0, 1, 0, 47, 1, 'discount'),
(606, 56, 2, 1, 1, 0, 0, 56, 1, 'price'),
(607, 56, 3, 0, 1, 0, 0, 56, 0, 'price'),
(608, 56, 4, 0, 1, 0, 0, 56, 0, 'price'),
(609, 56, 5, 0, 1, 0, 0, 56, 0, 'price'),
(610, 56, 6, 0, 1, 0, 0, 56, 0, 'price'),
(611, 56, 7, 0, 1, 0, 0, 56, 0, 'price'),
(612, 56, 8, 0, 1, 0, 0, 56, 0, 'price'),
(613, 56, 9, 0, 0, 0, 0, 56, 0, 'discount'),
(614, 56, 10, 0, 0, 0, 0, 56, 0, 'discount'),
(615, 56, 11, 0, 0, 0, 0, 56, 0, 'discount'),
(616, 56, 12, 0, 0, 0, 0, 56, 0, 'discount'),
(716, 66, 2, 1, 1, 0, 0, 66, 0, 'price'),
(728, 68, 2, 1, 1, 0, 1, 68, 1, 'price'),
(729, 68, 3, 0, 1, 0, 0, 68, 0, 'price'),
(730, 68, 4, 0, 1, 0, 0, 68, 0, 'price'),
(731, 68, 5, 0, 1, 0, 0, 68, 0, 'price'),
(732, 68, 6, 0, 1, 0, 0, 68, 0, 'price'),
(733, 68, 7, 0, 1, 0, 0, 68, 0, 'price'),
(734, 68, 8, 0, 1, 0, 0, 68, 0, 'price'),
(735, 68, 9, 0, 0, 0, 0, 68, 0, 'discount'),
(736, 68, 10, 0, 0, 0, 0, 68, 0, 'discount'),
(737, 68, 11, 0, 0, 0, 0, 68, 0, 'discount'),
(738, 68, 12, 0, 0, 0, 0, 68, 0, 'discount');

-- --------------------------------------------------------

--
-- Table structure for table `price_tier_quantity_ranges`
--

CREATE TABLE `price_tier_quantity_ranges` (
  `xe_id` int(11) NOT NULL,
  `price_module_setting_id` int(11) NOT NULL,
  `quantity_from` int(11) DEFAULT NULL,
  `quantity_to` int(11) DEFAULT NULL
) ENGINE=InnoDB DEFAULT CHARSET=latin1;

--
-- Dumping data for table `price_tier_quantity_ranges`
--

INSERT INTO `price_tier_quantity_ranges` (`xe_id`, `price_module_setting_id`, `quantity_from`, `quantity_to`) VALUES
(1, 1, 1, 2),
(2, 89, 1, 10),
(3, 89, 11, 20),
(4, 134, 21, 30),
(5, 134, 31, 40),
(6, 146, 1, 100),
(7, 146, 101, 200),
(8, 162, 1, 5),
(9, 162, 6, 10),
(10, 300, 10, 11),
(11, 311, 12, 11),
(12, 322, 14, 11),
(13, 333, 20, 9),
(14, 366, 2, 1),
(15, 377, 10, 1),
(16, 410, 20, 11),
(17, 489, 3, 4),
(18, 489, 5, 6),
(19, 489, 7, 8),
(20, 489, 9, 10),
(21, 489, 11, 12),
(22, 489, 13, 14),
(23, 489, 15, 16),
(24, 517, 10, 20),
(25, 517, 41, 50),
(26, 517, 51, 60),
(27, 517, 61, 70),
(28, 517, 71, 80),
(29, 640, 1, 50),
(30, 640, 51, 100),
(31, 673, 101, 150),
(32, 673, 151, 200),
(33, 673, 201, 250),
(34, 673, 251, 300);

-- --------------------------------------------------------

--
-- Table structure for table `price_tier_values`
--

CREATE TABLE `price_tier_values` (
  `xe_id` bigint(20) NOT NULL,
  `attribute_type` varchar(100) DEFAULT NULL,
  `price_module_setting_id` int(11) NOT NULL,
  `print_area_index` int(11) DEFAULT NULL,
  `color_index` varchar(100) DEFAULT NULL,
  `print_area_id` int(11) DEFAULT NULL COMMENT 'print area sequence index',
  `range_from` int(11) DEFAULT NULL COMMENT 'square inch value / no fo letters',
  `range_to` int(11) DEFAULT NULL COMMENT 'square inch value/ no fo letters',
  `key_name` varchar(100) DEFAULT NULL COMMENT 'For name&number, vdp, sleeve price key id'
) ENGINE=InnoDB DEFAULT CHARSET=latin1;

--
-- Dumping data for table `price_tier_values`
--

INSERT INTO `price_tier_values` (`xe_id`, `attribute_type`, `price_module_setting_id`, `print_area_index`, `color_index`, `print_area_id`, `range_from`, `range_to`, `key_name`) VALUES
(1, 'default', 1, 0, NULL, NULL, NULL, NULL, 'default'),
(2, 'vdp', 2, 0, NULL, NULL, NULL, NULL, 'v-data'),
(3, 'vdp', 2, 0, NULL, NULL, NULL, NULL, 'base-design'),
(4, 'team', 3, 0, NULL, NULL, NULL, NULL, 'name'),
(5, 'team', 3, 0, NULL, NULL, NULL, NULL, 'number'),
(6, 'team', 3, 0, NULL, NULL, NULL, NULL, 'team-name'),
(7, 'sleeve', 5, 0, NULL, NULL, NULL, NULL, 'Sleeve 1'),
(8, 'image_pricing', 6, 0, NULL, NULL, NULL, NULL, 'name'),
(9, 'price_per_letter', 7, 0, NULL, NULL, 1, 2, NULL),
(10, 'cliparts', 8, 0, NULL, NULL, NULL, NULL, 'name'),
(11, 'fonts', 9, 0, NULL, NULL, NULL, NULL, 'name'),
(12, 'background', 10, 0, NULL, NULL, NULL, NULL, 'name'),
(13, 'color', 11, 0, NULL, NULL, NULL, NULL, 'range'),
(14, 'default', 12, 0, NULL, NULL, NULL, NULL, 'default'),
(15, 'vdp', 13, 0, NULL, NULL, NULL, NULL, 'v-data'),
(16, 'vdp', 13, 0, NULL, NULL, NULL, NULL, 'base-design'),
(17, 'color', 33, 0, NULL, NULL, NULL, NULL, 'range'),
(18, 'default', 67, 0, NULL, NULL, NULL, NULL, 'default'),
(19, 'colors', 67, 0, '1 Color', NULL, NULL, NULL, NULL),
(20, 'colors', 67, 0, 'Full Color', NULL, NULL, NULL, NULL),
(22, 'default', 78, 0, NULL, NULL, NULL, NULL, 'default'),
(23, 'colors', 78, 0, '1 Color', NULL, NULL, NULL, NULL),
(24, 'colors', 78, 0, 'Full Color', NULL, NULL, NULL, NULL),
(26, 'default', 89, 0, NULL, NULL, NULL, NULL, 'default'),
(27, 'colors', 89, 0, '1 Color', NULL, NULL, NULL, NULL),
(28, 'colors', 89, 0, 'Full Color', NULL, NULL, NULL, NULL),
(29, 'color', 99, 0, NULL, NULL, NULL, NULL, 'range'),
(30, 'default', 100, 0, NULL, NULL, NULL, NULL, 'default'),
(31, 'default', 111, 0, NULL, NULL, NULL, NULL, 'default'),
(32, 'vdp', 112, 0, NULL, NULL, NULL, NULL, 'v-data'),
(33, 'vdp', 112, 0, NULL, NULL, NULL, NULL, 'base-design'),
(34, 'default', 122, 0, NULL, NULL, NULL, NULL, 'default'),
(35, 'vdp', 123, 0, NULL, NULL, NULL, NULL, 'v-data'),
(36, 'vdp', 123, 0, NULL, NULL, NULL, NULL, 'base-design'),
(37, 'default', 133, 0, NULL, NULL, NULL, NULL, 'default'),
(38, 'colors', 133, 0, '1 Color', NULL, NULL, NULL, NULL),
(39, 'colors', 133, 0, '2 Color', NULL, NULL, NULL, NULL),
(40, 'colors', 133, 0, '3 Color', NULL, NULL, NULL, NULL),
(41, 'colors', 133, 0, '4 Color', NULL, NULL, NULL, NULL),
(42, 'colors', 133, 0, '5 Color', NULL, NULL, NULL, NULL),
(43, 'colors', 133, 0, 'Full Color', NULL, NULL, NULL, NULL),
(46, 'default', 144, 0, NULL, NULL, NULL, NULL, 'default'),
(47, 'colors', 144, 0, '1 Color', NULL, NULL, NULL, NULL),
(48, 'colors', 144, 0, '2 Color', NULL, NULL, NULL, NULL),
(49, 'colors', 144, 0, '3 Color', NULL, NULL, NULL, NULL),
(50, 'colors', 144, 0, '4 Color', NULL, NULL, NULL, NULL),
(51, 'colors', 144, 0, '5 Color', NULL, NULL, NULL, NULL),
(52, 'colors', 144, 0, 'Full Color', NULL, NULL, NULL, NULL),
(58, 'sleeve', 148, 0, NULL, NULL, NULL, NULL, 'Sleeve 1'),
(59, 'sleeve', 148, 0, NULL, NULL, NULL, NULL, 'Sleeve 2'),
(60, 'default', 155, 0, NULL, NULL, NULL, NULL, 'default'),
(61, 'colors', 155, 0, '1 Color', NULL, NULL, NULL, NULL),
(62, 'colors', 155, 0, '2 Color', NULL, NULL, NULL, NULL),
(63, 'colors', 155, 0, '3 Color', NULL, NULL, NULL, NULL),
(64, 'colors', 155, 0, '4 Color', NULL, NULL, NULL, NULL),
(65, 'colors', 155, 0, '5 Color', NULL, NULL, NULL, NULL),
(66, 'colors', 155, 0, 'Full Color', NULL, NULL, NULL, NULL),
(72, 'sleeve', 159, 0, NULL, NULL, NULL, NULL, 'Sleeve 1'),
(73, 'sleeve', 159, 0, NULL, NULL, NULL, NULL, 'Sleeve 2'),
(75, 'price_per_letter', 161, 0, NULL, NULL, 1, 2, NULL),
(77, 'default', 166, 0, NULL, NULL, NULL, NULL, 'default'),
(78, 'colors', 166, 0, '1 Color', NULL, NULL, NULL, NULL),
(79, 'colors', 166, 0, '2 Color', NULL, NULL, NULL, NULL),
(80, 'colors', 166, 0, '3 Color', NULL, NULL, NULL, NULL),
(81, 'colors', 166, 0, '4 Color', NULL, NULL, NULL, NULL),
(82, 'colors', 166, 0, '5 Color', NULL, NULL, NULL, NULL),
(83, 'colors', 166, 0, 'Full Color', NULL, NULL, NULL, NULL),
(89, 'sleeve', 170, 0, NULL, NULL, NULL, NULL, 'Sleeve 1'),
(90, 'sleeve', 170, 0, NULL, NULL, NULL, NULL, 'Sleeve 2'),
(92, 'price_per_letter', 172, 0, NULL, NULL, 1, 2, NULL),
(98, 'default', 177, 0, NULL, NULL, NULL, NULL, 'default'),
(99, 'colors', 177, 0, '1 Color', NULL, NULL, NULL, NULL),
(100, 'colors', 177, 0, '2 Color', NULL, NULL, NULL, NULL),
(101, 'colors', 177, 0, '3 Color', NULL, NULL, NULL, NULL),
(102, 'colors', 177, 0, '4 Color', NULL, NULL, NULL, NULL),
(103, 'colors', 177, 0, '5 Color', NULL, NULL, NULL, NULL),
(104, 'colors', 177, 0, 'Full Color', NULL, NULL, NULL, NULL),
(110, 'sleeve', 181, 0, NULL, NULL, NULL, NULL, 'Sleeve 1'),
(111, 'sleeve', 181, 0, NULL, NULL, NULL, NULL, 'Sleeve 2'),
(113, 'price_per_letter', 183, 0, NULL, NULL, 1, 2, NULL),
(172, 'sleeve', 192, 0, NULL, NULL, NULL, NULL, 'Sleeve 1'),
(173, 'sleeve', 192, 0, NULL, NULL, NULL, NULL, 'Sleeve 2'),
(175, 'price_per_letter', 194, 0, NULL, NULL, 1, 2, NULL),
(234, 'sleeve', 203, 0, NULL, NULL, NULL, NULL, 'Sleeve 1'),
(235, 'sleeve', 203, 0, NULL, NULL, NULL, NULL, 'Sleeve 2'),
(237, 'price_per_letter', 205, 0, NULL, NULL, 1, 2, NULL),
(296, 'sleeve', 214, 0, NULL, NULL, NULL, NULL, 'Sleeve 1'),
(297, 'sleeve', 214, 0, NULL, NULL, NULL, NULL, 'Sleeve 2'),
(299, 'price_per_letter', 216, 0, NULL, NULL, 1, 2, NULL),
(358, 'sleeve', 225, 0, NULL, NULL, NULL, NULL, 'Sleeve 1'),
(359, 'sleeve', 225, 0, NULL, NULL, NULL, NULL, 'Sleeve 2'),
(361, 'price_per_letter', 227, 0, NULL, NULL, 1, 2, NULL),
(420, 'sleeve', 236, 0, NULL, NULL, NULL, NULL, 'Sleeve 1'),
(421, 'sleeve', 236, 0, NULL, NULL, NULL, NULL, 'Sleeve 2'),
(423, 'price_per_letter', 238, 0, NULL, NULL, 1, 2, NULL),
(429, 'default', 265, 0, NULL, NULL, NULL, NULL, 'default'),
(430, 'colors', 265, 0, '1 Color', NULL, NULL, NULL, NULL),
(431, 'colors', 265, 0, '2 Color', NULL, NULL, NULL, NULL),
(432, 'colors', 265, 0, '3 Color', NULL, NULL, NULL, NULL),
(433, 'colors', 265, 0, '4 Color', NULL, NULL, NULL, NULL),
(434, 'colors', 265, 0, '5 Color', NULL, NULL, NULL, NULL),
(435, 'colors', 265, 0, 'Full Color', NULL, NULL, NULL, NULL),
(436, 'decoration_area', 265, 0, NULL, 88, NULL, NULL, 'ghjgh'),
(437, 'decoration_area', 265, 0, NULL, 85, NULL, NULL, 'defes'),
(438, 'decoration_area', 265, 0, NULL, 84, NULL, NULL, 'rectangle shape of the choice'),
(439, 'decoration_area', 265, 0, NULL, 81, NULL, NULL, 'dfdsfsd'),
(440, 'decoration_area', 265, 0, NULL, 80, NULL, NULL, 'My Triangle'),
(441, 'decoration_area', 265, 0, NULL, 79, NULL, NULL, 'dxg'),
(442, 'decoration_area', 265, 0, NULL, 71, NULL, NULL, 'Tumblerd'),
(443, 'decoration_area', 265, 0, NULL, 70, NULL, NULL, 'test'),
(444, 'decoration_area', 265, 0, NULL, 69, NULL, NULL, 'telephone11'),
(445, 'decoration_area', 265, 0, NULL, 67, NULL, NULL, 'rectangle12345'),
(446, 'decoration_area', 265, 0, NULL, 65, NULL, NULL, 'test123'),
(447, 'decoration_area', 265, 0, NULL, 64, NULL, NULL, 'Mobile case'),
(448, 'decoration_area', 265, 0, NULL, 63, NULL, NULL, 'circle test'),
(449, 'decoration_area', 265, 0, NULL, 59, NULL, NULL, 'Tshirt'),
(450, 'decoration_area', 265, 0, NULL, 58, NULL, NULL, 'Tshirt'),
(451, 'decoration_area', 265, 0, NULL, 57, NULL, NULL, 'Laptop Sleeve'),
(452, 'decoration_area', 265, 0, NULL, 53, NULL, NULL, 'Men Tshirt'),
(453, 'decoration_area', 265, 0, NULL, 50, NULL, NULL, 'Coffee'),
(454, 'decoration_area', 265, 0, NULL, 49, NULL, NULL, '111'),
(455, 'decoration_area', 265, 0, NULL, 48, NULL, NULL, 'Laptop Sleeve'),
(456, 'decoration_area', 265, 0, NULL, 47, NULL, NULL, NULL),
(457, 'decoration_area', 265, 0, NULL, 46, NULL, NULL, '22x22'),
(458, 'decoration_area', 265, 0, NULL, 45, NULL, NULL, 'samsung'),
(459, 'decoration_area', 265, 0, NULL, 44, NULL, NULL, 'flask circle'),
(460, 'decoration_area', 265, 0, NULL, 43, NULL, NULL, 'flask flask'),
(461, 'decoration_area', 265, 0, NULL, 42, NULL, NULL, '1012'),
(462, 'decoration_area', 265, 0, NULL, 41, NULL, NULL, '101010'),
(463, 'decoration_area', 265, 0, NULL, 39, NULL, NULL, 'Test 23'),
(464, 'decoration_area', 265, 0, NULL, 38, NULL, NULL, 'ss'),
(465, 'decoration_area', 265, 0, NULL, 20, NULL, NULL, 'Elipse - 1'),
(466, 'decoration_area', 265, 0, NULL, 14, NULL, NULL, 'Triangle - 1'),
(467, 'decoration_area', 265, 0, NULL, 13, NULL, NULL, 'Circle - 1'),
(468, 'decoration_area', 265, 0, NULL, 12, NULL, NULL, 'Square - 1'),
(469, 'decoration_area', 265, 0, NULL, 8, NULL, NULL, 'A8'),
(470, 'decoration_area', 265, 0, NULL, 7, NULL, NULL, 'A7'),
(471, 'decoration_area', 265, 0, NULL, 6, NULL, NULL, 'A6'),
(472, 'decoration_area', 265, 0, NULL, 5, NULL, NULL, 'A5'),
(473, 'decoration_area', 265, 0, NULL, 4, NULL, NULL, 'A4'),
(474, 'decoration_area', 265, 0, NULL, 3, NULL, NULL, 'A3'),
(475, 'decoration_area', 265, 0, NULL, 2, NULL, NULL, 'A2'),
(476, 'decoration_area', 265, 0, NULL, 1, NULL, NULL, 'A1'),
(477, 'vdp', 266, 0, NULL, NULL, NULL, NULL, 'v-data'),
(478, 'vdp', 266, 0, NULL, NULL, NULL, NULL, 'base-design'),
(479, 'team', 267, 0, NULL, NULL, NULL, NULL, 'name'),
(480, 'team', 267, 0, NULL, NULL, NULL, NULL, 'number'),
(481, 'team', 267, 0, NULL, NULL, NULL, NULL, 'team-name'),
(482, 'sleeve', 269, 0, NULL, NULL, NULL, NULL, 'Sleeve 1'),
(483, 'sleeve', 269, 0, NULL, NULL, NULL, NULL, 'Sleeve 2'),
(484, 'image_pricing', 270, 0, NULL, NULL, NULL, NULL, 'name'),
(485, 'price_per_letter', 271, 0, NULL, NULL, 1, 2, NULL),
(486, 'cliparts', 272, 0, NULL, NULL, NULL, NULL, 'name'),
(487, 'fonts', 273, 0, NULL, NULL, NULL, NULL, 'name'),
(488, 'fonts', 273, 1, NULL, NULL, NULL, NULL, 'name'),
(489, 'background', 274, 0, NULL, NULL, NULL, NULL, 'name'),
(490, 'color', 275, 0, NULL, NULL, NULL, NULL, 'range'),
(494, 'sleeve', 302, 0, NULL, NULL, NULL, NULL, 'Sleeve 1'),
(498, 'sleeve', 313, 0, NULL, NULL, NULL, NULL, 'Sleeve 1'),
(502, 'sleeve', 324, 0, NULL, NULL, NULL, NULL, 'Sleeve 1'),
(506, 'sleeve', 335, 0, NULL, NULL, NULL, NULL, 'Sleeve 1'),
(510, 'sleeve', 346, 0, NULL, NULL, NULL, NULL, 'Sleeve 1'),
(514, 'sleeve', 357, 0, NULL, NULL, NULL, NULL, 'Sleeve 1'),
(518, 'sleeve', 368, 0, NULL, NULL, NULL, NULL, 'Sleeve 1'),
(522, 'sleeve', 379, 0, NULL, NULL, NULL, NULL, 'Sleeve 1'),
(526, 'sleeve', 390, 0, NULL, NULL, NULL, NULL, 'Sleeve 1'),
(530, 'sleeve', 401, 0, NULL, NULL, NULL, NULL, 'Sleeve 1'),
(534, 'sleeve', 412, 0, NULL, NULL, NULL, NULL, 'Sleeve 1'),
(536, 'default', 430, 0, NULL, NULL, NULL, NULL, 'default'),
(537, 'default', 441, 0, NULL, NULL, NULL, NULL, 'default'),
(538, 'vdp', 442, 0, NULL, NULL, NULL, NULL, 'v-data'),
(539, 'vdp', 442, 0, NULL, NULL, NULL, NULL, 'base-design'),
(540, 'default', 452, 0, NULL, NULL, NULL, NULL, 'default'),
(543, 'default', 463, 0, NULL, NULL, NULL, NULL, 'default'),
(544, 'vdp', 464, 0, NULL, NULL, NULL, NULL, 'v-data'),
(545, 'vdp', 464, 0, NULL, NULL, NULL, NULL, 'base-design'),
(550, 'team', 487, 0, NULL, NULL, NULL, NULL, 'name'),
(551, 'team', 487, 0, NULL, NULL, NULL, NULL, 'number'),
(552, 'team', 487, 0, NULL, NULL, NULL, NULL, 'team-name'),
(553, 'sleeve', 489, 0, NULL, NULL, NULL, NULL, 'Sleeve 1'),
(554, 'sleeve', 489, 0, NULL, NULL, NULL, NULL, 'Sleeve 2'),
(555, 'sleeve', 489, 0, NULL, NULL, NULL, NULL, 'Sleeve 3'),
(556, 'sleeve', 489, 0, NULL, NULL, NULL, NULL, 'Sleeve 4'),
(557, 'sleeve', 489, 0, NULL, NULL, NULL, NULL, 'Sleeve 5'),
(558, 'sleeve', 489, 0, NULL, NULL, NULL, NULL, 'Sleeve 6'),
(560, 'color', 517, 0, NULL, NULL, NULL, NULL, 'range'),
(561, 'color', 517, 1, NULL, NULL, NULL, NULL, 'range'),
(562, 'color', 517, 2, NULL, NULL, NULL, NULL, 'range'),
(563, 'color', 517, 3, NULL, NULL, NULL, NULL, 'range'),
(564, 'default', 529, 0, NULL, NULL, NULL, NULL, 'default'),
(565, 'default', 540, 0, NULL, NULL, NULL, NULL, 'default'),
(566, 'default', 551, 0, NULL, NULL, NULL, NULL, 'default'),
(567, 'colors', 551, 0, '1 Color', NULL, NULL, NULL, NULL),
(568, 'colors', 551, 0, '2 Color', NULL, NULL, NULL, NULL),
(569, 'colors', 551, 0, '3 Color', NULL, NULL, NULL, NULL),
(570, 'colors', 551, 0, '4 Color', NULL, NULL, NULL, NULL),
(571, 'colors', 551, 0, '5 Color', NULL, NULL, NULL, NULL),
(572, 'colors', 551, 0, '6 Color', NULL, NULL, NULL, NULL),
(573, 'colors', 551, 0, '7 Color', NULL, NULL, NULL, NULL),
(574, 'colors', 551, 0, '8 Color', NULL, NULL, NULL, NULL),
(575, 'colors', 551, 0, '9 Color', NULL, NULL, NULL, NULL),
(576, 'colors', 551, 0, '10 Color', NULL, NULL, NULL, NULL),
(577, 'ranges', 551, 0, NULL, NULL, 1, 2, NULL),
(578, 'decoration_area', 551, 0, NULL, 101, NULL, NULL, 'oodsjijk  nmigvysbrjohbdv'),
(579, 'decoration_area', 551, 0, NULL, 100, NULL, NULL, 'ygb sd ifgbs jekh7gbv fig7 uigsr7gvbc srv'),
(580, 'decoration_area', 551, 0, NULL, 99, NULL, NULL, 'rectangle of the chouice of the '),
(581, 'decoration_area', 551, 0, NULL, 92, NULL, NULL, '12345'),
(582, 'decoration_area', 551, 0, NULL, 91, NULL, NULL, '       '),
(583, 'decoration_area', 551, 0, NULL, 88, NULL, NULL, 'ghjgh'),
(584, 'decoration_area', 551, 0, NULL, 85, NULL, NULL, 'defes'),
(585, 'decoration_area', 551, 0, NULL, 84, NULL, NULL, 'rectangle shape of the choice'),
(586, 'decoration_area', 551, 0, NULL, 81, NULL, NULL, 'ppopp'),
(587, 'decoration_area', 551, 0, NULL, 80, NULL, NULL, 'My Triangle'),
(588, 'decoration_area', 551, 0, NULL, 79, NULL, NULL, 'dxg'),
(589, 'decoration_area', 551, 0, NULL, 71, NULL, NULL, 'Tumblerd'),
(590, 'decoration_area', 551, 0, NULL, 70, NULL, NULL, 'test'),
(591, 'decoration_area', 551, 0, NULL, 69, NULL, NULL, 'telephone11'),
(592, 'decoration_area', 551, 0, NULL, 67, NULL, NULL, 'rectangle12345'),
(593, 'decoration_area', 551, 0, NULL, 65, NULL, NULL, 'test123'),
(594, 'decoration_area', 551, 0, NULL, 64, NULL, NULL, 'Mobile case'),
(595, 'decoration_area', 551, 0, NULL, 63, NULL, NULL, 'circle test'),
(596, 'decoration_area', 551, 0, NULL, 59, NULL, NULL, 'Tshirt'),
(597, 'decoration_area', 551, 0, NULL, 58, NULL, NULL, 'Tshirt'),
(598, 'decoration_area', 551, 0, NULL, 57, NULL, NULL, 'Laptop Sleeve'),
(599, 'decoration_area', 551, 0, NULL, 53, NULL, NULL, 'Men Tshirt'),
(600, 'decoration_area', 551, 0, NULL, 50, NULL, NULL, 'Coffee'),
(601, 'decoration_area', 551, 0, NULL, 49, NULL, NULL, '111'),
(602, 'decoration_area', 551, 0, NULL, 48, NULL, NULL, 'Laptop Sleeve'),
(603, 'decoration_area', 551, 0, NULL, 47, NULL, NULL, NULL),
(604, 'decoration_area', 551, 0, NULL, 46, NULL, NULL, '22x22'),
(605, 'decoration_area', 551, 0, NULL, 45, NULL, NULL, 'samsung'),
(606, 'decoration_area', 551, 0, NULL, 44, NULL, NULL, 'flask circle'),
(607, 'decoration_area', 551, 0, NULL, 43, NULL, NULL, 'flask flask'),
(608, 'decoration_area', 551, 0, NULL, 42, NULL, NULL, '1012'),
(609, 'decoration_area', 551, 0, NULL, 41, NULL, NULL, '101010'),
(610, 'decoration_area', 551, 0, NULL, 39, NULL, NULL, 'Test 23'),
(611, 'decoration_area', 551, 0, NULL, 38, NULL, NULL, 'ss'),
(612, 'decoration_area', 551, 0, NULL, 20, NULL, NULL, 'Elipse - 1'),
(613, 'decoration_area', 551, 0, NULL, 14, NULL, NULL, 'Triangle - 1'),
(614, 'decoration_area', 551, 0, NULL, 13, NULL, NULL, 'Circle - 1'),
(615, 'decoration_area', 551, 0, NULL, 12, NULL, NULL, 'Square - 1'),
(616, 'decoration_area', 551, 0, NULL, 8, NULL, NULL, 'A8'),
(617, 'decoration_area', 551, 0, NULL, 7, NULL, NULL, 'A7'),
(618, 'decoration_area', 551, 0, NULL, 6, NULL, NULL, 'A6'),
(619, 'decoration_area', 551, 0, NULL, 5, NULL, NULL, 'A5'),
(620, 'decoration_area', 551, 0, NULL, 4, NULL, NULL, 'A4'),
(621, 'decoration_area', 551, 0, NULL, 3, NULL, NULL, 'A3'),
(622, 'decoration_area', 551, 0, NULL, 2, NULL, NULL, 'A2'),
(623, 'decoration_area', 551, 0, NULL, 1, NULL, NULL, 'A1'),
(624, 'default', 562, 0, NULL, NULL, NULL, NULL, 'default'),
(625, 'colors', 562, 0, '1 Color', NULL, NULL, NULL, NULL),
(626, 'colors', 562, 0, '2 Color', NULL, NULL, NULL, NULL),
(627, 'colors', 562, 0, '3 Color', NULL, NULL, NULL, NULL),
(628, 'colors', 562, 0, '4 Color', NULL, NULL, NULL, NULL),
(629, 'colors', 562, 0, '5 Color', NULL, NULL, NULL, NULL),
(630, 'colors', 562, 0, '6 Color', NULL, NULL, NULL, NULL),
(631, 'colors', 562, 0, '7 Color', NULL, NULL, NULL, NULL),
(632, 'colors', 562, 0, '8 Color', NULL, NULL, NULL, NULL),
(633, 'colors', 562, 0, '9 Color', NULL, NULL, NULL, NULL),
(634, 'colors', 562, 0, '10 Color', NULL, NULL, NULL, NULL),
(635, 'ranges', 562, 0, NULL, NULL, 1, 2, NULL),
(636, 'decoration_area', 562, 0, NULL, 101, NULL, NULL, 'oodsjijk  nmigvysbrjohbdv'),
(637, 'decoration_area', 562, 0, NULL, 100, NULL, NULL, 'ygb sd ifgbs jekh7gbv fig7 uigsr7gvbc srv'),
(638, 'decoration_area', 562, 0, NULL, 99, NULL, NULL, 'rectangle of the chouice of the '),
(639, 'decoration_area', 562, 0, NULL, 92, NULL, NULL, '12345'),
(640, 'decoration_area', 562, 0, NULL, 91, NULL, NULL, '       '),
(641, 'decoration_area', 562, 0, NULL, 88, NULL, NULL, 'ghjgh'),
(642, 'decoration_area', 562, 0, NULL, 85, NULL, NULL, 'defes'),
(643, 'decoration_area', 562, 0, NULL, 84, NULL, NULL, 'rectangle shape of the choice'),
(644, 'decoration_area', 562, 0, NULL, 81, NULL, NULL, 'ppopp'),
(645, 'decoration_area', 562, 0, NULL, 80, NULL, NULL, 'My Triangle'),
(646, 'decoration_area', 562, 0, NULL, 79, NULL, NULL, 'dxg'),
(647, 'decoration_area', 562, 0, NULL, 71, NULL, NULL, 'Tumblerd'),
(648, 'decoration_area', 562, 0, NULL, 70, NULL, NULL, 'test'),
(649, 'decoration_area', 562, 0, NULL, 69, NULL, NULL, 'telephone11'),
(650, 'decoration_area', 562, 0, NULL, 67, NULL, NULL, 'rectangle12345'),
(651, 'decoration_area', 562, 0, NULL, 65, NULL, NULL, 'test123'),
(652, 'decoration_area', 562, 0, NULL, 64, NULL, NULL, 'Mobile case'),
(653, 'decoration_area', 562, 0, NULL, 63, NULL, NULL, 'circle test'),
(654, 'decoration_area', 562, 0, NULL, 59, NULL, NULL, 'Tshirt'),
(655, 'decoration_area', 562, 0, NULL, 58, NULL, NULL, 'Tshirt'),
(656, 'decoration_area', 562, 0, NULL, 57, NULL, NULL, 'Laptop Sleeve'),
(657, 'decoration_area', 562, 0, NULL, 53, NULL, NULL, 'Men Tshirt'),
(658, 'decoration_area', 562, 0, NULL, 50, NULL, NULL, 'Coffee'),
(659, 'decoration_area', 562, 0, NULL, 49, NULL, NULL, '111'),
(660, 'decoration_area', 562, 0, NULL, 48, NULL, NULL, 'Laptop Sleeve'),
(661, 'decoration_area', 562, 0, NULL, 47, NULL, NULL, NULL),
(662, 'decoration_area', 562, 0, NULL, 46, NULL, NULL, '22x22'),
(663, 'decoration_area', 562, 0, NULL, 45, NULL, NULL, 'samsung'),
(664, 'decoration_area', 562, 0, NULL, 44, NULL, NULL, 'flask circle'),
(665, 'decoration_area', 562, 0, NULL, 43, NULL, NULL, 'flask flask'),
(666, 'decoration_area', 562, 0, NULL, 42, NULL, NULL, '1012'),
(667, 'decoration_area', 562, 0, NULL, 41, NULL, NULL, '101010'),
(668, 'decoration_area', 562, 0, NULL, 39, NULL, NULL, 'Test 23'),
(669, 'decoration_area', 562, 0, NULL, 38, NULL, NULL, 'ss'),
(670, 'decoration_area', 562, 0, NULL, 20, NULL, NULL, 'Elipse - 1'),
(671, 'decoration_area', 562, 0, NULL, 14, NULL, NULL, 'Triangle - 1'),
(672, 'decoration_area', 562, 0, NULL, 13, NULL, NULL, 'Circle - 1'),
(673, 'decoration_area', 562, 0, NULL, 12, NULL, NULL, 'Square - 1'),
(674, 'decoration_area', 562, 0, NULL, 8, NULL, NULL, 'A8'),
(675, 'decoration_area', 562, 0, NULL, 7, NULL, NULL, 'A7'),
(676, 'decoration_area', 562, 0, NULL, 6, NULL, NULL, 'A6'),
(677, 'decoration_area', 562, 0, NULL, 5, NULL, NULL, 'A5'),
(678, 'decoration_area', 562, 0, NULL, 4, NULL, NULL, 'A4'),
(679, 'decoration_area', 562, 0, NULL, 3, NULL, NULL, 'A3'),
(680, 'decoration_area', 562, 0, NULL, 2, NULL, NULL, 'A2'),
(681, 'decoration_area', 562, 0, NULL, 1, NULL, NULL, 'A1'),
(682, 'default', 573, 0, NULL, NULL, NULL, NULL, 'default'),
(683, 'colors', 573, 0, '1 Color', NULL, NULL, NULL, NULL),
(684, 'ranges', 573, 0, NULL, NULL, 1, 2, NULL),
(685, 'decoration_area', 573, 0, NULL, 99, NULL, NULL, 'rectangle of the chouice of the '),
(686, 'decoration_area', 573, 0, NULL, 92, NULL, NULL, '12345'),
(687, 'decoration_area', 573, 0, NULL, 91, NULL, NULL, '       '),
(688, 'decoration_area', 573, 0, NULL, 88, NULL, NULL, 'ghjgh'),
(689, 'decoration_area', 573, 0, NULL, 85, NULL, NULL, 'defes'),
(690, 'decoration_area', 573, 0, NULL, 84, NULL, NULL, 'rectangle shape of the choice'),
(691, 'decoration_area', 573, 0, NULL, 81, NULL, NULL, 'ppopp'),
(692, 'decoration_area', 573, 0, NULL, 80, NULL, NULL, 'My Triangle'),
(693, 'decoration_area', 573, 0, NULL, 79, NULL, NULL, 'dxg'),
(694, 'decoration_area', 573, 0, NULL, 71, NULL, NULL, 'Tumblerd'),
(695, 'decoration_area', 573, 0, NULL, 70, NULL, NULL, 'test'),
(696, 'decoration_area', 573, 0, NULL, 69, NULL, NULL, 'telephone11'),
(697, 'decoration_area', 573, 0, NULL, 67, NULL, NULL, 'rectangle12345'),
(698, 'decoration_area', 573, 0, NULL, 65, NULL, NULL, 'test123'),
(699, 'decoration_area', 573, 0, NULL, 64, NULL, NULL, 'Mobile case'),
(700, 'decoration_area', 573, 0, NULL, 63, NULL, NULL, 'circle test'),
(701, 'decoration_area', 573, 0, NULL, 59, NULL, NULL, 'Tshirt'),
(702, 'decoration_area', 573, 0, NULL, 58, NULL, NULL, 'Tshirt'),
(703, 'decoration_area', 573, 0, NULL, 57, NULL, NULL, 'Laptop Sleeve'),
(704, 'decoration_area', 573, 0, NULL, 53, NULL, NULL, 'Men Tshirt'),
(705, 'decoration_area', 573, 0, NULL, 50, NULL, NULL, 'Coffee'),
(706, 'decoration_area', 573, 0, NULL, 49, NULL, NULL, '111'),
(707, 'decoration_area', 573, 0, NULL, 48, NULL, NULL, 'Laptop Sleeve'),
(708, 'decoration_area', 573, 0, NULL, 47, NULL, NULL, NULL),
(709, 'decoration_area', 573, 0, NULL, 46, NULL, NULL, '22x22'),
(710, 'decoration_area', 573, 0, NULL, 45, NULL, NULL, 'samsung'),
(711, 'decoration_area', 573, 0, NULL, 44, NULL, NULL, 'flask circle'),
(712, 'decoration_area', 573, 0, NULL, 43, NULL, NULL, 'flask flask'),
(713, 'decoration_area', 573, 0, NULL, 42, NULL, NULL, '1012'),
(714, 'decoration_area', 573, 0, NULL, 41, NULL, NULL, '101010'),
(715, 'decoration_area', 573, 0, NULL, 39, NULL, NULL, 'Test 23'),
(716, 'decoration_area', 573, 0, NULL, 38, NULL, NULL, 'ss'),
(717, 'decoration_area', 573, 0, NULL, 20, NULL, NULL, 'Elipse - 1'),
(718, 'decoration_area', 573, 0, NULL, 14, NULL, NULL, 'Triangle - 1'),
(719, 'decoration_area', 573, 0, NULL, 13, NULL, NULL, 'Circle - 1'),
(720, 'decoration_area', 573, 0, NULL, 12, NULL, NULL, 'Square - 1'),
(721, 'decoration_area', 573, 0, NULL, 8, NULL, NULL, 'A8'),
(722, 'decoration_area', 573, 0, NULL, 7, NULL, NULL, 'A7'),
(723, 'decoration_area', 573, 0, NULL, 6, NULL, NULL, 'A6'),
(724, 'decoration_area', 573, 0, NULL, 5, NULL, NULL, 'A5'),
(725, 'decoration_area', 573, 0, NULL, 4, NULL, NULL, 'A4'),
(726, 'decoration_area', 573, 0, NULL, 3, NULL, NULL, 'A3'),
(727, 'decoration_area', 573, 0, NULL, 2, NULL, NULL, 'A2'),
(728, 'decoration_area', 573, 0, NULL, 1, NULL, NULL, 'A1'),
(729, 'default', 584, 0, NULL, NULL, NULL, NULL, 'default'),
(730, 'colors', 584, 0, '1 Color', NULL, NULL, NULL, NULL),
(731, 'colors', 584, 0, '2 Color', NULL, NULL, NULL, NULL),
(732, 'colors', 584, 0, '3 Color', NULL, NULL, NULL, NULL),
(733, 'colors', 584, 0, '4 Color', NULL, NULL, NULL, NULL),
(734, 'colors', 584, 0, '5 Color', NULL, NULL, NULL, NULL),
(735, 'colors', 584, 0, '6 Color', NULL, NULL, NULL, NULL),
(736, 'colors', 584, 0, '7 Color', NULL, NULL, NULL, NULL),
(737, 'colors', 584, 0, '8 Color', NULL, NULL, NULL, NULL),
(738, 'colors', 584, 0, '9 Color', NULL, NULL, NULL, NULL),
(739, 'colors', 584, 0, '10 Color', NULL, NULL, NULL, NULL),
(740, 'decoration_area', 584, 0, NULL, 101, NULL, NULL, 'oodsjijk  nmigvysbrjohbdv'),
(741, 'decoration_area', 584, 0, NULL, 100, NULL, NULL, 'ygb sd ifgbs jekh7gbv fig7 uigsr7gvbc srv'),
(742, 'decoration_area', 584, 0, NULL, 99, NULL, NULL, 'rectangle of the chouice of the '),
(743, 'decoration_area', 584, 0, NULL, 92, NULL, NULL, '12345'),
(744, 'decoration_area', 584, 0, NULL, 91, NULL, NULL, '       '),
(745, 'decoration_area', 584, 0, NULL, 88, NULL, NULL, 'ghjgh'),
(746, 'decoration_area', 584, 0, NULL, 85, NULL, NULL, 'defes'),
(747, 'decoration_area', 584, 0, NULL, 84, NULL, NULL, 'rectangle shape of the choice'),
(748, 'decoration_area', 584, 0, NULL, 81, NULL, NULL, 'ppopp'),
(749, 'decoration_area', 584, 0, NULL, 80, NULL, NULL, 'My Triangle'),
(750, 'decoration_area', 584, 0, NULL, 79, NULL, NULL, 'dxg'),
(751, 'decoration_area', 584, 0, NULL, 71, NULL, NULL, 'Tumblerd'),
(752, 'decoration_area', 584, 0, NULL, 70, NULL, NULL, 'test'),
(753, 'decoration_area', 584, 0, NULL, 69, NULL, NULL, 'telephone11'),
(754, 'decoration_area', 584, 0, NULL, 67, NULL, NULL, 'rectangle12345'),
(755, 'decoration_area', 584, 0, NULL, 65, NULL, NULL, 'test123'),
(756, 'decoration_area', 584, 0, NULL, 64, NULL, NULL, 'Mobile case'),
(757, 'decoration_area', 584, 0, NULL, 63, NULL, NULL, 'circle test'),
(758, 'decoration_area', 584, 0, NULL, 59, NULL, NULL, 'Tshirt'),
(759, 'decoration_area', 584, 0, NULL, 58, NULL, NULL, 'Tshirt'),
(760, 'decoration_area', 584, 0, NULL, 57, NULL, NULL, 'Laptop Sleeve'),
(761, 'decoration_area', 584, 0, NULL, 53, NULL, NULL, 'Men Tshirt'),
(762, 'decoration_area', 584, 0, NULL, 50, NULL, NULL, 'Coffee'),
(763, 'decoration_area', 584, 0, NULL, 49, NULL, NULL, '111'),
(764, 'decoration_area', 584, 0, NULL, 48, NULL, NULL, 'Laptop Sleeve'),
(765, 'decoration_area', 584, 0, NULL, 47, NULL, NULL, NULL),
(766, 'decoration_area', 584, 0, NULL, 46, NULL, NULL, '22x22'),
(767, 'decoration_area', 584, 0, NULL, 45, NULL, NULL, 'samsung'),
(768, 'decoration_area', 584, 0, NULL, 44, NULL, NULL, 'flask circle'),
(769, 'decoration_area', 584, 0, NULL, 43, NULL, NULL, 'flask flask'),
(770, 'decoration_area', 584, 0, NULL, 42, NULL, NULL, '1012'),
(771, 'decoration_area', 584, 0, NULL, 41, NULL, NULL, '101010'),
(772, 'decoration_area', 584, 0, NULL, 39, NULL, NULL, 'Test 23'),
(773, 'decoration_area', 584, 0, NULL, 38, NULL, NULL, 'ss'),
(774, 'decoration_area', 584, 0, NULL, 20, NULL, NULL, 'Elipse - 1'),
(775, 'decoration_area', 584, 0, NULL, 14, NULL, NULL, 'Triangle - 1'),
(776, 'decoration_area', 584, 0, NULL, 13, NULL, NULL, 'Circle - 1'),
(777, 'decoration_area', 584, 0, NULL, 12, NULL, NULL, 'Square - 1'),
(778, 'decoration_area', 584, 0, NULL, 8, NULL, NULL, 'A8'),
(779, 'decoration_area', 584, 0, NULL, 7, NULL, NULL, 'A7'),
(780, 'decoration_area', 584, 0, NULL, 6, NULL, NULL, 'A6'),
(781, 'decoration_area', 584, 0, NULL, 5, NULL, NULL, 'A5'),
(782, 'decoration_area', 584, 0, NULL, 4, NULL, NULL, 'A4'),
(783, 'decoration_area', 584, 0, NULL, 3, NULL, NULL, 'A3'),
(784, 'decoration_area', 584, 0, NULL, 2, NULL, NULL, 'A2'),
(785, 'decoration_area', 584, 0, NULL, 1, NULL, NULL, 'A1'),
(786, 'default', 595, 0, NULL, NULL, NULL, NULL, 'default'),
(787, 'colors', 595, 0, '1 Color', NULL, NULL, NULL, NULL),
(788, 'colors', 595, 0, '2 Color', NULL, NULL, NULL, NULL),
(789, 'colors', 595, 0, '3 Color', NULL, NULL, NULL, NULL),
(790, 'colors', 595, 0, '4 Color', NULL, NULL, NULL, NULL),
(791, 'colors', 595, 0, '5 Color', NULL, NULL, NULL, NULL),
(792, 'colors', 595, 0, '6 Color', NULL, NULL, NULL, NULL),
(793, 'colors', 595, 0, '7 Color', NULL, NULL, NULL, NULL),
(794, 'colors', 595, 0, '8 Color', NULL, NULL, NULL, NULL),
(795, 'colors', 595, 0, '9 Color', NULL, NULL, NULL, NULL),
(796, 'colors', 595, 0, '10 Color', NULL, NULL, NULL, NULL),
(797, 'decoration_area', 595, 0, NULL, 101, NULL, NULL, 'oodsjijk  nmigvysbrjohbdv'),
(798, 'decoration_area', 595, 0, NULL, 100, NULL, NULL, 'ygb sd ifgbs jekh7gbv fig7 uigsr7gvbc srv'),
(799, 'decoration_area', 595, 0, NULL, 99, NULL, NULL, 'rectangle of the chouice of the '),
(800, 'decoration_area', 595, 0, NULL, 92, NULL, NULL, '12345'),
(801, 'decoration_area', 595, 0, NULL, 91, NULL, NULL, '       '),
(802, 'decoration_area', 595, 0, NULL, 88, NULL, NULL, 'ghjgh'),
(803, 'decoration_area', 595, 0, NULL, 85, NULL, NULL, 'defes'),
(804, 'decoration_area', 595, 0, NULL, 84, NULL, NULL, 'rectangle shape of the choice'),
(805, 'decoration_area', 595, 0, NULL, 81, NULL, NULL, 'ppopp'),
(806, 'decoration_area', 595, 0, NULL, 80, NULL, NULL, 'My Triangle'),
(807, 'decoration_area', 595, 0, NULL, 79, NULL, NULL, 'dxg'),
(808, 'decoration_area', 595, 0, NULL, 71, NULL, NULL, 'Tumblerd'),
(809, 'decoration_area', 595, 0, NULL, 70, NULL, NULL, 'test'),
(810, 'decoration_area', 595, 0, NULL, 69, NULL, NULL, 'telephone11'),
(811, 'decoration_area', 595, 0, NULL, 67, NULL, NULL, 'rectangle12345'),
(812, 'decoration_area', 595, 0, NULL, 65, NULL, NULL, 'test123'),
(813, 'decoration_area', 595, 0, NULL, 64, NULL, NULL, 'Mobile case'),
(814, 'decoration_area', 595, 0, NULL, 63, NULL, NULL, 'circle test'),
(815, 'decoration_area', 595, 0, NULL, 59, NULL, NULL, 'Tshirt'),
(816, 'decoration_area', 595, 0, NULL, 58, NULL, NULL, 'Tshirt'),
(817, 'decoration_area', 595, 0, NULL, 57, NULL, NULL, 'Laptop Sleeve'),
(818, 'decoration_area', 595, 0, NULL, 53, NULL, NULL, 'Men Tshirt'),
(819, 'decoration_area', 595, 0, NULL, 50, NULL, NULL, 'Coffee'),
(820, 'decoration_area', 595, 0, NULL, 49, NULL, NULL, '111'),
(821, 'decoration_area', 595, 0, NULL, 48, NULL, NULL, 'Laptop Sleeve'),
(822, 'decoration_area', 595, 0, NULL, 47, NULL, NULL, NULL),
(823, 'decoration_area', 595, 0, NULL, 46, NULL, NULL, '22x22'),
(824, 'decoration_area', 595, 0, NULL, 45, NULL, NULL, 'samsung'),
(825, 'decoration_area', 595, 0, NULL, 44, NULL, NULL, 'flask circle'),
(826, 'decoration_area', 595, 0, NULL, 43, NULL, NULL, 'flask flask'),
(827, 'decoration_area', 595, 0, NULL, 42, NULL, NULL, '1012'),
(828, 'decoration_area', 595, 0, NULL, 41, NULL, NULL, '101010'),
(829, 'decoration_area', 595, 0, NULL, 39, NULL, NULL, 'Test 23'),
(830, 'decoration_area', 595, 0, NULL, 38, NULL, NULL, 'ss'),
(831, 'decoration_area', 595, 0, NULL, 20, NULL, NULL, 'Elipse - 1'),
(832, 'decoration_area', 595, 0, NULL, 14, NULL, NULL, 'Triangle - 1'),
(833, 'decoration_area', 595, 0, NULL, 13, NULL, NULL, 'Circle - 1'),
(834, 'decoration_area', 595, 0, NULL, 12, NULL, NULL, 'Square - 1'),
(835, 'decoration_area', 595, 0, NULL, 8, NULL, NULL, 'A8'),
(836, 'decoration_area', 595, 0, NULL, 7, NULL, NULL, 'A7'),
(837, 'decoration_area', 595, 0, NULL, 6, NULL, NULL, 'A6'),
(838, 'decoration_area', 595, 0, NULL, 5, NULL, NULL, 'A5'),
(839, 'decoration_area', 595, 0, NULL, 4, NULL, NULL, 'A4'),
(840, 'decoration_area', 595, 0, NULL, 3, NULL, NULL, 'A3'),
(841, 'decoration_area', 595, 0, NULL, 2, NULL, NULL, 'A2'),
(842, 'decoration_area', 595, 0, NULL, 1, NULL, NULL, 'A1'),
(843, 'default', 606, 0, NULL, NULL, NULL, NULL, 'default'),
(844, 'vdp', 629, 0, NULL, NULL, NULL, NULL, 'v-data'),
(845, 'vdp', 629, 0, NULL, NULL, NULL, NULL, 'base-design'),
(850, 'vdp', 662, 0, NULL, NULL, NULL, NULL, 'v-data'),
(851, 'vdp', 662, 0, NULL, NULL, NULL, NULL, 'base-design'),
(860, 'default', 694, 0, NULL, NULL, NULL, NULL, 'default'),
(861, 'colors', 694, 0, '1 Color', NULL, NULL, NULL, NULL),
(862, 'colors', 694, 0, '2 Color', NULL, NULL, NULL, NULL),
(863, 'colors', 694, 0, '3 Color', NULL, NULL, NULL, NULL),
(864, 'colors', 694, 0, '4 Color', NULL, NULL, NULL, NULL),
(865, 'colors', 694, 0, '5 Color', NULL, NULL, NULL, NULL),
(866, 'colors', 694, 0, 'Full Color', NULL, NULL, NULL, NULL),
(867, 'ranges', 694, 0, NULL, NULL, 1, 10, NULL),
(868, 'ranges', 694, 0, NULL, NULL, 11, 20, NULL),
(869, 'decoration_area', 694, 0, NULL, 101, NULL, NULL, 'oodsjijk  nmigvysbrjohbdv'),
(870, 'decoration_area', 694, 0, NULL, 100, NULL, NULL, 'ygb sd ifgbs jekh7gbv fig7 uigsr7gvbc srv'),
(871, 'decoration_area', 694, 0, NULL, 99, NULL, NULL, 'rectangle of the chouice of the '),
(872, 'decoration_area', 694, 0, NULL, 92, NULL, NULL, '12345'),
(873, 'decoration_area', 694, 0, NULL, 91, NULL, NULL, '       '),
(874, 'decoration_area', 694, 0, NULL, 88, NULL, NULL, 'ghjgh'),
(875, 'decoration_area', 694, 0, NULL, 85, NULL, NULL, 'defes'),
(876, 'decoration_area', 694, 0, NULL, 84, NULL, NULL, 'rectangle shape of the choice'),
(877, 'decoration_area', 694, 0, NULL, 81, NULL, NULL, 'ppopp'),
(878, 'decoration_area', 694, 0, NULL, 80, NULL, NULL, 'My Triangle'),
(879, 'decoration_area', 694, 0, NULL, 79, NULL, NULL, 'dxg'),
(880, 'decoration_area', 694, 0, NULL, 71, NULL, NULL, 'Tumblerd'),
(881, 'decoration_area', 694, 0, NULL, 70, NULL, NULL, 'test'),
(882, 'decoration_area', 694, 0, NULL, 69, NULL, NULL, 'telephone11'),
(883, 'decoration_area', 694, 0, NULL, 67, NULL, NULL, 'rectangle12345'),
(884, 'decoration_area', 694, 0, NULL, 65, NULL, NULL, 'test123'),
(885, 'decoration_area', 694, 0, NULL, 64, NULL, NULL, 'Mobile case'),
(886, 'decoration_area', 694, 0, NULL, 63, NULL, NULL, 'circle test'),
(887, 'decoration_area', 694, 0, NULL, 59, NULL, NULL, 'Tshirt'),
(888, 'decoration_area', 694, 0, NULL, 58, NULL, NULL, 'Tshirt'),
(889, 'decoration_area', 694, 0, NULL, 57, NULL, NULL, 'Laptop Sleeve'),
(890, 'decoration_area', 694, 0, NULL, 53, NULL, NULL, 'Men Tshirt'),
(891, 'decoration_area', 694, 0, NULL, 50, NULL, NULL, 'Coffee'),
(892, 'decoration_area', 694, 0, NULL, 49, NULL, NULL, '111'),
(893, 'decoration_area', 694, 0, NULL, 48, NULL, NULL, 'Laptop Sleeve'),
(894, 'decoration_area', 694, 0, NULL, 47, NULL, NULL, NULL),
(895, 'decoration_area', 694, 0, NULL, 46, NULL, NULL, '22x22'),
(896, 'decoration_area', 694, 0, NULL, 45, NULL, NULL, 'samsung'),
(897, 'decoration_area', 694, 0, NULL, 44, NULL, NULL, 'flask circle'),
(898, 'decoration_area', 694, 0, NULL, 43, NULL, NULL, 'flask flask'),
(899, 'decoration_area', 694, 0, NULL, 42, NULL, NULL, '1012'),
(900, 'decoration_area', 694, 0, NULL, 41, NULL, NULL, '101010'),
(901, 'decoration_area', 694, 0, NULL, 39, NULL, NULL, 'Test 23'),
(902, 'decoration_area', 694, 0, NULL, 38, NULL, NULL, 'ss'),
(903, 'decoration_area', 694, 0, NULL, 20, NULL, NULL, 'Elipse - 1'),
(904, 'decoration_area', 694, 0, NULL, 14, NULL, NULL, 'Triangle - 1'),
(905, 'decoration_area', 694, 0, NULL, 13, NULL, NULL, 'Circle - 1'),
(906, 'decoration_area', 694, 0, NULL, 12, NULL, NULL, 'Square - 1'),
(907, 'decoration_area', 694, 0, NULL, 8, NULL, NULL, 'A8'),
(908, 'decoration_area', 694, 0, NULL, 7, NULL, NULL, 'A7'),
(909, 'decoration_area', 694, 0, NULL, 6, NULL, NULL, 'A6'),
(910, 'decoration_area', 694, 0, NULL, 5, NULL, NULL, 'A5'),
(911, 'decoration_area', 694, 0, NULL, 4, NULL, NULL, 'A4'),
(912, 'decoration_area', 694, 0, NULL, 3, NULL, NULL, 'A3'),
(913, 'decoration_area', 694, 0, NULL, 2, NULL, NULL, 'A2'),
(914, 'decoration_area', 694, 0, NULL, 1, NULL, NULL, 'A1'),
(915, 'vdp', 695, 0, NULL, NULL, NULL, NULL, 'v-data'),
(916, 'vdp', 695, 0, NULL, NULL, NULL, NULL, 'base-design'),
(917, 'vdp', 695, 1, NULL, NULL, NULL, NULL, 'v-data'),
(918, 'vdp', 695, 1, NULL, NULL, NULL, NULL, 'base-design'),
(919, 'default', 716, 0, NULL, NULL, NULL, NULL, 'default'),
(920, 'default', 728, 0, NULL, NULL, NULL, NULL, 'default'),
(921, 'colors', 728, 0, '1 Color', NULL, NULL, NULL, NULL);

-- --------------------------------------------------------

--
-- Table structure for table `price_tier_whitebases`
--

CREATE TABLE `price_tier_whitebases` (
  `price_tier_value_id` bigint(20) DEFAULT NULL,
  `tier_range_id` int(11) DEFAULT NULL,
  `white_base_type` char(10) DEFAULT NULL,
  `price` decimal(10,2) DEFAULT '0.00'
) ENGINE=InnoDB DEFAULT CHARSET=latin1;

--
-- Dumping data for table `price_tier_whitebases`
--

INSERT INTO `price_tier_whitebases` (`price_tier_value_id`, `tier_range_id`, `white_base_type`, `price`) VALUES
(1, 1, 'd', '0.00'),
(1, 1, 'l', '0.00'),
(1, 1, 'w', '0.00'),
(1, 1, 'p', '0.00'),
(2, 1, 'd', '0.00'),
(2, 1, 'l', '0.00'),
(2, 1, 'w', '0.00'),
(2, 1, 'p', '0.00'),
(3, 1, 'd', '0.00'),
(3, 1, 'l', '0.00'),
(3, 1, 'w', '0.00'),
(3, 1, 'p', '0.00'),
(4, 1, 'd', '0.00'),
(4, 1, 'l', '0.00'),
(4, 1, 'w', '0.00'),
(4, 1, 'p', '0.00'),
(5, 1, 'd', '0.00'),
(5, 1, 'l', '0.00'),
(5, 1, 'w', '0.00'),
(5, 1, 'p', '0.00'),
(6, 1, 'd', '0.00'),
(6, 1, 'l', '0.00'),
(6, 1, 'w', '0.00'),
(6, 1, 'p', '0.00'),
(11, 1, 'd', '0.00'),
(11, 1, 'l', '0.00'),
(11, 1, 'w', '0.00'),
(11, 1, 'p', '0.00'),
(12, 1, 'd', '0.00'),
(12, 1, 'l', '0.00'),
(12, 1, 'w', '0.00'),
(12, 1, 'p', '0.00'),
(13, 1, 'd', '0.00'),
(13, 1, 'l', '0.00'),
(13, 1, 'w', '0.00'),
(13, 1, 'p', '0.00'),
(18, 1, 'd', '0.00'),
(18, 1, 'l', '0.00'),
(18, 1, 'w', '0.00'),
(18, 1, 'p', '0.00'),
(19, 1, 'd', '15.00'),
(19, 1, 'l', '15.00'),
(19, 1, 'w', '15.00'),
(19, 1, 'p', '15.00'),
(20, 1, 'd', '15.00'),
(20, 1, 'l', '15.00'),
(20, 1, 'w', '15.00'),
(20, 1, 'p', '15.00'),
(21, 1, 'd', '0.00'),
(21, 1, 'l', '0.00'),
(21, 1, 'w', '0.00'),
(21, 1, 'p', '0.00'),
(22, 1, 'd', '0.00'),
(22, 1, 'l', '0.00'),
(22, 1, 'w', '0.00'),
(22, 1, 'p', '0.00'),
(23, 1, 'd', '15.00'),
(23, 1, 'l', '15.00'),
(23, 1, 'w', '15.00'),
(23, 1, 'p', '7.00'),
(24, 1, 'd', '15.00'),
(24, 1, 'l', '15.00'),
(24, 1, 'w', '15.00'),
(24, 1, 'p', '15.00'),
(25, 1, 'd', '0.00'),
(25, 1, 'l', '0.00'),
(25, 1, 'w', '0.00'),
(25, 1, 'p', '45.00'),
(29, 1, 'd', '0.00'),
(29, 1, 'l', '0.00'),
(29, 1, 'w', '0.00'),
(29, 1, 'p', '45.00'),
(30, 1, 'd', '0.00'),
(30, 1, 'l', '0.00'),
(30, 1, 'w', '0.00'),
(30, 1, 'p', '0.00'),
(31, 1, 'd', '0.00'),
(31, 1, 'l', '0.00'),
(31, 1, 'w', '0.00'),
(31, 1, 'p', '0.00'),
(32, 1, 'd', '0.00'),
(32, 1, 'l', '0.00'),
(32, 1, 'w', '0.00'),
(32, 1, 'p', '0.00'),
(33, 1, 'd', '0.00'),
(33, 1, 'l', '0.00'),
(33, 1, 'w', '0.00'),
(33, 1, 'p', '0.00'),
(35, 1, 'd', '0.00'),
(35, 1, 'l', '0.00'),
(35, 1, 'w', '0.00'),
(35, 1, 'p', '0.00'),
(36, 1, 'd', '0.00'),
(36, 1, 'l', '0.00'),
(36, 1, 'w', '0.00'),
(36, 1, 'p', '0.00'),
(37, 1, 'd', '0.00'),
(37, 1, 'l', '0.00'),
(37, 1, 'w', '0.00'),
(37, 1, 'p', '0.00'),
(38, 1, 'd', '0.00'),
(38, 1, 'l', '0.00'),
(38, 1, 'w', '0.00'),
(38, 1, 'p', '0.00'),
(39, 1, 'd', '0.00'),
(39, 1, 'l', '0.00'),
(39, 1, 'w', '0.00'),
(39, 1, 'p', '0.00'),
(40, 1, 'd', '0.00'),
(40, 1, 'l', '0.00'),
(40, 1, 'w', '0.00'),
(40, 1, 'p', '0.00'),
(41, 1, 'd', '0.00'),
(41, 1, 'l', '0.00'),
(41, 1, 'w', '0.00'),
(41, 1, 'p', '0.00'),
(42, 1, 'd', '0.00'),
(42, 1, 'l', '0.00'),
(42, 1, 'w', '0.00'),
(42, 1, 'p', '0.00'),
(43, 1, 'd', '0.00'),
(43, 1, 'l', '0.00'),
(43, 1, 'w', '0.00'),
(43, 1, 'p', '0.00'),
(44, 2, 'd', '0.00'),
(44, 2, 'l', '0.00'),
(44, 2, 'w', '0.00'),
(44, 2, 'p', '1.00'),
(44, 3, 'd', '0.00'),
(44, 3, 'l', '0.00'),
(44, 3, 'w', '0.00'),
(44, 3, 'p', '0.85'),
(44, 4, 'd', '0.00'),
(44, 4, 'l', '0.00'),
(44, 4, 'w', '0.00'),
(44, 4, 'p', '0.49'),
(44, 5, 'd', '0.00'),
(44, 5, 'l', '0.00'),
(44, 5, 'w', '0.00'),
(44, 5, 'p', '0.37'),
(45, 2, 'd', '0.00'),
(45, 2, 'l', '0.00'),
(45, 2, 'w', '0.00'),
(45, 2, 'p', '2.00'),
(45, 3, 'd', '0.00'),
(45, 3, 'l', '0.00'),
(45, 3, 'w', '0.00'),
(45, 3, 'p', '1.00'),
(45, 4, 'd', '0.00'),
(45, 4, 'l', '0.00'),
(45, 4, 'w', '0.00'),
(45, 4, 'p', '0.85'),
(45, 5, 'd', '0.00'),
(45, 5, 'l', '0.00'),
(45, 5, 'w', '0.00'),
(45, 5, 'p', '0.43'),
(46, 1, 'd', '0.00'),
(46, 1, 'l', '0.00'),
(46, 1, 'w', '0.00'),
(46, 1, 'p', '0.00'),
(47, 1, 'd', '0.00'),
(47, 1, 'l', '0.00'),
(47, 1, 'w', '0.00'),
(47, 1, 'p', '0.00'),
(48, 1, 'd', '0.00'),
(48, 1, 'l', '0.00'),
(48, 1, 'w', '0.00'),
(48, 1, 'p', '0.00'),
(49, 1, 'd', '0.00'),
(49, 1, 'l', '0.00'),
(49, 1, 'w', '0.00'),
(49, 1, 'p', '0.00'),
(50, 1, 'd', '0.00'),
(50, 1, 'l', '0.00'),
(50, 1, 'w', '0.00'),
(50, 1, 'p', '0.00'),
(51, 1, 'd', '0.00'),
(51, 1, 'l', '0.00'),
(51, 1, 'w', '0.00'),
(51, 1, 'p', '0.00'),
(52, 1, 'd', '0.00'),
(52, 1, 'l', '0.00'),
(52, 1, 'w', '0.00'),
(52, 1, 'p', '0.00'),
(53, 2, 'd', '0.00'),
(53, 2, 'l', '0.00'),
(53, 2, 'w', '0.00'),
(53, 2, 'p', '1.00'),
(53, 3, 'd', '0.00'),
(53, 3, 'l', '0.00'),
(53, 3, 'w', '0.00'),
(53, 3, 'p', '0.85'),
(53, 4, 'd', '0.00'),
(53, 4, 'l', '0.00'),
(53, 4, 'w', '0.00'),
(53, 4, 'p', '0.49'),
(53, 5, 'd', '0.00'),
(53, 5, 'l', '0.00'),
(53, 5, 'w', '0.00'),
(53, 5, 'p', '0.37'),
(54, 2, 'd', '0.00'),
(54, 2, 'l', '0.00'),
(54, 2, 'w', '0.00'),
(54, 2, 'p', '2.00'),
(54, 3, 'd', '0.00'),
(54, 3, 'l', '0.00'),
(54, 3, 'w', '0.00'),
(54, 3, 'p', '1.00'),
(54, 4, 'd', '0.00'),
(54, 4, 'l', '0.00'),
(54, 4, 'w', '0.00'),
(54, 4, 'p', '0.85'),
(54, 5, 'd', '0.00'),
(54, 5, 'l', '0.00'),
(54, 5, 'w', '0.00'),
(54, 5, 'p', '0.43'),
(55, 6, 'd', '0.00'),
(55, 6, 'l', '0.00'),
(55, 6, 'w', '0.00'),
(55, 6, 'p', '2.00'),
(55, 7, 'd', '0.00'),
(55, 7, 'l', '0.00'),
(55, 7, 'w', '0.00'),
(55, 7, 'p', '1.00'),
(56, 6, 'd', '0.00'),
(56, 6, 'l', '0.00'),
(56, 6, 'w', '0.00'),
(56, 6, 'p', '1.00'),
(56, 7, 'd', '0.00'),
(56, 7, 'l', '0.00'),
(56, 7, 'w', '0.00'),
(56, 7, 'p', '0.50'),
(57, 6, 'd', '0.00'),
(57, 6, 'l', '0.00'),
(57, 6, 'w', '0.00'),
(57, 6, 'p', '4.00'),
(57, 7, 'd', '0.00'),
(57, 7, 'l', '0.00'),
(57, 7, 'w', '0.00'),
(57, 7, 'p', '2.00'),
(58, 1, 'd', '0.00'),
(58, 1, 'l', '0.00'),
(58, 1, 'w', '0.00'),
(58, 1, 'p', '0.00'),
(59, 1, 'd', '0.00'),
(59, 1, 'l', '0.00'),
(59, 1, 'w', '0.00'),
(59, 1, 'p', '0.00'),
(60, 1, 'd', '0.00'),
(60, 1, 'l', '0.00'),
(60, 1, 'w', '0.00'),
(60, 1, 'p', '0.00'),
(61, 1, 'd', '0.00'),
(61, 1, 'l', '0.00'),
(61, 1, 'w', '0.00'),
(61, 1, 'p', '0.00'),
(62, 1, 'd', '0.00'),
(62, 1, 'l', '0.00'),
(62, 1, 'w', '0.00'),
(62, 1, 'p', '0.00'),
(63, 1, 'd', '0.00'),
(63, 1, 'l', '0.00'),
(63, 1, 'w', '0.00'),
(63, 1, 'p', '0.00'),
(64, 1, 'd', '0.00'),
(64, 1, 'l', '0.00'),
(64, 1, 'w', '0.00'),
(64, 1, 'p', '0.00'),
(65, 1, 'd', '0.00'),
(65, 1, 'l', '0.00'),
(65, 1, 'w', '0.00'),
(65, 1, 'p', '0.00'),
(66, 1, 'd', '0.00'),
(66, 1, 'l', '0.00'),
(66, 1, 'w', '0.00'),
(66, 1, 'p', '0.00'),
(67, 2, 'd', '0.00'),
(67, 2, 'l', '0.00'),
(67, 2, 'w', '0.00'),
(67, 2, 'p', '1.00'),
(67, 3, 'd', '0.00'),
(67, 3, 'l', '0.00'),
(67, 3, 'w', '0.00'),
(67, 3, 'p', '0.85'),
(67, 4, 'd', '0.00'),
(67, 4, 'l', '0.00'),
(67, 4, 'w', '0.00'),
(67, 4, 'p', '0.49'),
(67, 5, 'd', '0.00'),
(67, 5, 'l', '0.00'),
(67, 5, 'w', '0.00'),
(67, 5, 'p', '0.37'),
(68, 2, 'd', '0.00'),
(68, 2, 'l', '0.00'),
(68, 2, 'w', '0.00'),
(68, 2, 'p', '2.00'),
(68, 3, 'd', '0.00'),
(68, 3, 'l', '0.00'),
(68, 3, 'w', '0.00'),
(68, 3, 'p', '1.00'),
(68, 4, 'd', '0.00'),
(68, 4, 'l', '0.00'),
(68, 4, 'w', '0.00'),
(68, 4, 'p', '0.85'),
(68, 5, 'd', '0.00'),
(68, 5, 'l', '0.00'),
(68, 5, 'w', '0.00'),
(68, 5, 'p', '0.43'),
(69, 6, 'd', '0.00'),
(69, 6, 'l', '0.00'),
(69, 6, 'w', '0.00'),
(69, 6, 'p', '2.00'),
(69, 7, 'd', '0.00'),
(69, 7, 'l', '0.00'),
(69, 7, 'w', '0.00'),
(69, 7, 'p', '1.00'),
(70, 6, 'd', '0.00'),
(70, 6, 'l', '0.00'),
(70, 6, 'w', '0.00'),
(70, 6, 'p', '1.00'),
(70, 7, 'd', '0.00'),
(70, 7, 'l', '0.00'),
(70, 7, 'w', '0.00'),
(70, 7, 'p', '0.50'),
(71, 6, 'd', '0.00'),
(71, 6, 'l', '0.00'),
(71, 6, 'w', '0.00'),
(71, 6, 'p', '4.00'),
(71, 7, 'd', '0.00'),
(71, 7, 'l', '0.00'),
(71, 7, 'w', '0.00'),
(71, 7, 'p', '2.00'),
(72, 1, 'd', '0.00'),
(72, 1, 'l', '0.00'),
(72, 1, 'w', '0.00'),
(72, 1, 'p', '0.00'),
(73, 1, 'd', '0.00'),
(73, 1, 'l', '0.00'),
(73, 1, 'w', '0.00'),
(73, 1, 'p', '0.00'),
(74, 2, 'd', '0.00'),
(74, 2, 'l', '0.00'),
(74, 2, 'w', '0.00'),
(74, 2, 'p', '5.00'),
(74, 3, 'd', '0.00'),
(74, 3, 'l', '0.00'),
(74, 3, 'w', '0.00'),
(74, 3, 'p', '2.50'),
(75, 1, 'd', '0.00'),
(75, 1, 'l', '0.00'),
(75, 1, 'w', '0.00'),
(75, 1, 'p', '0.00'),
(76, 8, 'd', '0.00'),
(76, 8, 'l', '0.00'),
(76, 8, 'w', '0.00'),
(76, 8, 'p', '2.50'),
(76, 9, 'd', '0.00'),
(76, 9, 'l', '0.00'),
(76, 9, 'w', '0.00'),
(76, 9, 'p', '2.00'),
(77, 1, 'd', '0.00'),
(77, 1, 'l', '0.00'),
(77, 1, 'w', '0.00'),
(77, 1, 'p', '0.00'),
(78, 1, 'd', '0.00'),
(78, 1, 'l', '0.00'),
(78, 1, 'w', '0.00'),
(78, 1, 'p', '0.00'),
(79, 1, 'd', '0.00'),
(79, 1, 'l', '0.00'),
(79, 1, 'w', '0.00'),
(79, 1, 'p', '0.00'),
(80, 1, 'd', '0.00'),
(80, 1, 'l', '0.00'),
(80, 1, 'w', '0.00'),
(80, 1, 'p', '0.00'),
(81, 1, 'd', '0.00'),
(81, 1, 'l', '0.00'),
(81, 1, 'w', '0.00'),
(81, 1, 'p', '0.00'),
(82, 1, 'd', '0.00'),
(82, 1, 'l', '0.00'),
(82, 1, 'w', '0.00'),
(82, 1, 'p', '0.00'),
(83, 1, 'd', '0.00'),
(83, 1, 'l', '0.00'),
(83, 1, 'w', '0.00'),
(83, 1, 'p', '0.00'),
(84, 2, 'd', '0.00'),
(84, 2, 'l', '0.00'),
(84, 2, 'w', '0.00'),
(84, 2, 'p', '1.00'),
(84, 3, 'd', '0.00'),
(84, 3, 'l', '0.00'),
(84, 3, 'w', '0.00'),
(84, 3, 'p', '0.85'),
(84, 4, 'd', '0.00'),
(84, 4, 'l', '0.00'),
(84, 4, 'w', '0.00'),
(84, 4, 'p', '0.49'),
(84, 5, 'd', '0.00'),
(84, 5, 'l', '0.00'),
(84, 5, 'w', '0.00'),
(84, 5, 'p', '0.37'),
(85, 2, 'd', '0.00'),
(85, 2, 'l', '0.00'),
(85, 2, 'w', '0.00'),
(85, 2, 'p', '2.00'),
(85, 3, 'd', '0.00'),
(85, 3, 'l', '0.00'),
(85, 3, 'w', '0.00'),
(85, 3, 'p', '1.00'),
(85, 4, 'd', '0.00'),
(85, 4, 'l', '0.00'),
(85, 4, 'w', '0.00'),
(85, 4, 'p', '0.85'),
(85, 5, 'd', '0.00'),
(85, 5, 'l', '0.00'),
(85, 5, 'w', '0.00'),
(85, 5, 'p', '0.43'),
(86, 6, 'd', '0.00'),
(86, 6, 'l', '0.00'),
(86, 6, 'w', '0.00'),
(86, 6, 'p', '2.00'),
(86, 7, 'd', '0.00'),
(86, 7, 'l', '0.00'),
(86, 7, 'w', '0.00'),
(86, 7, 'p', '1.00'),
(87, 6, 'd', '0.00'),
(87, 6, 'l', '0.00'),
(87, 6, 'w', '0.00'),
(87, 6, 'p', '1.00'),
(87, 7, 'd', '0.00'),
(87, 7, 'l', '0.00'),
(87, 7, 'w', '0.00'),
(87, 7, 'p', '0.50'),
(88, 6, 'd', '0.00'),
(88, 6, 'l', '0.00'),
(88, 6, 'w', '0.00'),
(88, 6, 'p', '4.00'),
(88, 7, 'd', '0.00'),
(88, 7, 'l', '0.00'),
(88, 7, 'w', '0.00'),
(88, 7, 'p', '2.00'),
(89, 1, 'd', '0.00'),
(89, 1, 'l', '0.00'),
(89, 1, 'w', '0.00'),
(89, 1, 'p', '0.00'),
(90, 1, 'd', '0.00'),
(90, 1, 'l', '0.00'),
(90, 1, 'w', '0.00'),
(90, 1, 'p', '0.00'),
(91, 2, 'd', '0.00'),
(91, 2, 'l', '0.00'),
(91, 2, 'w', '0.00'),
(91, 2, 'p', '5.00'),
(91, 3, 'd', '0.00'),
(91, 3, 'l', '0.00'),
(91, 3, 'w', '0.00'),
(91, 3, 'p', '2.50'),
(92, 1, 'd', '0.00'),
(92, 1, 'l', '0.00'),
(92, 1, 'w', '0.00'),
(92, 1, 'p', '0.00'),
(93, 8, 'd', '0.00'),
(93, 8, 'l', '0.00'),
(93, 8, 'w', '0.00'),
(93, 8, 'p', '2.50'),
(93, 9, 'd', '0.00'),
(93, 9, 'l', '0.00'),
(93, 9, 'w', '0.00'),
(93, 9, 'p', '2.00'),
(94, 2, 'd', '0.00'),
(94, 2, 'l', '0.00'),
(94, 2, 'w', '0.00'),
(94, 2, 'p', '1.00'),
(94, 3, 'd', '0.00'),
(94, 3, 'l', '0.00'),
(94, 3, 'w', '0.00'),
(94, 3, 'p', '0.50'),
(94, 4, 'd', '0.00'),
(94, 4, 'l', '0.00'),
(94, 4, 'w', '0.00'),
(94, 4, 'p', '0.50'),
(95, 2, 'd', '0.00'),
(95, 2, 'l', '0.00'),
(95, 2, 'w', '0.00'),
(95, 2, 'p', '1.00'),
(95, 3, 'd', '0.00'),
(95, 3, 'l', '0.00'),
(95, 3, 'w', '0.00'),
(95, 3, 'p', '0.60'),
(95, 4, 'd', '0.00'),
(95, 4, 'l', '0.00'),
(95, 4, 'w', '0.00'),
(95, 4, 'p', '0.30'),
(96, 2, 'd', '0.00'),
(96, 2, 'l', '0.00'),
(96, 2, 'w', '0.00'),
(96, 2, 'p', '5.00'),
(97, 8, 'd', '0.00'),
(97, 8, 'l', '0.00'),
(97, 8, 'w', '0.00'),
(97, 8, 'p', '1.00'),
(97, 9, 'd', '0.00'),
(97, 9, 'l', '0.00'),
(97, 9, 'w', '0.00'),
(97, 9, 'p', '0.50'),
(98, 1, 'd', '0.00'),
(98, 1, 'l', '0.00'),
(98, 1, 'w', '0.00'),
(98, 1, 'p', '0.00'),
(99, 1, 'd', '0.00'),
(99, 1, 'l', '0.00'),
(99, 1, 'w', '0.00'),
(99, 1, 'p', '0.00'),
(100, 1, 'd', '0.00'),
(100, 1, 'l', '0.00'),
(100, 1, 'w', '0.00'),
(100, 1, 'p', '0.00'),
(101, 1, 'd', '0.00'),
(101, 1, 'l', '0.00'),
(101, 1, 'w', '0.00'),
(101, 1, 'p', '0.00'),
(102, 1, 'd', '0.00'),
(102, 1, 'l', '0.00'),
(102, 1, 'w', '0.00'),
(102, 1, 'p', '0.00'),
(103, 1, 'd', '0.00'),
(103, 1, 'l', '0.00'),
(103, 1, 'w', '0.00'),
(103, 1, 'p', '0.00'),
(104, 1, 'd', '0.00'),
(104, 1, 'l', '0.00'),
(104, 1, 'w', '0.00'),
(104, 1, 'p', '0.00'),
(105, 2, 'd', '0.00'),
(105, 2, 'l', '0.00'),
(105, 2, 'w', '0.00'),
(105, 2, 'p', '1.00'),
(105, 3, 'd', '0.00'),
(105, 3, 'l', '0.00'),
(105, 3, 'w', '0.00'),
(105, 3, 'p', '0.85'),
(105, 4, 'd', '0.00'),
(105, 4, 'l', '0.00'),
(105, 4, 'w', '0.00'),
(105, 4, 'p', '0.49'),
(105, 5, 'd', '0.00'),
(105, 5, 'l', '0.00'),
(105, 5, 'w', '0.00'),
(105, 5, 'p', '0.37'),
(106, 2, 'd', '0.00'),
(106, 2, 'l', '0.00'),
(106, 2, 'w', '0.00'),
(106, 2, 'p', '2.00'),
(106, 3, 'd', '0.00'),
(106, 3, 'l', '0.00'),
(106, 3, 'w', '0.00'),
(106, 3, 'p', '1.00'),
(106, 4, 'd', '0.00'),
(106, 4, 'l', '0.00'),
(106, 4, 'w', '0.00'),
(106, 4, 'p', '0.85'),
(106, 5, 'd', '0.00'),
(106, 5, 'l', '0.00'),
(106, 5, 'w', '0.00'),
(106, 5, 'p', '0.43'),
(107, 6, 'd', '0.00'),
(107, 6, 'l', '0.00'),
(107, 6, 'w', '0.00'),
(107, 6, 'p', '2.00'),
(107, 7, 'd', '0.00'),
(107, 7, 'l', '0.00'),
(107, 7, 'w', '0.00'),
(107, 7, 'p', '1.00'),
(108, 6, 'd', '0.00'),
(108, 6, 'l', '0.00'),
(108, 6, 'w', '0.00'),
(108, 6, 'p', '1.00'),
(108, 7, 'd', '0.00'),
(108, 7, 'l', '0.00'),
(108, 7, 'w', '0.00'),
(108, 7, 'p', '0.50'),
(109, 6, 'd', '0.00'),
(109, 6, 'l', '0.00'),
(109, 6, 'w', '0.00'),
(109, 6, 'p', '4.00'),
(109, 7, 'd', '0.00'),
(109, 7, 'l', '0.00'),
(109, 7, 'w', '0.00'),
(109, 7, 'p', '2.00'),
(110, 1, 'd', '0.00'),
(110, 1, 'l', '0.00'),
(110, 1, 'w', '0.00'),
(110, 1, 'p', '0.00'),
(111, 1, 'd', '0.00'),
(111, 1, 'l', '0.00'),
(111, 1, 'w', '0.00'),
(111, 1, 'p', '0.00'),
(112, 2, 'd', '0.00'),
(112, 2, 'l', '0.00'),
(112, 2, 'w', '0.00'),
(112, 2, 'p', '5.00'),
(112, 3, 'd', '0.00'),
(112, 3, 'l', '0.00'),
(112, 3, 'w', '0.00'),
(112, 3, 'p', '2.50'),
(113, 1, 'd', '0.00'),
(113, 1, 'l', '0.00'),
(113, 1, 'w', '0.00'),
(113, 1, 'p', '0.00'),
(114, 8, 'd', '0.00'),
(114, 8, 'l', '0.00'),
(114, 8, 'w', '0.00'),
(114, 8, 'p', '2.50'),
(114, 9, 'd', '0.00'),
(114, 9, 'l', '0.00'),
(114, 9, 'w', '0.00'),
(114, 9, 'p', '2.00'),
(115, 2, 'd', '0.00'),
(115, 2, 'l', '0.00'),
(115, 2, 'w', '0.00'),
(115, 2, 'p', '1.00'),
(115, 3, 'd', '0.00'),
(115, 3, 'l', '0.00'),
(115, 3, 'w', '0.00'),
(115, 3, 'p', '0.50'),
(115, 4, 'd', '0.00'),
(115, 4, 'l', '0.00'),
(115, 4, 'w', '0.00'),
(115, 4, 'p', '0.50'),
(116, 2, 'd', '0.00'),
(116, 2, 'l', '0.00'),
(116, 2, 'w', '0.00'),
(116, 2, 'p', '1.00'),
(116, 3, 'd', '0.00'),
(116, 3, 'l', '0.00'),
(116, 3, 'w', '0.00'),
(116, 3, 'p', '0.60'),
(116, 4, 'd', '0.00'),
(116, 4, 'l', '0.00'),
(116, 4, 'w', '0.00'),
(116, 4, 'p', '0.30'),
(117, 2, 'd', '0.00'),
(117, 2, 'l', '0.00'),
(117, 2, 'w', '0.00'),
(117, 2, 'p', '5.00'),
(118, 8, 'd', '0.00'),
(118, 8, 'l', '0.00'),
(118, 8, 'w', '0.00'),
(118, 8, 'p', '1.00'),
(118, 9, 'd', '0.00'),
(118, 9, 'l', '0.00'),
(118, 9, 'w', '0.00'),
(118, 9, 'p', '0.50'),
(119, 1, 'd', '0.00'),
(119, 1, 'l', '0.00'),
(119, 1, 'w', '0.00'),
(119, 1, 'p', '0.00'),
(120, 1, 'd', '0.00'),
(120, 1, 'l', '0.00'),
(120, 1, 'w', '0.00'),
(120, 1, 'p', '1.00'),
(121, 1, 'd', '0.00'),
(121, 1, 'l', '0.00'),
(121, 1, 'w', '0.00'),
(121, 1, 'p', '2.00'),
(122, 1, 'd', '0.00'),
(122, 1, 'l', '0.00'),
(122, 1, 'w', '0.00'),
(122, 1, 'p', '3.00'),
(123, 1, 'd', '0.00'),
(123, 1, 'l', '0.00'),
(123, 1, 'w', '0.00'),
(123, 1, 'p', '4.00'),
(124, 1, 'd', '0.00'),
(124, 1, 'l', '0.00'),
(124, 1, 'w', '0.00'),
(124, 1, 'p', '5.00'),
(125, 1, 'd', '0.00'),
(125, 1, 'l', '0.00'),
(125, 1, 'w', '0.00'),
(125, 1, 'p', '6.00'),
(126, 1, 'd', '0.00'),
(126, 1, 'l', '0.00'),
(126, 1, 'w', '0.00'),
(126, 1, 'p', '0.00'),
(127, 1, 'd', '0.00'),
(127, 1, 'l', '0.00'),
(127, 1, 'w', '0.00'),
(127, 1, 'p', '0.00'),
(128, 1, 'd', '0.00'),
(128, 1, 'l', '0.00'),
(128, 1, 'w', '0.00'),
(128, 1, 'p', '0.00'),
(129, 1, 'd', '0.00'),
(129, 1, 'l', '0.00'),
(129, 1, 'w', '0.00'),
(129, 1, 'p', '0.00'),
(130, 1, 'd', '0.00'),
(130, 1, 'l', '0.00'),
(130, 1, 'w', '0.00'),
(130, 1, 'p', '0.00'),
(131, 1, 'd', '0.00'),
(131, 1, 'l', '0.00'),
(131, 1, 'w', '0.00'),
(131, 1, 'p', '0.00'),
(132, 1, 'd', '0.00'),
(132, 1, 'l', '0.00'),
(132, 1, 'w', '0.00'),
(132, 1, 'p', '0.00'),
(133, 1, 'd', '0.00'),
(133, 1, 'l', '0.00'),
(133, 1, 'w', '0.00'),
(133, 1, 'p', '0.00'),
(134, 1, 'd', '0.00'),
(134, 1, 'l', '0.00'),
(134, 1, 'w', '0.00'),
(134, 1, 'p', '0.00'),
(135, 1, 'd', '0.00'),
(135, 1, 'l', '0.00'),
(135, 1, 'w', '0.00'),
(135, 1, 'p', '0.00'),
(136, 1, 'd', '0.00'),
(136, 1, 'l', '0.00'),
(136, 1, 'w', '0.00'),
(136, 1, 'p', '0.00'),
(137, 1, 'd', '0.00'),
(137, 1, 'l', '0.00'),
(137, 1, 'w', '0.00'),
(137, 1, 'p', '0.00'),
(138, 1, 'd', '0.00'),
(138, 1, 'l', '0.00'),
(138, 1, 'w', '0.00'),
(138, 1, 'p', '0.00'),
(139, 1, 'd', '0.00'),
(139, 1, 'l', '0.00'),
(139, 1, 'w', '0.00'),
(139, 1, 'p', '0.00'),
(140, 1, 'd', '0.00'),
(140, 1, 'l', '0.00'),
(140, 1, 'w', '0.00'),
(140, 1, 'p', '0.00'),
(141, 1, 'd', '0.00'),
(141, 1, 'l', '0.00'),
(141, 1, 'w', '0.00'),
(141, 1, 'p', '0.00'),
(142, 1, 'd', '0.00'),
(142, 1, 'l', '0.00'),
(142, 1, 'w', '0.00'),
(142, 1, 'p', '0.00'),
(143, 1, 'd', '0.00'),
(143, 1, 'l', '0.00'),
(143, 1, 'w', '0.00'),
(143, 1, 'p', '0.00'),
(144, 1, 'd', '0.00'),
(144, 1, 'l', '0.00'),
(144, 1, 'w', '0.00'),
(144, 1, 'p', '0.00'),
(145, 1, 'd', '0.00'),
(145, 1, 'l', '0.00'),
(145, 1, 'w', '0.00'),
(145, 1, 'p', '0.00'),
(146, 1, 'd', '0.00'),
(146, 1, 'l', '0.00'),
(146, 1, 'w', '0.00'),
(146, 1, 'p', '0.00'),
(147, 1, 'd', '0.00'),
(147, 1, 'l', '0.00'),
(147, 1, 'w', '0.00'),
(147, 1, 'p', '0.00'),
(148, 1, 'd', '0.00'),
(148, 1, 'l', '0.00'),
(148, 1, 'w', '0.00'),
(148, 1, 'p', '0.00'),
(149, 1, 'd', '0.00'),
(149, 1, 'l', '0.00'),
(149, 1, 'w', '0.00'),
(149, 1, 'p', '0.00'),
(150, 1, 'd', '0.00'),
(150, 1, 'l', '0.00'),
(150, 1, 'w', '0.00'),
(150, 1, 'p', '0.00'),
(151, 1, 'd', '0.00'),
(151, 1, 'l', '0.00'),
(151, 1, 'w', '0.00'),
(151, 1, 'p', '0.00'),
(152, 1, 'd', '0.00'),
(152, 1, 'l', '0.00'),
(152, 1, 'w', '0.00'),
(152, 1, 'p', '0.00'),
(153, 1, 'd', '0.00'),
(153, 1, 'l', '0.00'),
(153, 1, 'w', '0.00'),
(153, 1, 'p', '0.00'),
(154, 1, 'd', '0.00'),
(154, 1, 'l', '0.00'),
(154, 1, 'w', '0.00'),
(154, 1, 'p', '0.00'),
(155, 1, 'd', '0.00'),
(155, 1, 'l', '0.00'),
(155, 1, 'w', '0.00'),
(155, 1, 'p', '0.00'),
(156, 1, 'd', '0.00'),
(156, 1, 'l', '0.00'),
(156, 1, 'w', '0.00'),
(156, 1, 'p', '0.00'),
(157, 1, 'd', '0.00'),
(157, 1, 'l', '0.00'),
(157, 1, 'w', '0.00'),
(157, 1, 'p', '0.00'),
(158, 1, 'd', '0.00'),
(158, 1, 'l', '0.00'),
(158, 1, 'w', '0.00'),
(158, 1, 'p', '0.00'),
(159, 1, 'd', '0.00'),
(159, 1, 'l', '0.00'),
(159, 1, 'w', '0.00'),
(159, 1, 'p', '0.00'),
(160, 1, 'd', '0.00'),
(160, 1, 'l', '0.00'),
(160, 1, 'w', '0.00'),
(160, 1, 'p', '0.00'),
(161, 1, 'd', '0.00'),
(161, 1, 'l', '0.00'),
(161, 1, 'w', '0.00'),
(161, 1, 'p', '0.00'),
(162, 1, 'd', '0.00'),
(162, 1, 'l', '0.00'),
(162, 1, 'w', '0.00'),
(162, 1, 'p', '0.00'),
(163, 1, 'd', '0.00'),
(163, 1, 'l', '0.00'),
(163, 1, 'w', '0.00'),
(163, 1, 'p', '0.00'),
(164, 1, 'd', '0.00'),
(164, 1, 'l', '0.00'),
(164, 1, 'w', '0.00'),
(164, 1, 'p', '0.00'),
(165, 1, 'd', '0.00'),
(165, 1, 'l', '0.00'),
(165, 1, 'w', '0.00'),
(165, 1, 'p', '0.00'),
(166, 1, 'd', '0.00'),
(166, 1, 'l', '0.00'),
(166, 1, 'w', '0.00'),
(166, 1, 'p', '0.00'),
(167, 2, 'd', '0.00'),
(167, 2, 'l', '0.00'),
(167, 2, 'w', '0.00'),
(167, 2, 'p', '1.00'),
(167, 3, 'd', '0.00'),
(167, 3, 'l', '0.00'),
(167, 3, 'w', '0.00'),
(167, 3, 'p', '0.85'),
(167, 4, 'd', '0.00'),
(167, 4, 'l', '0.00'),
(167, 4, 'w', '0.00'),
(167, 4, 'p', '0.49'),
(167, 5, 'd', '0.00'),
(167, 5, 'l', '0.00'),
(167, 5, 'w', '0.00'),
(167, 5, 'p', '0.37'),
(168, 2, 'd', '0.00'),
(168, 2, 'l', '0.00'),
(168, 2, 'w', '0.00'),
(168, 2, 'p', '2.00'),
(168, 3, 'd', '0.00'),
(168, 3, 'l', '0.00'),
(168, 3, 'w', '0.00'),
(168, 3, 'p', '1.00'),
(168, 4, 'd', '0.00'),
(168, 4, 'l', '0.00'),
(168, 4, 'w', '0.00'),
(168, 4, 'p', '0.85'),
(168, 5, 'd', '0.00'),
(168, 5, 'l', '0.00'),
(168, 5, 'w', '0.00'),
(168, 5, 'p', '0.43'),
(169, 6, 'd', '0.00'),
(169, 6, 'l', '0.00'),
(169, 6, 'w', '0.00'),
(169, 6, 'p', '2.00'),
(169, 7, 'd', '0.00'),
(169, 7, 'l', '0.00'),
(169, 7, 'w', '0.00'),
(169, 7, 'p', '1.00'),
(170, 6, 'd', '0.00'),
(170, 6, 'l', '0.00'),
(170, 6, 'w', '0.00'),
(170, 6, 'p', '1.00'),
(170, 7, 'd', '0.00'),
(170, 7, 'l', '0.00'),
(170, 7, 'w', '0.00'),
(170, 7, 'p', '0.50'),
(171, 6, 'd', '0.00'),
(171, 6, 'l', '0.00'),
(171, 6, 'w', '0.00'),
(171, 6, 'p', '4.00'),
(171, 7, 'd', '0.00'),
(171, 7, 'l', '0.00'),
(171, 7, 'w', '0.00'),
(171, 7, 'p', '2.00'),
(172, 1, 'd', '0.00'),
(172, 1, 'l', '0.00'),
(172, 1, 'w', '0.00'),
(172, 1, 'p', '0.00'),
(173, 1, 'd', '0.00'),
(173, 1, 'l', '0.00'),
(173, 1, 'w', '0.00'),
(173, 1, 'p', '0.00'),
(174, 2, 'd', '0.00'),
(174, 2, 'l', '0.00'),
(174, 2, 'w', '0.00'),
(174, 2, 'p', '5.00'),
(174, 3, 'd', '0.00'),
(174, 3, 'l', '0.00'),
(174, 3, 'w', '0.00'),
(174, 3, 'p', '2.50'),
(175, 1, 'd', '0.00'),
(175, 1, 'l', '0.00'),
(175, 1, 'w', '0.00'),
(175, 1, 'p', '0.00'),
(176, 8, 'd', '0.00'),
(176, 8, 'l', '0.00'),
(176, 8, 'w', '0.00'),
(176, 8, 'p', '2.50'),
(176, 9, 'd', '0.00'),
(176, 9, 'l', '0.00'),
(176, 9, 'w', '0.00'),
(176, 9, 'p', '2.00'),
(177, 2, 'd', '0.00'),
(177, 2, 'l', '0.00'),
(177, 2, 'w', '0.00'),
(177, 2, 'p', '1.00'),
(177, 3, 'd', '0.00'),
(177, 3, 'l', '0.00'),
(177, 3, 'w', '0.00'),
(177, 3, 'p', '0.50'),
(177, 4, 'd', '0.00'),
(177, 4, 'l', '0.00'),
(177, 4, 'w', '0.00'),
(177, 4, 'p', '0.50'),
(178, 2, 'd', '0.00'),
(178, 2, 'l', '0.00'),
(178, 2, 'w', '0.00'),
(178, 2, 'p', '1.00'),
(178, 3, 'd', '0.00'),
(178, 3, 'l', '0.00'),
(178, 3, 'w', '0.00'),
(178, 3, 'p', '0.60'),
(178, 4, 'd', '0.00'),
(178, 4, 'l', '0.00'),
(178, 4, 'w', '0.00'),
(178, 4, 'p', '0.30'),
(179, 2, 'd', '0.00'),
(179, 2, 'l', '0.00'),
(179, 2, 'w', '0.00'),
(179, 2, 'p', '5.00'),
(180, 8, 'd', '0.00'),
(180, 8, 'l', '0.00'),
(180, 8, 'w', '0.00'),
(180, 8, 'p', '1.00'),
(180, 9, 'd', '0.00'),
(180, 9, 'l', '0.00'),
(180, 9, 'w', '0.00'),
(180, 9, 'p', '0.50'),
(181, 1, 'd', '0.00'),
(181, 1, 'l', '0.00'),
(181, 1, 'w', '0.00'),
(181, 1, 'p', '0.00'),
(182, 1, 'd', '0.00'),
(182, 1, 'l', '0.00'),
(182, 1, 'w', '0.00'),
(182, 1, 'p', '1.00'),
(183, 1, 'd', '0.00'),
(183, 1, 'l', '0.00'),
(183, 1, 'w', '0.00'),
(183, 1, 'p', '2.00'),
(184, 1, 'd', '0.00'),
(184, 1, 'l', '0.00'),
(184, 1, 'w', '0.00'),
(184, 1, 'p', '3.00'),
(185, 1, 'd', '0.00'),
(185, 1, 'l', '0.00'),
(185, 1, 'w', '0.00'),
(185, 1, 'p', '4.00'),
(186, 1, 'd', '0.00'),
(186, 1, 'l', '0.00'),
(186, 1, 'w', '0.00'),
(186, 1, 'p', '5.00'),
(187, 1, 'd', '0.00'),
(187, 1, 'l', '0.00'),
(187, 1, 'w', '0.00'),
(187, 1, 'p', '6.00'),
(188, 1, 'd', '0.00'),
(188, 1, 'l', '0.00'),
(188, 1, 'w', '0.00'),
(188, 1, 'p', '0.00'),
(189, 1, 'd', '0.00'),
(189, 1, 'l', '0.00'),
(189, 1, 'w', '0.00'),
(189, 1, 'p', '0.00'),
(190, 1, 'd', '0.00'),
(190, 1, 'l', '0.00'),
(190, 1, 'w', '0.00'),
(190, 1, 'p', '0.00'),
(191, 1, 'd', '0.00'),
(191, 1, 'l', '0.00'),
(191, 1, 'w', '0.00'),
(191, 1, 'p', '0.00'),
(192, 1, 'd', '0.00'),
(192, 1, 'l', '0.00'),
(192, 1, 'w', '0.00'),
(192, 1, 'p', '0.00'),
(193, 1, 'd', '0.00'),
(193, 1, 'l', '0.00'),
(193, 1, 'w', '0.00'),
(193, 1, 'p', '0.00'),
(194, 1, 'd', '0.00'),
(194, 1, 'l', '0.00'),
(194, 1, 'w', '0.00'),
(194, 1, 'p', '0.00'),
(195, 1, 'd', '0.00'),
(195, 1, 'l', '0.00'),
(195, 1, 'w', '0.00'),
(195, 1, 'p', '0.00'),
(196, 1, 'd', '0.00'),
(196, 1, 'l', '0.00'),
(196, 1, 'w', '0.00'),
(196, 1, 'p', '0.00'),
(197, 1, 'd', '0.00'),
(197, 1, 'l', '0.00'),
(197, 1, 'w', '0.00'),
(197, 1, 'p', '0.00'),
(198, 1, 'd', '0.00'),
(198, 1, 'l', '0.00'),
(198, 1, 'w', '0.00'),
(198, 1, 'p', '0.00'),
(199, 1, 'd', '0.00'),
(199, 1, 'l', '0.00'),
(199, 1, 'w', '0.00'),
(199, 1, 'p', '0.00'),
(200, 1, 'd', '0.00'),
(200, 1, 'l', '0.00'),
(200, 1, 'w', '0.00'),
(200, 1, 'p', '0.00'),
(201, 1, 'd', '0.00'),
(201, 1, 'l', '0.00'),
(201, 1, 'w', '0.00'),
(201, 1, 'p', '0.00'),
(202, 1, 'd', '0.00'),
(202, 1, 'l', '0.00'),
(202, 1, 'w', '0.00'),
(202, 1, 'p', '0.00'),
(203, 1, 'd', '0.00'),
(203, 1, 'l', '0.00'),
(203, 1, 'w', '0.00'),
(203, 1, 'p', '0.00'),
(204, 1, 'd', '0.00'),
(204, 1, 'l', '0.00'),
(204, 1, 'w', '0.00'),
(204, 1, 'p', '0.00'),
(205, 1, 'd', '0.00'),
(205, 1, 'l', '0.00'),
(205, 1, 'w', '0.00'),
(205, 1, 'p', '0.00'),
(206, 1, 'd', '0.00'),
(206, 1, 'l', '0.00'),
(206, 1, 'w', '0.00'),
(206, 1, 'p', '0.00'),
(207, 1, 'd', '0.00'),
(207, 1, 'l', '0.00'),
(207, 1, 'w', '0.00'),
(207, 1, 'p', '0.00'),
(208, 1, 'd', '0.00'),
(208, 1, 'l', '0.00'),
(208, 1, 'w', '0.00'),
(208, 1, 'p', '0.00'),
(209, 1, 'd', '0.00'),
(209, 1, 'l', '0.00'),
(209, 1, 'w', '0.00'),
(209, 1, 'p', '0.00'),
(210, 1, 'd', '0.00'),
(210, 1, 'l', '0.00'),
(210, 1, 'w', '0.00'),
(210, 1, 'p', '0.00'),
(211, 1, 'd', '0.00'),
(211, 1, 'l', '0.00'),
(211, 1, 'w', '0.00'),
(211, 1, 'p', '0.00'),
(212, 1, 'd', '0.00'),
(212, 1, 'l', '0.00'),
(212, 1, 'w', '0.00'),
(212, 1, 'p', '0.00'),
(213, 1, 'd', '0.00'),
(213, 1, 'l', '0.00'),
(213, 1, 'w', '0.00'),
(213, 1, 'p', '0.00'),
(214, 1, 'd', '0.00'),
(214, 1, 'l', '0.00'),
(214, 1, 'w', '0.00'),
(214, 1, 'p', '0.00'),
(215, 1, 'd', '0.00'),
(215, 1, 'l', '0.00'),
(215, 1, 'w', '0.00'),
(215, 1, 'p', '0.00'),
(216, 1, 'd', '0.00'),
(216, 1, 'l', '0.00'),
(216, 1, 'w', '0.00'),
(216, 1, 'p', '0.00'),
(217, 1, 'd', '0.00'),
(217, 1, 'l', '0.00'),
(217, 1, 'w', '0.00'),
(217, 1, 'p', '0.00'),
(218, 1, 'd', '0.00'),
(218, 1, 'l', '0.00'),
(218, 1, 'w', '0.00'),
(218, 1, 'p', '0.00'),
(219, 1, 'd', '0.00'),
(219, 1, 'l', '0.00'),
(219, 1, 'w', '0.00'),
(219, 1, 'p', '0.00'),
(220, 1, 'd', '0.00'),
(220, 1, 'l', '0.00'),
(220, 1, 'w', '0.00'),
(220, 1, 'p', '0.00'),
(221, 1, 'd', '0.00'),
(221, 1, 'l', '0.00'),
(221, 1, 'w', '0.00'),
(221, 1, 'p', '0.00'),
(222, 1, 'd', '0.00'),
(222, 1, 'l', '0.00'),
(222, 1, 'w', '0.00'),
(222, 1, 'p', '0.00'),
(223, 1, 'd', '0.00'),
(223, 1, 'l', '0.00'),
(223, 1, 'w', '0.00'),
(223, 1, 'p', '0.00'),
(224, 1, 'd', '0.00'),
(224, 1, 'l', '0.00'),
(224, 1, 'w', '0.00'),
(224, 1, 'p', '0.00'),
(225, 1, 'd', '0.00'),
(225, 1, 'l', '0.00'),
(225, 1, 'w', '0.00'),
(225, 1, 'p', '0.00'),
(226, 1, 'd', '0.00'),
(226, 1, 'l', '0.00'),
(226, 1, 'w', '0.00'),
(226, 1, 'p', '0.00'),
(227, 1, 'd', '0.00'),
(227, 1, 'l', '0.00'),
(227, 1, 'w', '0.00'),
(227, 1, 'p', '0.00'),
(228, 1, 'd', '0.00'),
(228, 1, 'l', '0.00'),
(228, 1, 'w', '0.00'),
(228, 1, 'p', '0.00'),
(229, 2, 'd', '0.00'),
(229, 2, 'l', '0.00'),
(229, 2, 'w', '0.00'),
(229, 2, 'p', '1.00'),
(229, 3, 'd', '0.00'),
(229, 3, 'l', '0.00'),
(229, 3, 'w', '0.00'),
(229, 3, 'p', '0.85'),
(229, 4, 'd', '0.00'),
(229, 4, 'l', '0.00'),
(229, 4, 'w', '0.00'),
(229, 4, 'p', '0.49'),
(229, 5, 'd', '0.00'),
(229, 5, 'l', '0.00'),
(229, 5, 'w', '0.00'),
(229, 5, 'p', '0.37'),
(230, 2, 'd', '0.00'),
(230, 2, 'l', '0.00'),
(230, 2, 'w', '0.00'),
(230, 2, 'p', '2.00'),
(230, 3, 'd', '0.00'),
(230, 3, 'l', '0.00'),
(230, 3, 'w', '0.00'),
(230, 3, 'p', '1.00'),
(230, 4, 'd', '0.00'),
(230, 4, 'l', '0.00'),
(230, 4, 'w', '0.00'),
(230, 4, 'p', '0.85'),
(230, 5, 'd', '0.00'),
(230, 5, 'l', '0.00'),
(230, 5, 'w', '0.00'),
(230, 5, 'p', '0.43'),
(231, 6, 'd', '0.00'),
(231, 6, 'l', '0.00'),
(231, 6, 'w', '0.00'),
(231, 6, 'p', '2.00'),
(231, 7, 'd', '0.00'),
(231, 7, 'l', '0.00'),
(231, 7, 'w', '0.00'),
(231, 7, 'p', '1.00'),
(232, 6, 'd', '0.00'),
(232, 6, 'l', '0.00'),
(232, 6, 'w', '0.00'),
(232, 6, 'p', '1.00'),
(232, 7, 'd', '0.00'),
(232, 7, 'l', '0.00'),
(232, 7, 'w', '0.00'),
(232, 7, 'p', '0.50'),
(233, 6, 'd', '0.00'),
(233, 6, 'l', '0.00'),
(233, 6, 'w', '0.00'),
(233, 6, 'p', '4.00'),
(233, 7, 'd', '0.00'),
(233, 7, 'l', '0.00'),
(233, 7, 'w', '0.00'),
(233, 7, 'p', '2.00'),
(234, 1, 'd', '0.00'),
(234, 1, 'l', '0.00'),
(234, 1, 'w', '0.00'),
(234, 1, 'p', '0.00'),
(235, 1, 'd', '0.00'),
(235, 1, 'l', '0.00'),
(235, 1, 'w', '0.00'),
(235, 1, 'p', '0.00'),
(236, 2, 'd', '0.00'),
(236, 2, 'l', '0.00'),
(236, 2, 'w', '0.00'),
(236, 2, 'p', '5.00'),
(236, 3, 'd', '0.00'),
(236, 3, 'l', '0.00'),
(236, 3, 'w', '0.00'),
(236, 3, 'p', '2.50'),
(237, 1, 'd', '0.00'),
(237, 1, 'l', '0.00'),
(237, 1, 'w', '0.00'),
(237, 1, 'p', '0.00'),
(238, 8, 'd', '0.00'),
(238, 8, 'l', '0.00'),
(238, 8, 'w', '0.00'),
(238, 8, 'p', '2.50'),
(238, 9, 'd', '0.00'),
(238, 9, 'l', '0.00'),
(238, 9, 'w', '0.00'),
(238, 9, 'p', '2.00'),
(239, 2, 'd', '0.00'),
(239, 2, 'l', '0.00'),
(239, 2, 'w', '0.00'),
(239, 2, 'p', '1.00'),
(239, 3, 'd', '0.00'),
(239, 3, 'l', '0.00'),
(239, 3, 'w', '0.00'),
(239, 3, 'p', '0.50'),
(239, 4, 'd', '0.00'),
(239, 4, 'l', '0.00'),
(239, 4, 'w', '0.00'),
(239, 4, 'p', '0.50'),
(240, 2, 'd', '0.00'),
(240, 2, 'l', '0.00'),
(240, 2, 'w', '0.00'),
(240, 2, 'p', '1.00'),
(240, 3, 'd', '0.00'),
(240, 3, 'l', '0.00'),
(240, 3, 'w', '0.00'),
(240, 3, 'p', '0.60'),
(240, 4, 'd', '0.00'),
(240, 4, 'l', '0.00'),
(240, 4, 'w', '0.00'),
(240, 4, 'p', '0.30'),
(241, 2, 'd', '0.00'),
(241, 2, 'l', '0.00'),
(241, 2, 'w', '0.00'),
(241, 2, 'p', '5.00'),
(242, 8, 'd', '0.00'),
(242, 8, 'l', '0.00'),
(242, 8, 'w', '0.00'),
(242, 8, 'p', '1.00'),
(242, 9, 'd', '0.00'),
(242, 9, 'l', '0.00'),
(242, 9, 'w', '0.00'),
(242, 9, 'p', '0.50'),
(243, 1, 'd', '0.00'),
(243, 1, 'l', '0.00'),
(243, 1, 'w', '0.00'),
(243, 1, 'p', '0.00'),
(244, 1, 'd', '0.00'),
(244, 1, 'l', '0.00'),
(244, 1, 'w', '0.00'),
(244, 1, 'p', '1.00'),
(245, 1, 'd', '0.00'),
(245, 1, 'l', '0.00'),
(245, 1, 'w', '0.00'),
(245, 1, 'p', '2.00'),
(246, 1, 'd', '0.00'),
(246, 1, 'l', '0.00'),
(246, 1, 'w', '0.00'),
(246, 1, 'p', '3.00'),
(247, 1, 'd', '0.00'),
(247, 1, 'l', '0.00'),
(247, 1, 'w', '0.00'),
(247, 1, 'p', '4.00'),
(248, 1, 'd', '0.00'),
(248, 1, 'l', '0.00'),
(248, 1, 'w', '0.00'),
(248, 1, 'p', '5.00'),
(249, 1, 'd', '0.00'),
(249, 1, 'l', '0.00'),
(249, 1, 'w', '0.00'),
(249, 1, 'p', '6.00'),
(250, 1, 'd', '0.00'),
(250, 1, 'l', '0.00'),
(250, 1, 'w', '0.00'),
(250, 1, 'p', '0.00'),
(251, 1, 'd', '0.00'),
(251, 1, 'l', '0.00'),
(251, 1, 'w', '0.00'),
(251, 1, 'p', '0.00'),
(252, 1, 'd', '0.00'),
(252, 1, 'l', '0.00'),
(252, 1, 'w', '0.00'),
(252, 1, 'p', '0.00'),
(253, 1, 'd', '0.00'),
(253, 1, 'l', '0.00'),
(253, 1, 'w', '0.00'),
(253, 1, 'p', '0.00'),
(254, 1, 'd', '0.00'),
(254, 1, 'l', '0.00'),
(254, 1, 'w', '0.00'),
(254, 1, 'p', '0.00'),
(255, 1, 'd', '0.00'),
(255, 1, 'l', '0.00'),
(255, 1, 'w', '0.00'),
(255, 1, 'p', '0.00'),
(256, 1, 'd', '0.00'),
(256, 1, 'l', '0.00'),
(256, 1, 'w', '0.00'),
(256, 1, 'p', '0.00'),
(257, 1, 'd', '0.00'),
(257, 1, 'l', '0.00'),
(257, 1, 'w', '0.00'),
(257, 1, 'p', '0.00'),
(258, 1, 'd', '0.00'),
(258, 1, 'l', '0.00'),
(258, 1, 'w', '0.00'),
(258, 1, 'p', '0.00'),
(259, 1, 'd', '0.00'),
(259, 1, 'l', '0.00'),
(259, 1, 'w', '0.00'),
(259, 1, 'p', '0.00'),
(260, 1, 'd', '0.00'),
(260, 1, 'l', '0.00'),
(260, 1, 'w', '0.00'),
(260, 1, 'p', '0.00'),
(261, 1, 'd', '0.00'),
(261, 1, 'l', '0.00'),
(261, 1, 'w', '0.00'),
(261, 1, 'p', '0.00'),
(262, 1, 'd', '0.00'),
(262, 1, 'l', '0.00'),
(262, 1, 'w', '0.00'),
(262, 1, 'p', '0.00'),
(263, 1, 'd', '0.00'),
(263, 1, 'l', '0.00'),
(263, 1, 'w', '0.00'),
(263, 1, 'p', '0.00'),
(264, 1, 'd', '0.00'),
(264, 1, 'l', '0.00'),
(264, 1, 'w', '0.00'),
(264, 1, 'p', '0.00'),
(265, 1, 'd', '0.00'),
(265, 1, 'l', '0.00'),
(265, 1, 'w', '0.00'),
(265, 1, 'p', '0.00'),
(266, 1, 'd', '0.00'),
(266, 1, 'l', '0.00'),
(266, 1, 'w', '0.00'),
(266, 1, 'p', '0.00'),
(267, 1, 'd', '0.00'),
(267, 1, 'l', '0.00'),
(267, 1, 'w', '0.00'),
(267, 1, 'p', '0.00'),
(268, 1, 'd', '0.00'),
(268, 1, 'l', '0.00'),
(268, 1, 'w', '0.00'),
(268, 1, 'p', '0.00'),
(269, 1, 'd', '0.00'),
(269, 1, 'l', '0.00'),
(269, 1, 'w', '0.00'),
(269, 1, 'p', '0.00'),
(270, 1, 'd', '0.00'),
(270, 1, 'l', '0.00'),
(270, 1, 'w', '0.00'),
(270, 1, 'p', '0.00'),
(271, 1, 'd', '0.00'),
(271, 1, 'l', '0.00'),
(271, 1, 'w', '0.00'),
(271, 1, 'p', '0.00'),
(272, 1, 'd', '0.00'),
(272, 1, 'l', '0.00'),
(272, 1, 'w', '0.00'),
(272, 1, 'p', '0.00'),
(273, 1, 'd', '0.00'),
(273, 1, 'l', '0.00'),
(273, 1, 'w', '0.00'),
(273, 1, 'p', '0.00'),
(274, 1, 'd', '0.00'),
(274, 1, 'l', '0.00'),
(274, 1, 'w', '0.00'),
(274, 1, 'p', '0.00'),
(275, 1, 'd', '0.00'),
(275, 1, 'l', '0.00'),
(275, 1, 'w', '0.00'),
(275, 1, 'p', '0.00'),
(276, 1, 'd', '0.00'),
(276, 1, 'l', '0.00'),
(276, 1, 'w', '0.00'),
(276, 1, 'p', '0.00'),
(277, 1, 'd', '0.00'),
(277, 1, 'l', '0.00'),
(277, 1, 'w', '0.00'),
(277, 1, 'p', '0.00'),
(278, 1, 'd', '0.00'),
(278, 1, 'l', '0.00'),
(278, 1, 'w', '0.00'),
(278, 1, 'p', '0.00'),
(279, 1, 'd', '0.00'),
(279, 1, 'l', '0.00'),
(279, 1, 'w', '0.00'),
(279, 1, 'p', '0.00'),
(280, 1, 'd', '0.00'),
(280, 1, 'l', '0.00'),
(280, 1, 'w', '0.00'),
(280, 1, 'p', '0.00'),
(281, 1, 'd', '0.00'),
(281, 1, 'l', '0.00'),
(281, 1, 'w', '0.00'),
(281, 1, 'p', '0.00'),
(282, 1, 'd', '0.00'),
(282, 1, 'l', '0.00'),
(282, 1, 'w', '0.00'),
(282, 1, 'p', '0.00'),
(283, 1, 'd', '0.00'),
(283, 1, 'l', '0.00'),
(283, 1, 'w', '0.00'),
(283, 1, 'p', '0.00'),
(284, 1, 'd', '0.00'),
(284, 1, 'l', '0.00'),
(284, 1, 'w', '0.00'),
(284, 1, 'p', '0.00'),
(285, 1, 'd', '0.00'),
(285, 1, 'l', '0.00'),
(285, 1, 'w', '0.00'),
(285, 1, 'p', '0.00'),
(286, 1, 'd', '0.00'),
(286, 1, 'l', '0.00'),
(286, 1, 'w', '0.00'),
(286, 1, 'p', '0.00'),
(287, 1, 'd', '0.00'),
(287, 1, 'l', '0.00'),
(287, 1, 'w', '0.00'),
(287, 1, 'p', '0.00'),
(288, 1, 'd', '0.00'),
(288, 1, 'l', '0.00'),
(288, 1, 'w', '0.00'),
(288, 1, 'p', '0.00'),
(289, 1, 'd', '0.00'),
(289, 1, 'l', '0.00'),
(289, 1, 'w', '0.00'),
(289, 1, 'p', '0.00'),
(290, 1, 'd', '0.00'),
(290, 1, 'l', '0.00'),
(290, 1, 'w', '0.00'),
(290, 1, 'p', '0.00'),
(291, 2, 'd', '0.00'),
(291, 2, 'l', '0.00'),
(291, 2, 'w', '0.00'),
(291, 2, 'p', '1.00'),
(291, 3, 'd', '0.00'),
(291, 3, 'l', '0.00'),
(291, 3, 'w', '0.00'),
(291, 3, 'p', '0.85'),
(291, 4, 'd', '0.00'),
(291, 4, 'l', '0.00'),
(291, 4, 'w', '0.00'),
(291, 4, 'p', '0.49'),
(291, 5, 'd', '0.00'),
(291, 5, 'l', '0.00'),
(291, 5, 'w', '0.00'),
(291, 5, 'p', '0.37'),
(292, 2, 'd', '0.00'),
(292, 2, 'l', '0.00'),
(292, 2, 'w', '0.00'),
(292, 2, 'p', '2.00'),
(292, 3, 'd', '0.00'),
(292, 3, 'l', '0.00'),
(292, 3, 'w', '0.00'),
(292, 3, 'p', '1.00'),
(292, 4, 'd', '0.00'),
(292, 4, 'l', '0.00'),
(292, 4, 'w', '0.00'),
(292, 4, 'p', '0.85'),
(292, 5, 'd', '0.00'),
(292, 5, 'l', '0.00'),
(292, 5, 'w', '0.00'),
(292, 5, 'p', '0.43'),
(293, 6, 'd', '0.00'),
(293, 6, 'l', '0.00'),
(293, 6, 'w', '0.00'),
(293, 6, 'p', '2.00'),
(293, 7, 'd', '0.00'),
(293, 7, 'l', '0.00'),
(293, 7, 'w', '0.00'),
(293, 7, 'p', '1.00'),
(294, 6, 'd', '0.00'),
(294, 6, 'l', '0.00'),
(294, 6, 'w', '0.00'),
(294, 6, 'p', '1.00'),
(294, 7, 'd', '0.00'),
(294, 7, 'l', '0.00'),
(294, 7, 'w', '0.00'),
(294, 7, 'p', '0.50'),
(295, 6, 'd', '0.00'),
(295, 6, 'l', '0.00'),
(295, 6, 'w', '0.00'),
(295, 6, 'p', '4.00'),
(295, 7, 'd', '0.00'),
(295, 7, 'l', '0.00'),
(295, 7, 'w', '0.00'),
(295, 7, 'p', '2.00'),
(296, 1, 'd', '0.00'),
(296, 1, 'l', '0.00'),
(296, 1, 'w', '0.00'),
(296, 1, 'p', '0.00'),
(297, 1, 'd', '0.00'),
(297, 1, 'l', '0.00'),
(297, 1, 'w', '0.00'),
(297, 1, 'p', '0.00'),
(298, 2, 'd', '0.00'),
(298, 2, 'l', '0.00'),
(298, 2, 'w', '0.00'),
(298, 2, 'p', '5.00'),
(298, 3, 'd', '0.00'),
(298, 3, 'l', '0.00'),
(298, 3, 'w', '0.00'),
(298, 3, 'p', '2.50'),
(299, 1, 'd', '0.00'),
(299, 1, 'l', '0.00'),
(299, 1, 'w', '0.00'),
(299, 1, 'p', '0.00'),
(300, 8, 'd', '0.00'),
(300, 8, 'l', '0.00'),
(300, 8, 'w', '0.00'),
(300, 8, 'p', '2.50'),
(300, 9, 'd', '0.00'),
(300, 9, 'l', '0.00'),
(300, 9, 'w', '0.00'),
(300, 9, 'p', '2.00'),
(301, 2, 'd', '0.00'),
(301, 2, 'l', '0.00'),
(301, 2, 'w', '0.00'),
(301, 2, 'p', '1.00'),
(301, 3, 'd', '0.00'),
(301, 3, 'l', '0.00'),
(301, 3, 'w', '0.00'),
(301, 3, 'p', '0.50'),
(301, 4, 'd', '0.00'),
(301, 4, 'l', '0.00'),
(301, 4, 'w', '0.00'),
(301, 4, 'p', '0.50'),
(302, 2, 'd', '0.00'),
(302, 2, 'l', '0.00'),
(302, 2, 'w', '0.00'),
(302, 2, 'p', '1.00'),
(302, 3, 'd', '0.00'),
(302, 3, 'l', '0.00'),
(302, 3, 'w', '0.00'),
(302, 3, 'p', '0.60'),
(302, 4, 'd', '0.00'),
(302, 4, 'l', '0.00'),
(302, 4, 'w', '0.00'),
(302, 4, 'p', '0.30'),
(303, 2, 'd', '0.00'),
(303, 2, 'l', '0.00'),
(303, 2, 'w', '0.00'),
(303, 2, 'p', '5.00'),
(304, 8, 'd', '0.00'),
(304, 8, 'l', '0.00'),
(304, 8, 'w', '0.00'),
(304, 8, 'p', '1.00'),
(304, 9, 'd', '0.00'),
(304, 9, 'l', '0.00'),
(304, 9, 'w', '0.00'),
(304, 9, 'p', '0.50'),
(305, 1, 'd', '0.00'),
(305, 1, 'l', '0.00'),
(305, 1, 'w', '0.00'),
(305, 1, 'p', '0.00'),
(306, 1, 'd', '0.00'),
(306, 1, 'l', '0.00'),
(306, 1, 'w', '0.00'),
(306, 1, 'p', '1.00'),
(307, 1, 'd', '0.00'),
(307, 1, 'l', '0.00'),
(307, 1, 'w', '0.00'),
(307, 1, 'p', '2.00'),
(308, 1, 'd', '0.00'),
(308, 1, 'l', '0.00'),
(308, 1, 'w', '0.00'),
(308, 1, 'p', '3.00'),
(309, 1, 'd', '0.00'),
(309, 1, 'l', '0.00'),
(309, 1, 'w', '0.00'),
(309, 1, 'p', '4.00'),
(310, 1, 'd', '0.00'),
(310, 1, 'l', '0.00'),
(310, 1, 'w', '0.00'),
(310, 1, 'p', '5.00'),
(311, 1, 'd', '0.00'),
(311, 1, 'l', '0.00'),
(311, 1, 'w', '0.00'),
(311, 1, 'p', '6.00'),
(312, 1, 'd', '0.00'),
(312, 1, 'l', '0.00'),
(312, 1, 'w', '0.00'),
(312, 1, 'p', '0.00'),
(313, 1, 'd', '0.00'),
(313, 1, 'l', '0.00'),
(313, 1, 'w', '0.00'),
(313, 1, 'p', '0.00'),
(314, 1, 'd', '0.00'),
(314, 1, 'l', '0.00'),
(314, 1, 'w', '0.00'),
(314, 1, 'p', '0.00'),
(315, 1, 'd', '0.00'),
(315, 1, 'l', '0.00'),
(315, 1, 'w', '0.00'),
(315, 1, 'p', '0.00'),
(316, 1, 'd', '0.00'),
(316, 1, 'l', '0.00'),
(316, 1, 'w', '0.00'),
(316, 1, 'p', '0.00'),
(317, 1, 'd', '0.00'),
(317, 1, 'l', '0.00'),
(317, 1, 'w', '0.00'),
(317, 1, 'p', '0.00'),
(318, 1, 'd', '0.00'),
(318, 1, 'l', '0.00'),
(318, 1, 'w', '0.00'),
(318, 1, 'p', '0.00'),
(319, 1, 'd', '0.00'),
(319, 1, 'l', '0.00'),
(319, 1, 'w', '0.00'),
(319, 1, 'p', '0.00'),
(320, 1, 'd', '0.00'),
(320, 1, 'l', '0.00'),
(320, 1, 'w', '0.00'),
(320, 1, 'p', '0.00'),
(321, 1, 'd', '0.00'),
(321, 1, 'l', '0.00'),
(321, 1, 'w', '0.00'),
(321, 1, 'p', '0.00'),
(322, 1, 'd', '0.00'),
(322, 1, 'l', '0.00'),
(322, 1, 'w', '0.00'),
(322, 1, 'p', '0.00'),
(323, 1, 'd', '0.00'),
(323, 1, 'l', '0.00'),
(323, 1, 'w', '0.00'),
(323, 1, 'p', '0.00'),
(324, 1, 'd', '0.00'),
(324, 1, 'l', '0.00'),
(324, 1, 'w', '0.00'),
(324, 1, 'p', '0.00'),
(325, 1, 'd', '0.00'),
(325, 1, 'l', '0.00'),
(325, 1, 'w', '0.00'),
(325, 1, 'p', '0.00'),
(326, 1, 'd', '0.00'),
(326, 1, 'l', '0.00'),
(326, 1, 'w', '0.00'),
(326, 1, 'p', '0.00'),
(327, 1, 'd', '0.00'),
(327, 1, 'l', '0.00'),
(327, 1, 'w', '0.00'),
(327, 1, 'p', '0.00'),
(328, 1, 'd', '0.00'),
(328, 1, 'l', '0.00'),
(328, 1, 'w', '0.00'),
(328, 1, 'p', '0.00'),
(329, 1, 'd', '0.00'),
(329, 1, 'l', '0.00'),
(329, 1, 'w', '0.00'),
(329, 1, 'p', '0.00'),
(330, 1, 'd', '0.00'),
(330, 1, 'l', '0.00'),
(330, 1, 'w', '0.00'),
(330, 1, 'p', '0.00'),
(331, 1, 'd', '0.00'),
(331, 1, 'l', '0.00'),
(331, 1, 'w', '0.00'),
(331, 1, 'p', '0.00'),
(332, 1, 'd', '0.00'),
(332, 1, 'l', '0.00'),
(332, 1, 'w', '0.00'),
(332, 1, 'p', '0.00'),
(333, 1, 'd', '0.00'),
(333, 1, 'l', '0.00'),
(333, 1, 'w', '0.00'),
(333, 1, 'p', '0.00'),
(334, 1, 'd', '0.00'),
(334, 1, 'l', '0.00'),
(334, 1, 'w', '0.00'),
(334, 1, 'p', '0.00'),
(335, 1, 'd', '0.00'),
(335, 1, 'l', '0.00'),
(335, 1, 'w', '0.00'),
(335, 1, 'p', '0.00'),
(336, 1, 'd', '0.00'),
(336, 1, 'l', '0.00'),
(336, 1, 'w', '0.00'),
(336, 1, 'p', '0.00'),
(337, 1, 'd', '0.00'),
(337, 1, 'l', '0.00'),
(337, 1, 'w', '0.00'),
(337, 1, 'p', '0.00'),
(338, 1, 'd', '0.00'),
(338, 1, 'l', '0.00'),
(338, 1, 'w', '0.00'),
(338, 1, 'p', '0.00'),
(339, 1, 'd', '0.00'),
(339, 1, 'l', '0.00'),
(339, 1, 'w', '0.00'),
(339, 1, 'p', '0.00'),
(340, 1, 'd', '0.00'),
(340, 1, 'l', '0.00'),
(340, 1, 'w', '0.00'),
(340, 1, 'p', '0.00'),
(341, 1, 'd', '0.00'),
(341, 1, 'l', '0.00'),
(341, 1, 'w', '0.00'),
(341, 1, 'p', '0.00'),
(342, 1, 'd', '0.00'),
(342, 1, 'l', '0.00'),
(342, 1, 'w', '0.00'),
(342, 1, 'p', '0.00'),
(343, 1, 'd', '0.00'),
(343, 1, 'l', '0.00'),
(343, 1, 'w', '0.00'),
(343, 1, 'p', '0.00'),
(344, 1, 'd', '0.00'),
(344, 1, 'l', '0.00'),
(344, 1, 'w', '0.00'),
(344, 1, 'p', '0.00'),
(345, 1, 'd', '0.00'),
(345, 1, 'l', '0.00'),
(345, 1, 'w', '0.00'),
(345, 1, 'p', '0.00'),
(346, 1, 'd', '0.00'),
(346, 1, 'l', '0.00'),
(346, 1, 'w', '0.00'),
(346, 1, 'p', '0.00'),
(347, 1, 'd', '0.00'),
(347, 1, 'l', '0.00'),
(347, 1, 'w', '0.00'),
(347, 1, 'p', '0.00'),
(348, 1, 'd', '0.00'),
(348, 1, 'l', '0.00'),
(348, 1, 'w', '0.00'),
(348, 1, 'p', '0.00'),
(349, 1, 'd', '0.00'),
(349, 1, 'l', '0.00'),
(349, 1, 'w', '0.00'),
(349, 1, 'p', '0.00'),
(350, 1, 'd', '0.00'),
(350, 1, 'l', '0.00'),
(350, 1, 'w', '0.00'),
(350, 1, 'p', '0.00'),
(351, 1, 'd', '0.00'),
(351, 1, 'l', '0.00'),
(351, 1, 'w', '0.00'),
(351, 1, 'p', '0.00'),
(352, 1, 'd', '0.00'),
(352, 1, 'l', '0.00'),
(352, 1, 'w', '0.00'),
(352, 1, 'p', '0.00'),
(353, 2, 'd', '0.00'),
(353, 2, 'l', '0.00'),
(353, 2, 'w', '0.00'),
(353, 2, 'p', '1.00'),
(353, 3, 'd', '0.00'),
(353, 3, 'l', '0.00'),
(353, 3, 'w', '0.00'),
(353, 3, 'p', '0.85'),
(353, 4, 'd', '0.00'),
(353, 4, 'l', '0.00'),
(353, 4, 'w', '0.00'),
(353, 4, 'p', '0.49'),
(353, 5, 'd', '0.00'),
(353, 5, 'l', '0.00'),
(353, 5, 'w', '0.00'),
(353, 5, 'p', '0.37'),
(354, 2, 'd', '0.00'),
(354, 2, 'l', '0.00'),
(354, 2, 'w', '0.00'),
(354, 2, 'p', '2.00'),
(354, 3, 'd', '0.00'),
(354, 3, 'l', '0.00'),
(354, 3, 'w', '0.00'),
(354, 3, 'p', '1.00'),
(354, 4, 'd', '0.00'),
(354, 4, 'l', '0.00'),
(354, 4, 'w', '0.00'),
(354, 4, 'p', '0.85'),
(354, 5, 'd', '0.00'),
(354, 5, 'l', '0.00'),
(354, 5, 'w', '0.00'),
(354, 5, 'p', '0.43'),
(355, 6, 'd', '0.00'),
(355, 6, 'l', '0.00'),
(355, 6, 'w', '0.00'),
(355, 6, 'p', '2.00'),
(355, 7, 'd', '0.00'),
(355, 7, 'l', '0.00'),
(355, 7, 'w', '0.00'),
(355, 7, 'p', '1.00'),
(356, 6, 'd', '0.00'),
(356, 6, 'l', '0.00'),
(356, 6, 'w', '0.00'),
(356, 6, 'p', '1.00'),
(356, 7, 'd', '0.00'),
(356, 7, 'l', '0.00'),
(356, 7, 'w', '0.00'),
(356, 7, 'p', '0.50'),
(357, 6, 'd', '0.00'),
(357, 6, 'l', '0.00'),
(357, 6, 'w', '0.00'),
(357, 6, 'p', '4.00'),
(357, 7, 'd', '0.00'),
(357, 7, 'l', '0.00'),
(357, 7, 'w', '0.00'),
(357, 7, 'p', '2.00'),
(358, 1, 'd', '0.00'),
(358, 1, 'l', '0.00'),
(358, 1, 'w', '0.00'),
(358, 1, 'p', '0.00'),
(359, 1, 'd', '0.00'),
(359, 1, 'l', '0.00'),
(359, 1, 'w', '0.00'),
(359, 1, 'p', '0.00'),
(360, 2, 'd', '0.00'),
(360, 2, 'l', '0.00'),
(360, 2, 'w', '0.00'),
(360, 2, 'p', '5.00'),
(360, 3, 'd', '0.00'),
(360, 3, 'l', '0.00'),
(360, 3, 'w', '0.00'),
(360, 3, 'p', '2.50'),
(361, 1, 'd', '0.00'),
(361, 1, 'l', '0.00'),
(361, 1, 'w', '0.00'),
(361, 1, 'p', '0.00'),
(362, 8, 'd', '0.00'),
(362, 8, 'l', '0.00'),
(362, 8, 'w', '0.00'),
(362, 8, 'p', '2.50'),
(362, 9, 'd', '0.00'),
(362, 9, 'l', '0.00'),
(362, 9, 'w', '0.00'),
(362, 9, 'p', '2.00'),
(363, 2, 'd', '0.00'),
(363, 2, 'l', '0.00'),
(363, 2, 'w', '0.00'),
(363, 2, 'p', '1.00'),
(363, 3, 'd', '0.00'),
(363, 3, 'l', '0.00'),
(363, 3, 'w', '0.00'),
(363, 3, 'p', '0.50'),
(363, 4, 'd', '0.00'),
(363, 4, 'l', '0.00'),
(363, 4, 'w', '0.00'),
(363, 4, 'p', '0.50'),
(364, 2, 'd', '0.00'),
(364, 2, 'l', '0.00'),
(364, 2, 'w', '0.00'),
(364, 2, 'p', '1.00'),
(364, 3, 'd', '0.00'),
(364, 3, 'l', '0.00'),
(364, 3, 'w', '0.00'),
(364, 3, 'p', '0.60'),
(364, 4, 'd', '0.00'),
(364, 4, 'l', '0.00'),
(364, 4, 'w', '0.00'),
(364, 4, 'p', '0.30'),
(365, 2, 'd', '0.00'),
(365, 2, 'l', '0.00'),
(365, 2, 'w', '0.00'),
(365, 2, 'p', '5.00'),
(366, 8, 'd', '0.00'),
(366, 8, 'l', '0.00'),
(366, 8, 'w', '0.00'),
(366, 8, 'p', '1.00'),
(366, 9, 'd', '0.00'),
(366, 9, 'l', '0.00'),
(366, 9, 'w', '0.00'),
(366, 9, 'p', '0.50'),
(367, 1, 'd', '0.00'),
(367, 1, 'l', '0.00'),
(367, 1, 'w', '0.00'),
(367, 1, 'p', '0.00'),
(368, 1, 'd', '0.00'),
(368, 1, 'l', '0.00'),
(368, 1, 'w', '0.00'),
(368, 1, 'p', '1.00'),
(369, 1, 'd', '0.00'),
(369, 1, 'l', '0.00'),
(369, 1, 'w', '0.00'),
(369, 1, 'p', '2.00'),
(370, 1, 'd', '0.00'),
(370, 1, 'l', '0.00'),
(370, 1, 'w', '0.00'),
(370, 1, 'p', '3.00'),
(371, 1, 'd', '0.00'),
(371, 1, 'l', '0.00'),
(371, 1, 'w', '0.00'),
(371, 1, 'p', '4.00'),
(372, 1, 'd', '0.00'),
(372, 1, 'l', '0.00'),
(372, 1, 'w', '0.00'),
(372, 1, 'p', '5.00'),
(373, 1, 'd', '0.00'),
(373, 1, 'l', '0.00'),
(373, 1, 'w', '0.00'),
(373, 1, 'p', '6.00'),
(374, 1, 'd', '0.00'),
(374, 1, 'l', '0.00'),
(374, 1, 'w', '0.00'),
(374, 1, 'p', '0.00'),
(375, 1, 'd', '0.00'),
(375, 1, 'l', '0.00'),
(375, 1, 'w', '0.00'),
(375, 1, 'p', '0.00'),
(376, 1, 'd', '0.00'),
(376, 1, 'l', '0.00'),
(376, 1, 'w', '0.00'),
(376, 1, 'p', '0.00'),
(377, 1, 'd', '0.00'),
(377, 1, 'l', '0.00'),
(377, 1, 'w', '0.00'),
(377, 1, 'p', '0.00'),
(378, 1, 'd', '0.00'),
(378, 1, 'l', '0.00'),
(378, 1, 'w', '0.00'),
(378, 1, 'p', '0.00'),
(379, 1, 'd', '0.00'),
(379, 1, 'l', '0.00'),
(379, 1, 'w', '0.00'),
(379, 1, 'p', '0.00'),
(380, 1, 'd', '0.00'),
(380, 1, 'l', '0.00'),
(380, 1, 'w', '0.00'),
(380, 1, 'p', '0.00'),
(381, 1, 'd', '0.00'),
(381, 1, 'l', '0.00'),
(381, 1, 'w', '0.00'),
(381, 1, 'p', '0.00'),
(382, 1, 'd', '0.00'),
(382, 1, 'l', '0.00'),
(382, 1, 'w', '0.00'),
(382, 1, 'p', '0.00'),
(383, 1, 'd', '0.00'),
(383, 1, 'l', '0.00'),
(383, 1, 'w', '0.00'),
(383, 1, 'p', '0.00'),
(384, 1, 'd', '0.00'),
(384, 1, 'l', '0.00'),
(384, 1, 'w', '0.00'),
(384, 1, 'p', '0.00'),
(385, 1, 'd', '0.00'),
(385, 1, 'l', '0.00'),
(385, 1, 'w', '0.00'),
(385, 1, 'p', '0.00'),
(386, 1, 'd', '0.00'),
(386, 1, 'l', '0.00'),
(386, 1, 'w', '0.00'),
(386, 1, 'p', '0.00'),
(387, 1, 'd', '0.00'),
(387, 1, 'l', '0.00'),
(387, 1, 'w', '0.00'),
(387, 1, 'p', '0.00'),
(388, 1, 'd', '0.00'),
(388, 1, 'l', '0.00'),
(388, 1, 'w', '0.00'),
(388, 1, 'p', '0.00'),
(389, 1, 'd', '0.00'),
(389, 1, 'l', '0.00'),
(389, 1, 'w', '0.00'),
(389, 1, 'p', '0.00'),
(390, 1, 'd', '0.00'),
(390, 1, 'l', '0.00'),
(390, 1, 'w', '0.00'),
(390, 1, 'p', '0.00'),
(391, 1, 'd', '0.00'),
(391, 1, 'l', '0.00'),
(391, 1, 'w', '0.00'),
(391, 1, 'p', '0.00'),
(392, 1, 'd', '0.00'),
(392, 1, 'l', '0.00'),
(392, 1, 'w', '0.00'),
(392, 1, 'p', '0.00'),
(393, 1, 'd', '0.00'),
(393, 1, 'l', '0.00'),
(393, 1, 'w', '0.00'),
(393, 1, 'p', '0.00'),
(394, 1, 'd', '0.00'),
(394, 1, 'l', '0.00'),
(394, 1, 'w', '0.00'),
(394, 1, 'p', '0.00'),
(395, 1, 'd', '0.00'),
(395, 1, 'l', '0.00'),
(395, 1, 'w', '0.00'),
(395, 1, 'p', '0.00'),
(396, 1, 'd', '0.00'),
(396, 1, 'l', '0.00'),
(396, 1, 'w', '0.00'),
(396, 1, 'p', '0.00'),
(397, 1, 'd', '0.00'),
(397, 1, 'l', '0.00'),
(397, 1, 'w', '0.00'),
(397, 1, 'p', '0.00'),
(398, 1, 'd', '0.00'),
(398, 1, 'l', '0.00'),
(398, 1, 'w', '0.00'),
(398, 1, 'p', '0.00'),
(399, 1, 'd', '0.00'),
(399, 1, 'l', '0.00'),
(399, 1, 'w', '0.00'),
(399, 1, 'p', '0.00'),
(400, 1, 'd', '0.00'),
(400, 1, 'l', '0.00'),
(400, 1, 'w', '0.00'),
(400, 1, 'p', '0.00'),
(401, 1, 'd', '0.00'),
(401, 1, 'l', '0.00'),
(401, 1, 'w', '0.00'),
(401, 1, 'p', '0.00'),
(402, 1, 'd', '0.00'),
(402, 1, 'l', '0.00'),
(402, 1, 'w', '0.00'),
(402, 1, 'p', '0.00'),
(403, 1, 'd', '0.00'),
(403, 1, 'l', '0.00'),
(403, 1, 'w', '0.00'),
(403, 1, 'p', '0.00'),
(404, 1, 'd', '0.00'),
(404, 1, 'l', '0.00'),
(404, 1, 'w', '0.00'),
(404, 1, 'p', '0.00'),
(405, 1, 'd', '0.00'),
(405, 1, 'l', '0.00'),
(405, 1, 'w', '0.00'),
(405, 1, 'p', '0.00'),
(406, 1, 'd', '0.00'),
(406, 1, 'l', '0.00'),
(406, 1, 'w', '0.00'),
(406, 1, 'p', '0.00'),
(407, 1, 'd', '0.00'),
(407, 1, 'l', '0.00'),
(407, 1, 'w', '0.00'),
(407, 1, 'p', '0.00'),
(408, 1, 'd', '0.00'),
(408, 1, 'l', '0.00'),
(408, 1, 'w', '0.00'),
(408, 1, 'p', '0.00'),
(409, 1, 'd', '0.00'),
(409, 1, 'l', '0.00'),
(409, 1, 'w', '0.00'),
(409, 1, 'p', '0.00'),
(410, 1, 'd', '0.00'),
(410, 1, 'l', '0.00'),
(410, 1, 'w', '0.00'),
(410, 1, 'p', '0.00'),
(411, 1, 'd', '0.00'),
(411, 1, 'l', '0.00'),
(411, 1, 'w', '0.00'),
(411, 1, 'p', '0.00'),
(412, 1, 'd', '0.00'),
(412, 1, 'l', '0.00'),
(412, 1, 'w', '0.00'),
(412, 1, 'p', '0.00'),
(413, 1, 'd', '0.00'),
(413, 1, 'l', '0.00'),
(413, 1, 'w', '0.00'),
(413, 1, 'p', '0.00'),
(414, 1, 'd', '0.00'),
(414, 1, 'l', '0.00'),
(414, 1, 'w', '0.00'),
(414, 1, 'p', '0.00'),
(415, 2, 'd', '0.00'),
(415, 2, 'l', '0.00'),
(415, 2, 'w', '0.00'),
(415, 2, 'p', '1.00'),
(415, 3, 'd', '0.00'),
(415, 3, 'l', '0.00'),
(415, 3, 'w', '0.00'),
(415, 3, 'p', '0.85'),
(415, 4, 'd', '0.00'),
(415, 4, 'l', '0.00'),
(415, 4, 'w', '0.00'),
(415, 4, 'p', '0.49'),
(415, 5, 'd', '0.00'),
(415, 5, 'l', '0.00'),
(415, 5, 'w', '0.00'),
(415, 5, 'p', '0.37'),
(416, 2, 'd', '0.00'),
(416, 2, 'l', '0.00'),
(416, 2, 'w', '0.00'),
(416, 2, 'p', '2.00'),
(416, 3, 'd', '0.00'),
(416, 3, 'l', '0.00'),
(416, 3, 'w', '0.00'),
(416, 3, 'p', '1.00'),
(416, 4, 'd', '0.00'),
(416, 4, 'l', '0.00'),
(416, 4, 'w', '0.00'),
(416, 4, 'p', '0.85'),
(416, 5, 'd', '0.00'),
(416, 5, 'l', '0.00'),
(416, 5, 'w', '0.00'),
(416, 5, 'p', '0.43'),
(417, 6, 'd', '0.00'),
(417, 6, 'l', '0.00'),
(417, 6, 'w', '0.00'),
(417, 6, 'p', '2.00'),
(417, 7, 'd', '0.00'),
(417, 7, 'l', '0.00'),
(417, 7, 'w', '0.00'),
(417, 7, 'p', '1.00'),
(418, 6, 'd', '0.00'),
(418, 6, 'l', '0.00'),
(418, 6, 'w', '0.00'),
(418, 6, 'p', '1.00'),
(418, 7, 'd', '0.00'),
(418, 7, 'l', '0.00'),
(418, 7, 'w', '0.00'),
(418, 7, 'p', '0.50'),
(419, 6, 'd', '0.00'),
(419, 6, 'l', '0.00'),
(419, 6, 'w', '0.00'),
(419, 6, 'p', '4.00'),
(419, 7, 'd', '0.00'),
(419, 7, 'l', '0.00'),
(419, 7, 'w', '0.00'),
(419, 7, 'p', '2.00'),
(420, 1, 'd', '0.00'),
(420, 1, 'l', '0.00'),
(420, 1, 'w', '0.00'),
(420, 1, 'p', '0.00'),
(421, 1, 'd', '0.00'),
(421, 1, 'l', '0.00'),
(421, 1, 'w', '0.00'),
(421, 1, 'p', '0.00'),
(422, 2, 'd', '0.00'),
(422, 2, 'l', '0.00'),
(422, 2, 'w', '0.00'),
(422, 2, 'p', '5.00'),
(422, 3, 'd', '0.00'),
(422, 3, 'l', '0.00'),
(422, 3, 'w', '0.00'),
(422, 3, 'p', '2.50'),
(423, 1, 'd', '0.00'),
(423, 1, 'l', '0.00'),
(423, 1, 'w', '0.00'),
(423, 1, 'p', '0.00'),
(424, 8, 'd', '0.00'),
(424, 8, 'l', '0.00'),
(424, 8, 'w', '0.00'),
(424, 8, 'p', '2.50'),
(424, 9, 'd', '0.00'),
(424, 9, 'l', '0.00'),
(424, 9, 'w', '0.00'),
(424, 9, 'p', '2.00'),
(425, 2, 'd', '0.00'),
(425, 2, 'l', '0.00'),
(425, 2, 'w', '0.00'),
(425, 2, 'p', '1.00'),
(425, 3, 'd', '0.00'),
(425, 3, 'l', '0.00'),
(425, 3, 'w', '0.00'),
(425, 3, 'p', '0.50'),
(425, 4, 'd', '0.00'),
(425, 4, 'l', '0.00'),
(425, 4, 'w', '0.00'),
(425, 4, 'p', '0.50'),
(426, 2, 'd', '0.00'),
(426, 2, 'l', '0.00'),
(426, 2, 'w', '0.00'),
(426, 2, 'p', '1.00'),
(426, 3, 'd', '0.00'),
(426, 3, 'l', '0.00'),
(426, 3, 'w', '0.00'),
(426, 3, 'p', '0.60'),
(426, 4, 'd', '0.00'),
(426, 4, 'l', '0.00'),
(426, 4, 'w', '0.00'),
(426, 4, 'p', '0.30'),
(427, 2, 'd', '0.00'),
(427, 2, 'l', '0.00'),
(427, 2, 'w', '0.00'),
(427, 2, 'p', '5.00'),
(428, 8, 'd', '0.00'),
(428, 8, 'l', '0.00'),
(428, 8, 'w', '0.00'),
(428, 8, 'p', '1.00'),
(428, 9, 'd', '0.00'),
(428, 9, 'l', '0.00'),
(428, 9, 'w', '0.00'),
(428, 9, 'p', '0.50'),
(477, 2, 'd', '0.00'),
(477, 2, 'l', '0.00'),
(477, 2, 'w', '0.00'),
(477, 2, 'p', '1.00'),
(477, 3, 'd', '0.00'),
(477, 3, 'l', '0.00'),
(477, 3, 'w', '0.00'),
(477, 3, 'p', '0.85'),
(477, 4, 'd', '0.00'),
(477, 4, 'l', '0.00'),
(477, 4, 'w', '0.00'),
(477, 4, 'p', '0.49'),
(477, 5, 'd', '0.00'),
(477, 5, 'l', '0.00'),
(477, 5, 'w', '0.00'),
(477, 5, 'p', '0.37'),
(478, 2, 'd', '0.00'),
(478, 2, 'l', '0.00'),
(478, 2, 'w', '0.00'),
(478, 2, 'p', '2.00'),
(478, 3, 'd', '0.00'),
(478, 3, 'l', '0.00'),
(478, 3, 'w', '0.00'),
(478, 3, 'p', '1.00'),
(478, 4, 'd', '0.00'),
(478, 4, 'l', '0.00'),
(478, 4, 'w', '0.00'),
(478, 4, 'p', '0.85'),
(478, 5, 'd', '0.00'),
(478, 5, 'l', '0.00'),
(478, 5, 'w', '0.00'),
(478, 5, 'p', '0.43'),
(479, 6, 'd', '0.00'),
(479, 6, 'l', '0.00'),
(479, 6, 'w', '0.00'),
(479, 6, 'p', '2.00'),
(479, 7, 'd', '0.00'),
(479, 7, 'l', '0.00'),
(479, 7, 'w', '0.00'),
(479, 7, 'p', '1.00'),
(480, 6, 'd', '0.00'),
(480, 6, 'l', '0.00'),
(480, 6, 'w', '0.00'),
(480, 6, 'p', '1.00'),
(480, 7, 'd', '0.00'),
(480, 7, 'l', '0.00'),
(480, 7, 'w', '0.00'),
(480, 7, 'p', '0.50'),
(481, 6, 'd', '0.00'),
(481, 6, 'l', '0.00'),
(481, 6, 'w', '0.00'),
(481, 6, 'p', '4.00'),
(481, 7, 'd', '0.00'),
(481, 7, 'l', '0.00'),
(481, 7, 'w', '0.00'),
(481, 7, 'p', '2.00'),
(482, 1, 'd', '0.00'),
(482, 1, 'l', '0.00'),
(482, 1, 'w', '0.00'),
(482, 1, 'p', '0.00'),
(483, 1, 'd', '0.00'),
(483, 1, 'l', '0.00'),
(483, 1, 'w', '0.00'),
(483, 1, 'p', '0.00'),
(484, 2, 'd', '0.00'),
(484, 2, 'l', '0.00'),
(484, 2, 'w', '0.00'),
(484, 2, 'p', '5.00'),
(484, 3, 'd', '0.00'),
(484, 3, 'l', '0.00'),
(484, 3, 'w', '0.00'),
(484, 3, 'p', '2.50'),
(485, 1, 'd', '0.00'),
(485, 1, 'l', '0.00'),
(485, 1, 'w', '0.00'),
(485, 1, 'p', '0.00'),
(486, 8, 'd', '0.00'),
(486, 8, 'l', '0.00'),
(486, 8, 'w', '0.00'),
(486, 8, 'p', '2.50'),
(486, 9, 'd', '0.00'),
(486, 9, 'l', '0.00'),
(486, 9, 'w', '0.00'),
(486, 9, 'p', '2.00'),
(487, 2, 'd', '0.00'),
(487, 2, 'l', '0.00'),
(487, 2, 'w', '0.00'),
(487, 2, 'p', '1.00'),
(487, 3, 'd', '0.00'),
(487, 3, 'l', '0.00'),
(487, 3, 'w', '0.00'),
(487, 3, 'p', '0.50'),
(487, 4, 'd', '0.00'),
(487, 4, 'l', '0.00'),
(487, 4, 'w', '0.00'),
(487, 4, 'p', '0.50'),
(488, 2, 'd', '0.00'),
(488, 2, 'l', '0.00'),
(488, 2, 'w', '0.00'),
(488, 2, 'p', '1.00'),
(488, 3, 'd', '0.00'),
(488, 3, 'l', '0.00'),
(488, 3, 'w', '0.00'),
(488, 3, 'p', '0.60'),
(488, 4, 'd', '0.00'),
(488, 4, 'l', '0.00'),
(488, 4, 'w', '0.00'),
(488, 4, 'p', '0.30'),
(489, 2, 'd', '0.00'),
(489, 2, 'l', '0.00'),
(489, 2, 'w', '0.00'),
(489, 2, 'p', '5.00'),
(490, 8, 'd', '0.00'),
(490, 8, 'l', '0.00'),
(490, 8, 'w', '0.00'),
(490, 8, 'p', '1.00'),
(490, 9, 'd', '0.00'),
(490, 9, 'l', '0.00'),
(490, 9, 'w', '0.00'),
(490, 9, 'p', '0.50'),
(491, 10, 'd', '0.00'),
(491, 10, 'l', '0.00'),
(491, 10, 'w', '0.00'),
(491, 10, 'p', '0.00'),
(492, 10, 'd', '0.00'),
(492, 10, 'l', '0.00'),
(492, 10, 'w', '0.00'),
(492, 10, 'p', '0.00'),
(493, 10, 'd', '0.00'),
(493, 10, 'l', '0.00'),
(493, 10, 'w', '0.00'),
(493, 10, 'p', '0.00'),
(494, 1, 'd', '0.00'),
(494, 1, 'l', '0.00'),
(494, 1, 'w', '0.00'),
(494, 1, 'p', '0.00'),
(495, 11, 'd', '0.00'),
(495, 11, 'l', '0.00'),
(495, 11, 'w', '0.00'),
(495, 11, 'p', '0.00'),
(496, 11, 'd', '0.00'),
(496, 11, 'l', '0.00'),
(496, 11, 'w', '0.00'),
(496, 11, 'p', '0.00'),
(497, 11, 'd', '0.00'),
(497, 11, 'l', '0.00'),
(497, 11, 'w', '0.00'),
(497, 11, 'p', '0.00'),
(498, 1, 'd', '0.00'),
(498, 1, 'l', '0.00'),
(498, 1, 'w', '0.00'),
(498, 1, 'p', '0.00'),
(499, 12, 'd', '0.00'),
(499, 12, 'l', '0.00'),
(499, 12, 'w', '0.00'),
(499, 12, 'p', '0.00'),
(500, 12, 'd', '0.00'),
(500, 12, 'l', '0.00'),
(500, 12, 'w', '0.00'),
(500, 12, 'p', '0.00'),
(501, 12, 'd', '0.00'),
(501, 12, 'l', '0.00'),
(501, 12, 'w', '0.00'),
(501, 12, 'p', '0.00'),
(502, 1, 'd', '0.00'),
(502, 1, 'l', '0.00'),
(502, 1, 'w', '0.00'),
(502, 1, 'p', '0.00'),
(503, 12, 'd', '0.00'),
(503, 12, 'l', '0.00'),
(503, 12, 'w', '0.00'),
(503, 12, 'p', '0.00'),
(503, 13, 'd', '0.00'),
(503, 13, 'l', '0.00'),
(503, 13, 'w', '0.00'),
(503, 13, 'p', '0.00'),
(504, 12, 'd', '0.00'),
(504, 12, 'l', '0.00'),
(504, 12, 'w', '0.00'),
(504, 12, 'p', '0.00'),
(504, 13, 'd', '0.00'),
(504, 13, 'l', '0.00');
INSERT INTO `price_tier_whitebases` (`price_tier_value_id`, `tier_range_id`, `white_base_type`, `price`) VALUES
(504, 13, 'w', '0.00'),
(504, 13, 'p', '0.00'),
(505, 12, 'd', '0.00'),
(505, 12, 'l', '0.00'),
(505, 12, 'w', '0.00'),
(505, 12, 'p', '0.00'),
(505, 13, 'd', '0.00'),
(505, 13, 'l', '0.00'),
(505, 13, 'w', '0.00'),
(505, 13, 'p', '0.00'),
(506, 1, 'd', '0.00'),
(506, 1, 'l', '0.00'),
(506, 1, 'w', '0.00'),
(506, 1, 'p', '0.00'),
(507, NULL, 'd', '0.00'),
(507, NULL, 'l', '0.00'),
(507, NULL, 'w', '0.00'),
(507, NULL, 'p', '0.00'),
(508, NULL, 'd', '0.00'),
(508, NULL, 'l', '0.00'),
(508, NULL, 'w', '0.00'),
(508, NULL, 'p', '0.00'),
(509, NULL, 'd', '0.00'),
(509, NULL, 'l', '0.00'),
(509, NULL, 'w', '0.00'),
(509, NULL, 'p', '0.00'),
(510, 1, 'd', '0.00'),
(510, 1, 'l', '0.00'),
(510, 1, 'w', '0.00'),
(510, 1, 'p', '0.00'),
(511, NULL, 'd', '0.00'),
(511, NULL, 'l', '0.00'),
(511, NULL, 'w', '0.00'),
(511, NULL, 'p', '0.00'),
(512, NULL, 'd', '0.00'),
(512, NULL, 'l', '0.00'),
(512, NULL, 'w', '0.00'),
(512, NULL, 'p', '0.00'),
(513, NULL, 'd', '0.00'),
(513, NULL, 'l', '0.00'),
(513, NULL, 'w', '0.00'),
(513, NULL, 'p', '0.00'),
(514, 1, 'd', '0.00'),
(514, 1, 'l', '0.00'),
(514, 1, 'w', '0.00'),
(514, 1, 'p', '0.00'),
(515, 14, 'd', '0.00'),
(515, 14, 'l', '0.00'),
(515, 14, 'w', '0.00'),
(515, 14, 'p', '0.00'),
(516, 14, 'd', '0.00'),
(516, 14, 'l', '0.00'),
(516, 14, 'w', '0.00'),
(516, 14, 'p', '0.00'),
(517, 14, 'd', '0.00'),
(517, 14, 'l', '0.00'),
(517, 14, 'w', '0.00'),
(517, 14, 'p', '0.00'),
(518, 1, 'd', '0.00'),
(518, 1, 'l', '0.00'),
(518, 1, 'w', '0.00'),
(518, 1, 'p', '0.00'),
(519, 15, 'd', '0.00'),
(519, 15, 'l', '0.00'),
(519, 15, 'w', '0.00'),
(519, 15, 'p', '0.00'),
(520, 15, 'd', '0.00'),
(520, 15, 'l', '0.00'),
(520, 15, 'w', '0.00'),
(520, 15, 'p', '0.00'),
(521, 15, 'd', '0.00'),
(521, 15, 'l', '0.00'),
(521, 15, 'w', '0.00'),
(521, 15, 'p', '0.00'),
(522, 1, 'd', '0.00'),
(522, 1, 'l', '0.00'),
(522, 1, 'w', '0.00'),
(522, 1, 'p', '0.00'),
(523, 15, 'd', '0.00'),
(523, 15, 'l', '0.00'),
(523, 15, 'w', '0.00'),
(523, 15, 'p', '0.00'),
(524, 15, 'd', '0.00'),
(524, 15, 'l', '0.00'),
(524, 15, 'w', '0.00'),
(524, 15, 'p', '0.00'),
(525, 15, 'd', '0.00'),
(525, 15, 'l', '0.00'),
(525, 15, 'w', '0.00'),
(525, 15, 'p', '0.00'),
(526, 1, 'd', '0.00'),
(526, 1, 'l', '0.00'),
(526, 1, 'w', '0.00'),
(526, 1, 'p', '0.00'),
(527, 10, 'd', '0.00'),
(527, 10, 'l', '0.00'),
(527, 10, 'w', '0.00'),
(527, 10, 'p', '0.00'),
(528, 10, 'd', '0.00'),
(528, 10, 'l', '0.00'),
(528, 10, 'w', '0.00'),
(528, 10, 'p', '0.00'),
(529, 10, 'd', '0.00'),
(529, 10, 'l', '0.00'),
(529, 10, 'w', '0.00'),
(529, 10, 'p', '0.00'),
(530, 1, 'd', '0.00'),
(530, 1, 'l', '0.00'),
(530, 1, 'w', '0.00'),
(530, 1, 'p', '0.00'),
(531, 16, 'd', '0.00'),
(531, 16, 'l', '0.00'),
(531, 16, 'w', '0.00'),
(531, 16, 'p', '0.00'),
(532, 16, 'd', '0.00'),
(532, 16, 'l', '0.00'),
(532, 16, 'w', '0.00'),
(532, 16, 'p', '0.00'),
(533, 16, 'd', '0.00'),
(533, 16, 'l', '0.00'),
(533, 16, 'w', '0.00'),
(533, 16, 'p', '0.00'),
(534, 1, 'd', '0.00'),
(534, 1, 'l', '0.00'),
(534, 1, 'w', '0.00'),
(534, 1, 'p', '0.00'),
(535, 10, 'd', '0.00'),
(535, 10, 'l', '0.00'),
(535, 10, 'w', '0.00'),
(535, 10, 'p', '0.00'),
(536, 1, 'd', '0.00'),
(536, 1, 'l', '0.00'),
(536, 1, 'w', '0.00'),
(536, 1, 'p', '0.00'),
(537, 1, 'd', '0.00'),
(537, 1, 'l', '0.00'),
(537, 1, 'w', '0.00'),
(537, 1, 'p', '0.00'),
(538, 1, 'd', '0.00'),
(538, 1, 'l', '0.00'),
(538, 1, 'w', '0.00'),
(538, 1, 'p', '0.00'),
(539, 1, 'd', '0.00'),
(539, 1, 'l', '0.00'),
(539, 1, 'w', '0.00'),
(539, 1, 'p', '0.00'),
(540, 1, 'd', '0.00'),
(540, 1, 'l', '0.00'),
(540, 1, 'w', '0.00'),
(540, 1, 'p', '0.00'),
(541, 1, 'd', '0.00'),
(541, 1, 'l', '0.00'),
(541, 1, 'w', '0.00'),
(541, 1, 'p', '3.00'),
(542, 1, 'd', '0.00'),
(542, 1, 'l', '0.00'),
(542, 1, 'w', '0.00'),
(542, 1, 'p', '2.00'),
(544, 1, 'd', '0.00'),
(544, 1, 'l', '0.00'),
(544, 1, 'w', '0.00'),
(544, 1, 'p', '3.00'),
(545, 1, 'd', '0.00'),
(545, 1, 'l', '0.00'),
(545, 1, 'w', '0.00'),
(545, 1, 'p', '2.00'),
(546, 16, 'd', '0.00'),
(546, 16, 'l', '0.00'),
(546, 16, 'w', '0.00'),
(546, 16, 'p', '0.00'),
(547, 16, 'd', '0.00'),
(547, 16, 'l', '0.00'),
(547, 16, 'w', '0.00'),
(547, 16, 'p', '0.00'),
(548, 16, 'd', '0.00'),
(548, 16, 'l', '0.00'),
(548, 16, 'w', '0.00'),
(548, 16, 'p', '0.00'),
(549, 1, 'd', '0.00'),
(549, 1, 'l', '0.00'),
(549, 1, 'w', '0.00'),
(549, 1, 'p', '0.00'),
(550, 16, 'd', '0.00'),
(550, 16, 'l', '0.00'),
(550, 16, 'w', '0.00'),
(550, 16, 'p', '0.00'),
(551, 16, 'd', '0.00'),
(551, 16, 'l', '0.00'),
(551, 16, 'w', '0.00'),
(551, 16, 'p', '0.00'),
(552, 16, 'd', '0.00'),
(552, 16, 'l', '0.00'),
(552, 16, 'w', '0.00'),
(552, 16, 'p', '0.00'),
(553, 1, 'd', '0.00'),
(553, 1, 'l', '0.00'),
(553, 1, 'w', '0.00'),
(553, 1, 'p', '432.00'),
(553, 17, 'd', '0.00'),
(553, 17, 'l', '0.00'),
(553, 17, 'w', '0.00'),
(553, 17, 'p', '432.00'),
(553, 18, 'd', '0.00'),
(553, 18, 'l', '0.00'),
(553, 18, 'w', '0.00'),
(553, 18, 'p', '432.00'),
(553, 19, 'd', '0.00'),
(553, 19, 'l', '0.00'),
(553, 19, 'w', '0.00'),
(553, 19, 'p', '432.00'),
(553, 20, 'd', '0.00'),
(553, 20, 'l', '0.00'),
(553, 20, 'w', '0.00'),
(553, 20, 'p', '432.00'),
(553, 21, 'd', '0.00'),
(553, 21, 'l', '0.00'),
(553, 21, 'w', '0.00'),
(553, 21, 'p', '432.00'),
(553, 22, 'd', '0.00'),
(553, 22, 'l', '0.00'),
(553, 22, 'w', '0.00'),
(553, 22, 'p', '432.00'),
(553, 23, 'd', '0.00'),
(553, 23, 'l', '0.00'),
(553, 23, 'w', '0.00'),
(553, 23, 'p', '432.00'),
(554, 1, 'd', '0.00'),
(554, 1, 'l', '0.00'),
(554, 1, 'w', '0.00'),
(554, 1, 'p', '24.00'),
(554, 17, 'd', '0.00'),
(554, 17, 'l', '0.00'),
(554, 17, 'w', '0.00'),
(554, 17, 'p', '24.00'),
(554, 18, 'd', '0.00'),
(554, 18, 'l', '0.00'),
(554, 18, 'w', '0.00'),
(554, 18, 'p', '24.00'),
(554, 19, 'd', '0.00'),
(554, 19, 'l', '0.00'),
(554, 19, 'w', '0.00'),
(554, 19, 'p', '24.00'),
(554, 20, 'd', '0.00'),
(554, 20, 'l', '0.00'),
(554, 20, 'w', '0.00'),
(554, 20, 'p', '24.00'),
(554, 21, 'd', '0.00'),
(554, 21, 'l', '0.00'),
(554, 21, 'w', '0.00'),
(554, 21, 'p', '24.00'),
(554, 22, 'd', '0.00'),
(554, 22, 'l', '0.00'),
(554, 22, 'w', '0.00'),
(554, 22, 'p', '24.00'),
(554, 23, 'd', '0.00'),
(554, 23, 'l', '0.00'),
(554, 23, 'w', '0.00'),
(554, 23, 'p', '24.00'),
(555, 1, 'd', '0.00'),
(555, 1, 'l', '0.00'),
(555, 1, 'w', '0.00'),
(555, 1, 'p', '4.00'),
(555, 17, 'd', '0.00'),
(555, 17, 'l', '0.00'),
(555, 17, 'w', '0.00'),
(555, 17, 'p', '4.00'),
(555, 18, 'd', '0.00'),
(555, 18, 'l', '0.00'),
(555, 18, 'w', '0.00'),
(555, 18, 'p', '4.00'),
(555, 19, 'd', '0.00'),
(555, 19, 'l', '0.00'),
(555, 19, 'w', '0.00'),
(555, 19, 'p', '4.00'),
(555, 20, 'd', '0.00'),
(555, 20, 'l', '0.00'),
(555, 20, 'w', '0.00'),
(555, 20, 'p', '4.00'),
(555, 21, 'd', '0.00'),
(555, 21, 'l', '0.00'),
(555, 21, 'w', '0.00'),
(555, 21, 'p', '4.00'),
(555, 22, 'd', '0.00'),
(555, 22, 'l', '0.00'),
(555, 22, 'w', '0.00'),
(555, 22, 'p', '4.00'),
(555, 23, 'd', '0.00'),
(555, 23, 'l', '0.00'),
(555, 23, 'w', '0.00'),
(555, 23, 'p', '4.00'),
(556, 1, 'd', '0.00'),
(556, 1, 'l', '0.00'),
(556, 1, 'w', '0.00'),
(556, 1, 'p', '234.00'),
(556, 17, 'd', '0.00'),
(556, 17, 'l', '0.00'),
(556, 17, 'w', '0.00'),
(556, 17, 'p', '234.00'),
(556, 18, 'd', '0.00'),
(556, 18, 'l', '0.00'),
(556, 18, 'w', '0.00'),
(556, 18, 'p', '234.00'),
(556, 19, 'd', '0.00'),
(556, 19, 'l', '0.00'),
(556, 19, 'w', '0.00'),
(556, 19, 'p', '234.00'),
(556, 20, 'd', '0.00'),
(556, 20, 'l', '0.00'),
(556, 20, 'w', '0.00'),
(556, 20, 'p', '234.00'),
(556, 21, 'd', '0.00'),
(556, 21, 'l', '0.00'),
(556, 21, 'w', '0.00'),
(556, 21, 'p', '234.00'),
(556, 22, 'd', '0.00'),
(556, 22, 'l', '0.00'),
(556, 22, 'w', '0.00'),
(556, 22, 'p', '234.00'),
(556, 23, 'd', '0.00'),
(556, 23, 'l', '0.00'),
(556, 23, 'w', '0.00'),
(556, 23, 'p', '234.00'),
(557, 1, 'd', '0.00'),
(557, 1, 'l', '0.00'),
(557, 1, 'w', '0.00'),
(557, 1, 'p', '54.00'),
(557, 17, 'd', '0.00'),
(557, 17, 'l', '0.00'),
(557, 17, 'w', '0.00'),
(557, 17, 'p', '54.00'),
(557, 18, 'd', '0.00'),
(557, 18, 'l', '0.00'),
(557, 18, 'w', '0.00'),
(557, 18, 'p', '54.00'),
(557, 19, 'd', '0.00'),
(557, 19, 'l', '0.00'),
(557, 19, 'w', '0.00'),
(557, 19, 'p', '54.00'),
(557, 20, 'd', '0.00'),
(557, 20, 'l', '0.00'),
(557, 20, 'w', '0.00'),
(557, 20, 'p', '54.00'),
(557, 21, 'd', '0.00'),
(557, 21, 'l', '0.00'),
(557, 21, 'w', '0.00'),
(557, 21, 'p', '54.00'),
(557, 22, 'd', '0.00'),
(557, 22, 'l', '0.00'),
(557, 22, 'w', '0.00'),
(557, 22, 'p', '54.00'),
(557, 23, 'd', '0.00'),
(557, 23, 'l', '0.00'),
(557, 23, 'w', '0.00'),
(557, 23, 'p', '54.00'),
(558, 1, 'd', '0.00'),
(558, 1, 'l', '0.00'),
(558, 1, 'w', '0.00'),
(558, 1, 'p', '234.00'),
(558, 17, 'd', '0.00'),
(558, 17, 'l', '0.00'),
(558, 17, 'w', '0.00'),
(558, 17, 'p', '234.00'),
(558, 18, 'd', '0.00'),
(558, 18, 'l', '0.00'),
(558, 18, 'w', '0.00'),
(558, 18, 'p', '234.00'),
(558, 19, 'd', '0.00'),
(558, 19, 'l', '0.00'),
(558, 19, 'w', '0.00'),
(558, 19, 'p', '234.00'),
(558, 20, 'd', '0.00'),
(558, 20, 'l', '0.00'),
(558, 20, 'w', '0.00'),
(558, 20, 'p', '234.00'),
(558, 21, 'd', '0.00'),
(558, 21, 'l', '0.00'),
(558, 21, 'w', '0.00'),
(558, 21, 'p', '234.00'),
(558, 22, 'd', '0.00'),
(558, 22, 'l', '0.00'),
(558, 22, 'w', '0.00'),
(558, 22, 'p', '234.00'),
(558, 23, 'd', '0.00'),
(558, 23, 'l', '0.00'),
(558, 23, 'w', '0.00'),
(558, 23, 'p', '234.00'),
(559, 1, 'd', '5.00'),
(559, 1, 'l', '4.00'),
(559, 1, 'w', '0.00'),
(559, 1, 'p', '0.00'),
(560, 24, 'd', '5.00'),
(560, 24, 'l', '4.00'),
(560, 24, 'w', '0.00'),
(560, 24, 'p', '0.00'),
(560, 4, 'd', '5.00'),
(560, 4, 'l', '4.00'),
(560, 4, 'w', '0.00'),
(560, 4, 'p', '0.00'),
(560, 5, 'd', '5.00'),
(560, 5, 'l', '4.00'),
(560, 5, 'w', '0.00'),
(560, 5, 'p', '0.00'),
(560, 25, 'd', '5.00'),
(560, 25, 'l', '4.00'),
(560, 25, 'w', '0.00'),
(560, 25, 'p', '0.00'),
(560, 26, 'd', '5.00'),
(560, 26, 'l', '4.00'),
(560, 26, 'w', '0.00'),
(560, 26, 'p', '0.00'),
(560, 27, 'd', '5.00'),
(560, 27, 'l', '4.00'),
(560, 27, 'w', '0.00'),
(560, 27, 'p', '0.00'),
(560, 28, 'd', '5.00'),
(560, 28, 'l', '4.00'),
(560, 28, 'w', '0.00'),
(560, 28, 'p', '0.00'),
(561, 24, 'd', '5.00'),
(561, 24, 'l', '4.00'),
(561, 24, 'w', '0.00'),
(561, 24, 'p', '0.00'),
(561, 4, 'd', '5.00'),
(561, 4, 'l', '4.00'),
(561, 4, 'w', '0.00'),
(561, 4, 'p', '0.00'),
(561, 5, 'd', '5.00'),
(561, 5, 'l', '4.00'),
(561, 5, 'w', '0.00'),
(561, 5, 'p', '0.00'),
(561, 25, 'd', '5.00'),
(561, 25, 'l', '4.00'),
(561, 25, 'w', '0.00'),
(561, 25, 'p', '0.00'),
(561, 26, 'd', '5.00'),
(561, 26, 'l', '4.00'),
(561, 26, 'w', '0.00'),
(561, 26, 'p', '0.00'),
(561, 27, 'd', '5.00'),
(561, 27, 'l', '4.00'),
(561, 27, 'w', '0.00'),
(561, 27, 'p', '0.00'),
(561, 28, 'd', '5.00'),
(561, 28, 'l', '4.00'),
(561, 28, 'w', '0.00'),
(561, 28, 'p', '0.00'),
(562, 24, 'd', '5.00'),
(562, 24, 'l', '4.00'),
(562, 24, 'w', '0.00'),
(562, 24, 'p', '0.00'),
(562, 4, 'd', '5.00'),
(562, 4, 'l', '4.00'),
(562, 4, 'w', '0.00'),
(562, 4, 'p', '0.00'),
(562, 5, 'd', '5.00'),
(562, 5, 'l', '4.00'),
(562, 5, 'w', '0.00'),
(562, 5, 'p', '0.00'),
(562, 25, 'd', '5.00'),
(562, 25, 'l', '4.00'),
(562, 25, 'w', '0.00'),
(562, 25, 'p', '0.00'),
(562, 26, 'd', '5.00'),
(562, 26, 'l', '4.00'),
(562, 26, 'w', '0.00'),
(562, 26, 'p', '0.00'),
(562, 27, 'd', '5.00'),
(562, 27, 'l', '4.00'),
(562, 27, 'w', '0.00'),
(562, 27, 'p', '0.00'),
(562, 28, 'd', '5.00'),
(562, 28, 'l', '4.00'),
(562, 28, 'w', '0.00'),
(562, 28, 'p', '0.00'),
(563, 24, 'd', '20.00'),
(563, 24, 'l', '10.00'),
(563, 24, 'w', '0.00'),
(563, 24, 'p', '0.00'),
(563, 4, 'd', '40.00'),
(563, 4, 'l', '30.00'),
(563, 4, 'w', '0.00'),
(563, 4, 'p', '0.00'),
(563, 5, 'd', '60.00'),
(563, 5, 'l', '50.00'),
(563, 5, 'w', '0.00'),
(563, 5, 'p', '0.00'),
(563, 25, 'd', '80.00'),
(563, 25, 'l', '70.00'),
(563, 25, 'w', '0.00'),
(563, 25, 'p', '0.00'),
(563, 26, 'd', '100.00'),
(563, 26, 'l', '90.00'),
(563, 26, 'w', '0.00'),
(563, 26, 'p', '0.00'),
(563, 27, 'd', '5.00'),
(563, 27, 'l', '0.00'),
(563, 27, 'w', '0.00'),
(563, 27, 'p', '0.00'),
(563, 28, 'd', '5.00'),
(563, 28, 'l', '4.00'),
(563, 28, 'w', '0.00'),
(563, 28, 'p', '0.00'),
(565, 1, 'd', '0.00'),
(565, 1, 'l', '0.00'),
(565, 1, 'w', '0.00'),
(565, 1, 'p', '0.00'),
(566, 1, 'd', '0.00'),
(566, 1, 'l', '0.00'),
(566, 1, 'w', '0.00'),
(566, 1, 'p', '0.00'),
(567, 1, 'd', '0.00'),
(567, 1, 'l', '0.00'),
(567, 1, 'w', '0.00'),
(567, 1, 'p', '0.00'),
(568, 1, 'd', '0.00'),
(568, 1, 'l', '0.00'),
(568, 1, 'w', '0.00'),
(568, 1, 'p', '0.00'),
(569, 1, 'd', '0.00'),
(569, 1, 'l', '0.00'),
(569, 1, 'w', '0.00'),
(569, 1, 'p', '0.00'),
(570, 1, 'd', '0.00'),
(570, 1, 'l', '0.00'),
(570, 1, 'w', '0.00'),
(570, 1, 'p', '0.00'),
(571, 1, 'd', '0.00'),
(571, 1, 'l', '0.00'),
(571, 1, 'w', '0.00'),
(571, 1, 'p', '0.00'),
(572, 1, 'd', '0.00'),
(572, 1, 'l', '0.00'),
(572, 1, 'w', '0.00'),
(572, 1, 'p', '0.00'),
(573, 1, 'd', '0.00'),
(573, 1, 'l', '0.00'),
(573, 1, 'w', '0.00'),
(573, 1, 'p', '0.00'),
(574, 1, 'd', '0.00'),
(574, 1, 'l', '0.00'),
(574, 1, 'w', '0.00'),
(574, 1, 'p', '0.00'),
(575, 1, 'd', '0.00'),
(575, 1, 'l', '0.00'),
(575, 1, 'w', '0.00'),
(575, 1, 'p', '0.00'),
(576, 1, 'd', '0.00'),
(576, 1, 'l', '0.00'),
(576, 1, 'w', '0.00'),
(576, 1, 'p', '0.00'),
(577, 1, 'd', '0.00'),
(577, 1, 'l', '0.00'),
(577, 1, 'w', '0.00'),
(577, 1, 'p', '0.00'),
(578, 1, 'd', '0.00'),
(578, 1, 'l', '0.00'),
(578, 1, 'w', '0.00'),
(578, 1, 'p', '0.00'),
(579, 1, 'd', '0.00'),
(579, 1, 'l', '0.00'),
(579, 1, 'w', '0.00'),
(579, 1, 'p', '0.00'),
(580, 1, 'd', '0.00'),
(580, 1, 'l', '0.00'),
(580, 1, 'w', '0.00'),
(580, 1, 'p', '0.00'),
(581, 1, 'd', '0.00'),
(581, 1, 'l', '0.00'),
(581, 1, 'w', '0.00'),
(581, 1, 'p', '0.00'),
(582, 1, 'd', '0.00'),
(582, 1, 'l', '0.00'),
(582, 1, 'w', '0.00'),
(582, 1, 'p', '0.00'),
(583, 1, 'd', '0.00'),
(583, 1, 'l', '0.00'),
(583, 1, 'w', '0.00'),
(583, 1, 'p', '0.00'),
(584, 1, 'd', '0.00'),
(584, 1, 'l', '0.00'),
(584, 1, 'w', '0.00'),
(584, 1, 'p', '0.00'),
(585, 1, 'd', '0.00'),
(585, 1, 'l', '0.00'),
(585, 1, 'w', '0.00'),
(585, 1, 'p', '0.00'),
(586, 1, 'd', '0.00'),
(586, 1, 'l', '0.00'),
(586, 1, 'w', '0.00'),
(586, 1, 'p', '0.00'),
(587, 1, 'd', '0.00'),
(587, 1, 'l', '0.00'),
(587, 1, 'w', '0.00'),
(587, 1, 'p', '0.00'),
(588, 1, 'd', '0.00'),
(588, 1, 'l', '0.00'),
(588, 1, 'w', '0.00'),
(588, 1, 'p', '0.00'),
(589, 1, 'd', '0.00'),
(589, 1, 'l', '0.00'),
(589, 1, 'w', '0.00'),
(589, 1, 'p', '0.00'),
(590, 1, 'd', '0.00'),
(590, 1, 'l', '0.00'),
(590, 1, 'w', '0.00'),
(590, 1, 'p', '0.00'),
(591, 1, 'd', '0.00'),
(591, 1, 'l', '0.00'),
(591, 1, 'w', '0.00'),
(591, 1, 'p', '0.00'),
(592, 1, 'd', '0.00'),
(592, 1, 'l', '0.00'),
(592, 1, 'w', '0.00'),
(592, 1, 'p', '0.00'),
(593, 1, 'd', '0.00'),
(593, 1, 'l', '0.00'),
(593, 1, 'w', '0.00'),
(593, 1, 'p', '0.00'),
(594, 1, 'd', '0.00'),
(594, 1, 'l', '0.00'),
(594, 1, 'w', '0.00'),
(594, 1, 'p', '0.00'),
(595, 1, 'd', '0.00'),
(595, 1, 'l', '0.00'),
(595, 1, 'w', '0.00'),
(595, 1, 'p', '0.00'),
(596, 1, 'd', '0.00'),
(596, 1, 'l', '0.00'),
(596, 1, 'w', '0.00'),
(596, 1, 'p', '0.00'),
(597, 1, 'd', '0.00'),
(597, 1, 'l', '0.00'),
(597, 1, 'w', '0.00'),
(597, 1, 'p', '0.00'),
(598, 1, 'd', '0.00'),
(598, 1, 'l', '0.00'),
(598, 1, 'w', '0.00'),
(598, 1, 'p', '0.00'),
(599, 1, 'd', '0.00'),
(599, 1, 'l', '0.00'),
(599, 1, 'w', '0.00'),
(599, 1, 'p', '0.00'),
(600, 1, 'd', '0.00'),
(600, 1, 'l', '0.00'),
(600, 1, 'w', '0.00'),
(600, 1, 'p', '0.00'),
(601, 1, 'd', '0.00'),
(601, 1, 'l', '0.00'),
(601, 1, 'w', '0.00'),
(601, 1, 'p', '0.00'),
(602, 1, 'd', '0.00'),
(602, 1, 'l', '0.00'),
(602, 1, 'w', '0.00'),
(602, 1, 'p', '0.00'),
(603, 1, 'd', '0.00'),
(603, 1, 'l', '0.00'),
(603, 1, 'w', '0.00'),
(603, 1, 'p', '0.00'),
(604, 1, 'd', '0.00'),
(604, 1, 'l', '0.00'),
(604, 1, 'w', '0.00'),
(604, 1, 'p', '0.00'),
(605, 1, 'd', '0.00'),
(605, 1, 'l', '0.00'),
(605, 1, 'w', '0.00'),
(605, 1, 'p', '0.00'),
(606, 1, 'd', '0.00'),
(606, 1, 'l', '0.00'),
(606, 1, 'w', '0.00'),
(606, 1, 'p', '0.00'),
(607, 1, 'd', '0.00'),
(607, 1, 'l', '0.00'),
(607, 1, 'w', '0.00'),
(607, 1, 'p', '0.00'),
(608, 1, 'd', '0.00'),
(608, 1, 'l', '0.00'),
(608, 1, 'w', '0.00'),
(608, 1, 'p', '0.00'),
(609, 1, 'd', '0.00'),
(609, 1, 'l', '0.00'),
(609, 1, 'w', '0.00'),
(609, 1, 'p', '0.00'),
(610, 1, 'd', '0.00'),
(610, 1, 'l', '0.00'),
(610, 1, 'w', '0.00'),
(610, 1, 'p', '0.00'),
(611, 1, 'd', '0.00'),
(611, 1, 'l', '0.00'),
(611, 1, 'w', '0.00'),
(611, 1, 'p', '0.00'),
(612, 1, 'd', '0.00'),
(612, 1, 'l', '0.00'),
(612, 1, 'w', '0.00'),
(612, 1, 'p', '0.00'),
(613, 1, 'd', '0.00'),
(613, 1, 'l', '0.00'),
(613, 1, 'w', '0.00'),
(613, 1, 'p', '0.00'),
(614, 1, 'd', '0.00'),
(614, 1, 'l', '0.00'),
(614, 1, 'w', '0.00'),
(614, 1, 'p', '0.00'),
(615, 1, 'd', '0.00'),
(615, 1, 'l', '0.00'),
(615, 1, 'w', '0.00'),
(615, 1, 'p', '0.00'),
(616, 1, 'd', '0.00'),
(616, 1, 'l', '0.00'),
(616, 1, 'w', '0.00'),
(616, 1, 'p', '0.00'),
(617, 1, 'd', '0.00'),
(617, 1, 'l', '0.00'),
(617, 1, 'w', '0.00'),
(617, 1, 'p', '0.00'),
(618, 1, 'd', '0.00'),
(618, 1, 'l', '0.00'),
(618, 1, 'w', '0.00'),
(618, 1, 'p', '0.00'),
(619, 1, 'd', '0.00'),
(619, 1, 'l', '0.00'),
(619, 1, 'w', '0.00'),
(619, 1, 'p', '0.00'),
(620, 1, 'd', '0.00'),
(620, 1, 'l', '0.00'),
(620, 1, 'w', '0.00'),
(620, 1, 'p', '0.00'),
(621, 1, 'd', '0.00'),
(621, 1, 'l', '0.00'),
(621, 1, 'w', '0.00'),
(621, 1, 'p', '0.00'),
(622, 1, 'd', '0.00'),
(622, 1, 'l', '0.00'),
(622, 1, 'w', '0.00'),
(622, 1, 'p', '0.00'),
(623, 1, 'd', '0.00'),
(623, 1, 'l', '0.00'),
(623, 1, 'w', '0.00'),
(623, 1, 'p', '0.00'),
(729, 1, 'd', '0.00'),
(729, 1, 'l', '0.00'),
(729, 1, 'w', '0.00'),
(729, 1, 'p', '0.00'),
(730, 1, 'd', '0.00'),
(730, 1, 'l', '0.00'),
(730, 1, 'w', '0.00'),
(730, 1, 'p', '0.00'),
(731, 1, 'd', '0.00'),
(731, 1, 'l', '0.00'),
(731, 1, 'w', '0.00'),
(731, 1, 'p', '0.00'),
(732, 1, 'd', '0.00'),
(732, 1, 'l', '0.00'),
(732, 1, 'w', '0.00'),
(732, 1, 'p', '0.00'),
(733, 1, 'd', '0.00'),
(733, 1, 'l', '0.00'),
(733, 1, 'w', '0.00'),
(733, 1, 'p', '0.00'),
(734, 1, 'd', '0.00'),
(734, 1, 'l', '0.00'),
(734, 1, 'w', '0.00'),
(734, 1, 'p', '0.00'),
(735, 1, 'd', '0.00'),
(735, 1, 'l', '0.00'),
(735, 1, 'w', '0.00'),
(735, 1, 'p', '0.00'),
(736, 1, 'd', '0.00'),
(736, 1, 'l', '0.00'),
(736, 1, 'w', '0.00'),
(736, 1, 'p', '0.00'),
(737, 1, 'd', '0.00'),
(737, 1, 'l', '0.00'),
(737, 1, 'w', '0.00'),
(737, 1, 'p', '0.00'),
(738, 1, 'd', '0.00'),
(738, 1, 'l', '0.00'),
(738, 1, 'w', '0.00'),
(738, 1, 'p', '0.00'),
(739, 1, 'd', '0.00'),
(739, 1, 'l', '0.00'),
(739, 1, 'w', '0.00'),
(739, 1, 'p', '0.00'),
(740, 1, 'd', '0.00'),
(740, 1, 'l', '0.00'),
(740, 1, 'w', '0.00'),
(740, 1, 'p', '0.00'),
(741, 1, 'd', '0.00'),
(741, 1, 'l', '0.00'),
(741, 1, 'w', '0.00'),
(741, 1, 'p', '0.00'),
(742, 1, 'd', '0.00'),
(742, 1, 'l', '0.00'),
(742, 1, 'w', '0.00'),
(742, 1, 'p', '0.00'),
(743, 1, 'd', '0.00'),
(743, 1, 'l', '0.00'),
(743, 1, 'w', '0.00'),
(743, 1, 'p', '0.00'),
(744, 1, 'd', '0.00'),
(744, 1, 'l', '0.00'),
(744, 1, 'w', '0.00'),
(744, 1, 'p', '0.00'),
(745, 1, 'd', '0.00'),
(745, 1, 'l', '0.00'),
(745, 1, 'w', '0.00'),
(745, 1, 'p', '0.00'),
(746, 1, 'd', '0.00'),
(746, 1, 'l', '0.00'),
(746, 1, 'w', '0.00'),
(746, 1, 'p', '0.00'),
(747, 1, 'd', '0.00'),
(747, 1, 'l', '0.00'),
(747, 1, 'w', '0.00'),
(747, 1, 'p', '0.00'),
(748, 1, 'd', '0.00'),
(748, 1, 'l', '0.00'),
(748, 1, 'w', '0.00'),
(748, 1, 'p', '0.00'),
(749, 1, 'd', '0.00'),
(749, 1, 'l', '0.00'),
(749, 1, 'w', '0.00'),
(749, 1, 'p', '0.00'),
(750, 1, 'd', '0.00'),
(750, 1, 'l', '0.00'),
(750, 1, 'w', '0.00'),
(750, 1, 'p', '0.00'),
(751, 1, 'd', '0.00'),
(751, 1, 'l', '0.00'),
(751, 1, 'w', '0.00'),
(751, 1, 'p', '0.00'),
(752, 1, 'd', '0.00'),
(752, 1, 'l', '0.00'),
(752, 1, 'w', '0.00'),
(752, 1, 'p', '0.00'),
(753, 1, 'd', '0.00'),
(753, 1, 'l', '0.00'),
(753, 1, 'w', '0.00'),
(753, 1, 'p', '0.00'),
(754, 1, 'd', '0.00'),
(754, 1, 'l', '0.00'),
(754, 1, 'w', '0.00'),
(754, 1, 'p', '0.00'),
(755, 1, 'd', '0.00'),
(755, 1, 'l', '0.00'),
(755, 1, 'w', '0.00'),
(755, 1, 'p', '0.00'),
(756, 1, 'd', '0.00'),
(756, 1, 'l', '0.00'),
(756, 1, 'w', '0.00'),
(756, 1, 'p', '0.00'),
(757, 1, 'd', '0.00'),
(757, 1, 'l', '0.00'),
(757, 1, 'w', '0.00'),
(757, 1, 'p', '0.00'),
(758, 1, 'd', '0.00'),
(758, 1, 'l', '0.00'),
(758, 1, 'w', '0.00'),
(758, 1, 'p', '0.00'),
(759, 1, 'd', '0.00'),
(759, 1, 'l', '0.00'),
(759, 1, 'w', '0.00'),
(759, 1, 'p', '0.00'),
(760, 1, 'd', '0.00'),
(760, 1, 'l', '0.00'),
(760, 1, 'w', '0.00'),
(760, 1, 'p', '0.00'),
(761, 1, 'd', '0.00'),
(761, 1, 'l', '0.00'),
(761, 1, 'w', '0.00'),
(761, 1, 'p', '0.00'),
(762, 1, 'd', '0.00'),
(762, 1, 'l', '0.00'),
(762, 1, 'w', '0.00'),
(762, 1, 'p', '0.00'),
(763, 1, 'd', '0.00'),
(763, 1, 'l', '0.00'),
(763, 1, 'w', '0.00'),
(763, 1, 'p', '0.00'),
(764, 1, 'd', '0.00'),
(764, 1, 'l', '0.00'),
(764, 1, 'w', '0.00'),
(764, 1, 'p', '0.00'),
(765, 1, 'd', '0.00'),
(765, 1, 'l', '0.00'),
(765, 1, 'w', '0.00'),
(765, 1, 'p', '0.00'),
(766, 1, 'd', '0.00'),
(766, 1, 'l', '0.00'),
(766, 1, 'w', '0.00'),
(766, 1, 'p', '0.00'),
(767, 1, 'd', '0.00'),
(767, 1, 'l', '0.00'),
(767, 1, 'w', '0.00'),
(767, 1, 'p', '0.00'),
(768, 1, 'd', '0.00'),
(768, 1, 'l', '0.00'),
(768, 1, 'w', '0.00'),
(768, 1, 'p', '0.00'),
(769, 1, 'd', '0.00'),
(769, 1, 'l', '0.00'),
(769, 1, 'w', '0.00'),
(769, 1, 'p', '0.00'),
(770, 1, 'd', '0.00'),
(770, 1, 'l', '0.00'),
(770, 1, 'w', '0.00'),
(770, 1, 'p', '0.00'),
(771, 1, 'd', '0.00'),
(771, 1, 'l', '0.00'),
(771, 1, 'w', '0.00'),
(771, 1, 'p', '0.00'),
(772, 1, 'd', '0.00'),
(772, 1, 'l', '0.00'),
(772, 1, 'w', '0.00'),
(772, 1, 'p', '0.00'),
(773, 1, 'd', '0.00'),
(773, 1, 'l', '0.00'),
(773, 1, 'w', '0.00'),
(773, 1, 'p', '0.00'),
(774, 1, 'd', '0.00'),
(774, 1, 'l', '0.00'),
(774, 1, 'w', '0.00'),
(774, 1, 'p', '0.00'),
(775, 1, 'd', '0.00'),
(775, 1, 'l', '0.00'),
(775, 1, 'w', '0.00'),
(775, 1, 'p', '0.00'),
(776, 1, 'd', '0.00'),
(776, 1, 'l', '0.00'),
(776, 1, 'w', '0.00'),
(776, 1, 'p', '0.00'),
(777, 1, 'd', '0.00'),
(777, 1, 'l', '0.00'),
(777, 1, 'w', '0.00'),
(777, 1, 'p', '0.00'),
(778, 1, 'd', '0.00'),
(778, 1, 'l', '0.00'),
(778, 1, 'w', '0.00'),
(778, 1, 'p', '0.00'),
(779, 1, 'd', '0.00'),
(779, 1, 'l', '0.00'),
(779, 1, 'w', '0.00'),
(779, 1, 'p', '0.00'),
(780, 1, 'd', '0.00'),
(780, 1, 'l', '0.00'),
(780, 1, 'w', '0.00'),
(780, 1, 'p', '0.00'),
(781, 1, 'd', '0.00'),
(781, 1, 'l', '0.00'),
(781, 1, 'w', '0.00'),
(781, 1, 'p', '0.00'),
(782, 1, 'd', '0.00'),
(782, 1, 'l', '0.00'),
(782, 1, 'w', '0.00'),
(782, 1, 'p', '0.00'),
(783, 1, 'd', '0.00'),
(783, 1, 'l', '0.00'),
(783, 1, 'w', '0.00'),
(783, 1, 'p', '0.00'),
(784, 1, 'd', '0.00'),
(784, 1, 'l', '0.00'),
(784, 1, 'w', '0.00'),
(784, 1, 'p', '0.00'),
(785, 1, 'd', '0.00'),
(785, 1, 'l', '0.00'),
(785, 1, 'w', '0.00'),
(785, 1, 'p', '0.00'),
(843, 1, 'd', '0.00'),
(843, 1, 'l', '0.00'),
(843, 1, 'w', '0.00'),
(843, 1, 'p', '0.00'),
(844, 1, 'd', '0.00'),
(844, 1, 'l', '0.00'),
(844, 1, 'w', '0.00'),
(844, 1, 'p', '0.00'),
(845, 1, 'd', '0.00'),
(845, 1, 'l', '0.00'),
(845, 1, 'w', '0.00'),
(845, 1, 'p', '0.00'),
(846, 29, 'd', '0.00'),
(846, 29, 'l', '0.00'),
(846, 29, 'w', '0.00'),
(846, 29, 'p', '11.00'),
(846, 30, 'd', '0.00'),
(846, 30, 'l', '0.00'),
(846, 30, 'w', '0.00'),
(846, 30, 'p', '11.00'),
(847, 29, 'd', '0.00'),
(847, 29, 'l', '0.00'),
(847, 29, 'w', '0.00'),
(847, 29, 'p', '22.00'),
(847, 30, 'd', '0.00'),
(847, 30, 'l', '0.00'),
(847, 30, 'w', '0.00'),
(847, 30, 'p', '22.00'),
(848, 29, 'd', '0.00'),
(848, 29, 'l', '0.00'),
(848, 29, 'w', '0.00'),
(848, 29, 'p', '11.00'),
(848, 30, 'd', '0.00'),
(848, 30, 'l', '0.00'),
(848, 30, 'w', '0.00'),
(848, 30, 'p', '11.00'),
(849, 29, 'd', '0.00'),
(849, 29, 'l', '0.00'),
(849, 29, 'w', '0.00'),
(849, 29, 'p', '22.00'),
(849, 30, 'd', '0.00'),
(849, 30, 'l', '0.00'),
(849, 30, 'w', '0.00'),
(849, 30, 'p', '22.00'),
(850, 29, 'd', '0.00'),
(850, 29, 'l', '0.00'),
(850, 29, 'w', '0.00'),
(850, 29, 'p', '11.00'),
(850, 30, 'd', '0.00'),
(850, 30, 'l', '0.00'),
(850, 30, 'w', '0.00'),
(850, 30, 'p', '11.00'),
(851, 29, 'd', '0.00'),
(851, 29, 'l', '0.00'),
(851, 29, 'w', '0.00'),
(851, 29, 'p', '22.00'),
(851, 30, 'd', '0.00'),
(851, 30, 'l', '0.00'),
(851, 30, 'w', '0.00'),
(851, 30, 'p', '22.00'),
(852, 29, 'd', '0.00'),
(852, 29, 'l', '0.00'),
(852, 29, 'w', '0.00'),
(852, 29, 'p', '0.00'),
(852, 30, 'd', '14.00'),
(852, 30, 'l', '13.00'),
(852, 30, 'w', '0.00'),
(852, 30, 'p', '0.00'),
(852, 31, 'd', '14.00'),
(852, 31, 'l', '13.00'),
(852, 31, 'w', '0.00'),
(852, 31, 'p', '0.00'),
(852, 32, 'd', '14.00'),
(852, 32, 'l', '13.00'),
(852, 32, 'w', '0.00'),
(852, 32, 'p', '0.00'),
(852, 33, 'd', '14.00'),
(852, 33, 'l', '13.00'),
(852, 33, 'w', '0.00'),
(852, 33, 'p', '0.00'),
(852, 34, 'd', '14.00'),
(852, 34, 'l', '13.00'),
(852, 34, 'w', '0.00'),
(852, 34, 'p', '0.00'),
(853, 29, 'd', '0.00'),
(853, 29, 'l', '0.00'),
(853, 29, 'w', '0.00'),
(853, 29, 'p', '0.00'),
(853, 30, 'd', '0.00'),
(853, 30, 'l', '0.00'),
(853, 30, 'w', '0.00'),
(853, 30, 'p', '0.00'),
(853, 31, 'd', '0.00'),
(853, 31, 'l', '0.00'),
(853, 31, 'w', '0.00'),
(853, 31, 'p', '0.00'),
(853, 32, 'd', '0.00'),
(853, 32, 'l', '0.00'),
(853, 32, 'w', '0.00'),
(853, 32, 'p', '0.00'),
(853, 33, 'd', '0.00'),
(853, 33, 'l', '0.00'),
(853, 33, 'w', '0.00'),
(853, 33, 'p', '0.00'),
(853, 34, 'd', '0.00'),
(853, 34, 'l', '0.00'),
(853, 34, 'w', '0.00'),
(853, 34, 'p', '0.00'),
(854, 29, 'd', '0.00'),
(854, 29, 'l', '0.00'),
(854, 29, 'w', '0.00'),
(854, 29, 'p', '0.00'),
(854, 30, 'd', '14.00'),
(854, 30, 'l', '13.00'),
(854, 30, 'w', '0.00'),
(854, 30, 'p', '0.00'),
(854, 31, 'd', '14.00'),
(854, 31, 'l', '13.00'),
(854, 31, 'w', '0.00'),
(854, 31, 'p', '0.00'),
(854, 32, 'd', '14.00'),
(854, 32, 'l', '13.00'),
(854, 32, 'w', '0.00'),
(854, 32, 'p', '0.00'),
(854, 33, 'd', '14.00'),
(854, 33, 'l', '13.00'),
(854, 33, 'w', '0.00'),
(854, 33, 'p', '0.00'),
(854, 34, 'd', '14.00'),
(854, 34, 'l', '13.00'),
(854, 34, 'w', '0.00'),
(854, 34, 'p', '0.00'),
(855, 29, 'd', '0.00'),
(855, 29, 'l', '0.00'),
(855, 29, 'w', '0.00'),
(855, 29, 'p', '0.00'),
(855, 30, 'd', '0.00'),
(855, 30, 'l', '0.00'),
(855, 30, 'w', '0.00'),
(855, 30, 'p', '0.00'),
(855, 31, 'd', '0.00'),
(855, 31, 'l', '0.00'),
(855, 31, 'w', '0.00'),
(855, 31, 'p', '0.00'),
(855, 32, 'd', '0.00'),
(855, 32, 'l', '0.00'),
(855, 32, 'w', '0.00'),
(855, 32, 'p', '0.00'),
(855, 33, 'd', '0.00'),
(855, 33, 'l', '0.00'),
(855, 33, 'w', '0.00'),
(855, 33, 'p', '0.00'),
(855, 34, 'd', '0.00'),
(855, 34, 'l', '0.00'),
(855, 34, 'w', '0.00'),
(855, 34, 'p', '0.00'),
(856, 29, 'd', '0.00'),
(856, 29, 'l', '0.00'),
(856, 29, 'w', '0.00'),
(856, 29, 'p', '0.00'),
(856, 30, 'd', '14.00'),
(856, 30, 'l', '13.00'),
(856, 30, 'w', '0.00'),
(856, 30, 'p', '0.00'),
(856, 31, 'd', '14.00'),
(856, 31, 'l', '13.00'),
(856, 31, 'w', '0.00'),
(856, 31, 'p', '0.00'),
(856, 32, 'd', '14.00'),
(856, 32, 'l', '13.00'),
(856, 32, 'w', '0.00'),
(856, 32, 'p', '0.00'),
(856, 33, 'd', '14.00'),
(856, 33, 'l', '13.00'),
(856, 33, 'w', '0.00'),
(856, 33, 'p', '0.00'),
(856, 34, 'd', '14.00'),
(856, 34, 'l', '13.00'),
(856, 34, 'w', '0.00'),
(856, 34, 'p', '0.00'),
(857, 29, 'd', '0.00'),
(857, 29, 'l', '0.00'),
(857, 29, 'w', '0.00'),
(857, 29, 'p', '0.00'),
(857, 30, 'd', '0.00'),
(857, 30, 'l', '0.00'),
(857, 30, 'w', '0.00'),
(857, 30, 'p', '0.00'),
(857, 31, 'd', '0.00'),
(857, 31, 'l', '0.00'),
(857, 31, 'w', '0.00'),
(857, 31, 'p', '0.00'),
(857, 32, 'd', '0.00'),
(857, 32, 'l', '0.00'),
(857, 32, 'w', '0.00'),
(857, 32, 'p', '0.00'),
(857, 33, 'd', '0.00'),
(857, 33, 'l', '0.00'),
(857, 33, 'w', '0.00'),
(857, 33, 'p', '0.00'),
(857, 34, 'd', '0.00'),
(857, 34, 'l', '0.00'),
(857, 34, 'w', '0.00'),
(857, 34, 'p', '0.00'),
(858, 29, 'd', '0.00'),
(858, 29, 'l', '0.00'),
(858, 29, 'w', '0.00'),
(858, 29, 'p', '0.00'),
(858, 30, 'd', '14.00'),
(858, 30, 'l', '13.00'),
(858, 30, 'w', '0.00'),
(858, 30, 'p', '0.00'),
(858, 31, 'd', '14.00'),
(858, 31, 'l', '13.00'),
(858, 31, 'w', '0.00'),
(858, 31, 'p', '0.00'),
(858, 32, 'd', '14.00'),
(858, 32, 'l', '13.00'),
(858, 32, 'w', '0.00'),
(858, 32, 'p', '0.00'),
(858, 33, 'd', '14.00'),
(858, 33, 'l', '13.00'),
(858, 33, 'w', '0.00'),
(858, 33, 'p', '0.00'),
(858, 34, 'd', '14.00'),
(858, 34, 'l', '13.00'),
(858, 34, 'w', '0.00'),
(858, 34, 'p', '0.00'),
(859, 29, 'd', '0.00'),
(859, 29, 'l', '0.00'),
(859, 29, 'w', '0.00'),
(859, 29, 'p', '0.00'),
(859, 30, 'd', '0.00'),
(859, 30, 'l', '0.00'),
(859, 30, 'w', '0.00'),
(859, 30, 'p', '0.00'),
(859, 31, 'd', '0.00'),
(859, 31, 'l', '0.00'),
(859, 31, 'w', '0.00'),
(859, 31, 'p', '0.00'),
(859, 32, 'd', '0.00'),
(859, 32, 'l', '0.00'),
(859, 32, 'w', '0.00'),
(859, 32, 'p', '0.00'),
(859, 33, 'd', '0.00'),
(859, 33, 'l', '0.00'),
(859, 33, 'w', '0.00'),
(859, 33, 'p', '0.00'),
(859, 34, 'd', '0.00'),
(859, 34, 'l', '0.00'),
(859, 34, 'w', '0.00'),
(859, 34, 'p', '0.00'),
(915, 29, 'd', '0.00'),
(915, 29, 'l', '0.00'),
(915, 29, 'w', '0.00'),
(915, 29, 'p', '0.00'),
(915, 30, 'd', '14.00'),
(915, 30, 'l', '13.00'),
(915, 30, 'w', '0.00'),
(915, 30, 'p', '0.00'),
(915, 31, 'd', '14.00'),
(915, 31, 'l', '13.00'),
(915, 31, 'w', '0.00'),
(915, 31, 'p', '0.00'),
(915, 32, 'd', '14.00'),
(915, 32, 'l', '13.00'),
(915, 32, 'w', '0.00'),
(915, 32, 'p', '0.00'),
(915, 33, 'd', '14.00'),
(915, 33, 'l', '13.00'),
(915, 33, 'w', '0.00'),
(915, 33, 'p', '0.00'),
(915, 34, 'd', '14.00'),
(915, 34, 'l', '13.00'),
(915, 34, 'w', '0.00'),
(915, 34, 'p', '0.00'),
(916, 29, 'd', '0.00'),
(916, 29, 'l', '0.00'),
(916, 29, 'w', '0.00'),
(916, 29, 'p', '0.00'),
(916, 30, 'd', '0.00'),
(916, 30, 'l', '0.00'),
(916, 30, 'w', '0.00'),
(916, 30, 'p', '0.00'),
(916, 31, 'd', '0.00'),
(916, 31, 'l', '0.00'),
(916, 31, 'w', '0.00'),
(916, 31, 'p', '0.00'),
(916, 32, 'd', '0.00'),
(916, 32, 'l', '0.00'),
(916, 32, 'w', '0.00'),
(916, 32, 'p', '0.00'),
(916, 33, 'd', '0.00'),
(916, 33, 'l', '0.00'),
(916, 33, 'w', '0.00'),
(916, 33, 'p', '0.00'),
(916, 34, 'd', '0.00'),
(916, 34, 'l', '0.00'),
(916, 34, 'w', '0.00'),
(916, 34, 'p', '0.00'),
(917, 29, 'd', '0.00'),
(917, 29, 'l', '0.00'),
(917, 29, 'w', '0.00'),
(917, 29, 'p', '0.00'),
(917, 30, 'd', '14.00'),
(917, 30, 'l', '13.00'),
(917, 30, 'w', '0.00'),
(917, 30, 'p', '0.00'),
(917, 31, 'd', '14.00'),
(917, 31, 'l', '13.00'),
(917, 31, 'w', '0.00'),
(917, 31, 'p', '0.00'),
(917, 32, 'd', '14.00'),
(917, 32, 'l', '13.00'),
(917, 32, 'w', '0.00'),
(917, 32, 'p', '0.00'),
(917, 33, 'd', '14.00'),
(917, 33, 'l', '13.00'),
(917, 33, 'w', '0.00'),
(917, 33, 'p', '0.00'),
(917, 34, 'd', '14.00'),
(917, 34, 'l', '13.00'),
(917, 34, 'w', '0.00'),
(917, 34, 'p', '0.00'),
(918, 29, 'd', '0.00'),
(918, 29, 'l', '0.00'),
(918, 29, 'w', '0.00'),
(918, 29, 'p', '0.00'),
(918, 30, 'd', '0.00'),
(918, 30, 'l', '0.00'),
(918, 30, 'w', '0.00'),
(918, 30, 'p', '0.00'),
(918, 31, 'd', '0.00'),
(918, 31, 'l', '0.00'),
(918, 31, 'w', '0.00'),
(918, 31, 'p', '0.00'),
(918, 32, 'd', '0.00'),
(918, 32, 'l', '0.00'),
(918, 32, 'w', '0.00'),
(918, 32, 'p', '0.00'),
(918, 33, 'd', '0.00'),
(918, 33, 'l', '0.00'),
(918, 33, 'w', '0.00'),
(918, 33, 'p', '0.00'),
(918, 34, 'd', '0.00'),
(918, 34, 'l', '0.00'),
(918, 34, 'w', '0.00'),
(918, 34, 'p', '0.00'),
(920, 1, 'd', '0.00'),
(920, 1, 'l', '0.00'),
(920, 1, 'w', '0.00'),
(920, 1, 'p', '0.00'),
(921, 1, 'd', '0.00'),
(921, 1, 'l', '0.00'),
(921, 1, 'w', '0.00'),
(921, 1, 'p', '0.00');

-- --------------------------------------------------------

--
-- Table structure for table `print_areas`
--

CREATE TABLE `print_areas` (
  `xe_id` bigint(20) NOT NULL,
  `store_id` int(11) DEFAULT NULL,
  `name` varchar(50) NOT NULL,
  `print_area_type_id` int(10) NOT NULL,
  `file_name` varchar(150) DEFAULT NULL,
  `width` float(10,2) NOT NULL,
  `height` float(10,2) NOT NULL,
  `is_user_defined` enum('0','1') NOT NULL DEFAULT '0',
  `is_default` enum('0','1') NOT NULL DEFAULT '0',
  `price` float(10,2) DEFAULT NULL
) ENGINE=InnoDB DEFAULT CHARSET=latin1;

--
-- Dumping data for table `print_areas`
--

INSERT INTO `print_areas` (`xe_id`, `store_id`, `name`, `print_area_type_id`, `file_name`, `width`, `height`, `is_user_defined`, `is_default`, `price`) VALUES
(1, 1, 'A1', 1, NULL, 33.11, 23.39, '0', '0', 0.00),
(2, 1, 'A2', 1, NULL, 23.39, 16.54, '0', '0', 0.00),
(3, 1, 'A3', 1, NULL, 16.54, 11.69, '0', '0', 0.00),
(4, 1, 'A4', 1, NULL, 11.69, 8.27, '0', '0', 0.00),
(5, 1, 'A5', 1, NULL, 8.27, 5.83, '0', '0', 0.00),
(6, 1, 'A6', 1, NULL, 5.83, 4.13, '0', '0', 0.00),
(7, 1, 'A7', 1, NULL, 4.13, 2.91, '0', '0', 0.00),
(8, 1, 'A8', 1, NULL, 2.91, 2.05, '0', '0', 0.00),
(12, 1, 'Square - 1', 2, NULL, 44.00, 33.00, '0', '1', NULL),
(13, 1, 'Circle - 1', 3, NULL, 44.00, 33.00, '0', '1', NULL),
(14, 1, 'Triangle - 1', 4, NULL, 44.00, 33.00, '0', '1', NULL),
(20, 1, 'Elipse - 1', 5, NULL, 0.00, 0.00, '0', '1', NULL),
(29, 4, 'Test Area 22', 6, NULL, 44.00, 33.00, '1', '1', NULL),
(32, 3, 'Test Area', 2, NULL, 44.00, 33.00, '1', '1', NULL),
(33, 3, 'Test Area', 2, NULL, 44.00, 33.00, '1', '1', NULL),
(38, 1, 'ss', 2, NULL, 10.00, 22.00, '1', '0', NULL),
(39, 1, 'Test 23', 1, NULL, 56.00, 11.00, '1', '0', NULL),
(41, 1, '101010', 4, NULL, 6.00, 6.00, '1', '0', NULL),
(42, 1, '1012', 1, NULL, 12.00, 12.00, '1', '0', NULL),
(43, 1, 'flask flask', 2, NULL, 4.00, 4.00, '1', '0', NULL),
(44, 1, 'flask circle', 3, NULL, 3.00, 3.00, '1', '0', NULL),
(45, 1, 'samsung', 6, '202001021223192147.svg', 3.00, 7.00, '1', '0', NULL),
(46, 1, '22x22', 1, NULL, 22.00, 22.00, '1', '0', NULL),
(47, 1, '000000', 1, NULL, 100.00, 1000.00, '1', '0', NULL),
(48, 1, 'Laptop Sleeve', 1, NULL, 9.00, 11.00, '1', '0', NULL),
(49, 1, '111', 4, NULL, 1.00, 1.00, '1', '0', NULL),
(50, 1, 'Coffee', 1, NULL, 10.00, 20.00, '1', '0', NULL),
(53, 1, 'Men Tshirt', 4, NULL, 4.00, 4.00, '1', '0', NULL),
(57, 1, 'Laptop Sleeve', 2, NULL, 5.55, 2.66, '1', '0', NULL),
(58, 1, 'Tshirt', 2, NULL, 20.00, 30.00, '1', '0', NULL),
(59, 1, 'Tshirt', 4, NULL, 40.00, 50.00, '1', '0', NULL),
(63, 1, 'circle test', 3, NULL, 3.40, 3.40, '1', '0', NULL),
(64, 1, 'Mobile case', 6, '202001150639582920.svg', 20.00, 20.00, '1', '0', NULL),
(65, 1, 'test123', 6, '202001130425383527.svg', 10.00, 10.00, '1', '0', NULL),
(67, 1, 'rectangle12345', 1, NULL, 4.00, 5.00, '1', '0', NULL),
(69, 1, 'telephone11', 6, '202001130433401605.svg', 10.00, 20.00, '1', '0', NULL),
(70, 1, 'test', 2, NULL, 12.00, 12.00, '1', '0', NULL),
(71, 1, 'Tumblerd', 6, '202001150638593633.svg', 22.00, 42.00, '1', '0', NULL),
(79, 1, 'dxg', 6, '20200115071312691.svg', 3.00, 3.00, '1', '0', NULL),
(80, 1, 'My Triangle', 4, NULL, 45.00, 33.00, '1', '0', NULL),
(81, 1, 'ppopp', 6, '20200123124404529.svg', 45.00, 44.00, '1', '0', NULL),
(84, 1, 'rectangle shape of the choice', 1, NULL, 9.00, 5.00, '1', '0', NULL),
(85, 1, 'defes', 4, NULL, 0.00, 0.00, '1', '0', NULL),
(88, 1, 'ghjgh', 1, NULL, 0.00, 0.00, '1', '0', NULL),
(91, 1, '       ', 6, '202001210300213758.png', 10.00, 10.00, '1', '0', NULL),
(92, 1, '12345', 1, NULL, 70.00, 35.00, '1', '0', NULL),
(99, 1, 'rectangle of the chouice of the ', 1, NULL, 4.00, 5.00, '1', '0', NULL),
(100, 1, 'ygb sd ifgbs jekh7gbv fig7 uigsr7gvbc srv', 2, NULL, 7.00, 8.00, '1', '0', NULL),
(101, 1, 'oodsjijk  nmigvysbrjohbdv', 5, NULL, 8.00, 9.00, '1', '0', NULL);

-- --------------------------------------------------------

--
-- Table structure for table `print_area_types`
--

CREATE TABLE `print_area_types` (
  `xe_id` int(11) NOT NULL,
  `store_id` int(11) DEFAULT NULL,
  `name` varchar(50) DEFAULT NULL,
  `file_name` varchar(255) DEFAULT NULL,
  `is_custom` tinyint(1) DEFAULT '0'
) ENGINE=InnoDB DEFAULT CHARSET=latin1;

--
-- Dumping data for table `print_area_types`
--

INSERT INTO `print_area_types` (`xe_id`, `store_id`, `name`, `file_name`, `is_custom`) VALUES
(1, 1, 'Rectangle', 'rectangle.svg', 0),
(2, 1, 'Square', 'square.svg', 0),
(3, 1, 'Circle', 'circle.svg', 0),
(4, 1, 'Triangle', 'tringle.svg', 0),
(5, 1, 'Elipse', 'ellipse.svg', 0),
(6, 1, 'Custom', NULL, 1);

-- --------------------------------------------------------

--
-- Table structure for table `print_profiles`
--

CREATE TABLE `print_profiles` (
  `xe_id` int(11) NOT NULL,
  `store_id` varchar(100) NOT NULL,
  `name` varchar(255) NOT NULL,
  `file_name` varchar(100) DEFAULT NULL,
  `description` text,
  `status` tinyint(1) DEFAULT '0',
  `is_vdp_enabled` tinyint(1) DEFAULT '0',
  `vdp_data` text,
  `is_laser_engrave_enabled` tinyint(1) DEFAULT '0',
  `image_settings` text,
  `color_settings` text,
  `order_settings` text,
  `is_disabled` tinyint(1) DEFAULT '0',
  `is_draft` tinyint(1) DEFAULT '1',
  `created_at` datetime NOT NULL DEFAULT CURRENT_TIMESTAMP
) ENGINE=InnoDB DEFAULT CHARSET=latin1;

--
-- Dumping data for table `print_profiles`
--

INSERT INTO `print_profiles` (`xe_id`, `store_id`, `name`, `file_name`, `description`, `status`, `is_vdp_enabled`, `vdp_data`, `is_laser_engrave_enabled`, `image_settings`, `color_settings`, `order_settings`, `is_disabled`, `is_draft`, `created_at`) VALUES
(71, '1', 'Sublimation', '201912181238449401.png', 'Polyster garments only.\nUnlimited color spectrum.\nAll over printing capability.\n', 0, 0, '0', 0, '{"allow_full_color":0,"allowed_image_format":[1,2],"is_vectorize_image":0,"is_auto_vectorize":0,"is_detect_image_colors":0,"max_colors":0,"allow_users_to_select":0,"is_max_color_allowed":0}', '{"show_color_picker":0,"fill_color_code":"#000000","border_color_code":"#000000","max_colors_allowed":0,"is_max_color_allowed":0}', '{"minimum_order_qty":1,"is_horizontally_flip":0,"is_color_separation_enabled":0,"is_order_minimum_qty_enabled":0,"allowed_order_format":[]}', 0, 0, '2019-12-18 12:38:44'),
(78, '1', 'Wooden Laser Engrave', '201912230811289865.png', 'Price per added text line.\nRealistic preview on stage.', 0, 1, '0', 0, '{"allow_full_color":0,"allowed_image_format":[1,2],"is_vectorize_image":0,"is_auto_vectorize":0,"is_detect_image_colors":1,"max_colors":5,"allow_users_to_select":1,"is_max_color_allowed":0}', '{"show_color_picker":1,"fill_color_code":"#e73f3f","border_color_code":"#000000","max_colors_allowed":7,"is_max_color_allowed":0}', '{"minimum_order_qty":10,"is_include_product_image":"exclude","is_horizontally_flip":0,"is_color_separation_enabled":0,"is_order_minimum_qty_enabled":0,"allowed_order_format":[]}', 0, 0, '2019-12-23 08:11:28'),
(129, '1', 'Accessories Sublimation', '202001231137021382.jpg', 'My first description', 0, 1, '0', 1, '{"allow_full_color":1,"allowed_image_format":[1,3,4],"is_vectorize_image":1,"is_auto_vectorize":1,"is_detect_image_colors":1,"max_colors":3,"allow_users_to_select":1,"is_max_color_allowed":0}', '{"show_color_picker":1,"fill_color_code":"#DDD","border_color_code":"#EDEDED","max_colors_allowed":8,"is_max_color_allowed":0}', '{"minimum_order_qty":2,"is_include_product_image":"include","is_horizontally_flip":1,"is_color_separation_enabled":0,"is_order_minimum_qty_enabled":0,"allowed_order_format":[]}', 0, 0, '2019-12-26 07:55:33'),
(240, '1', 'Heat Transfer', '20200115111043276.png', 'Heat Transfer', 0, 0, '0', 1, '{"allow_full_color":1,"allowed_image_format":[2,3,4],"is_vectorize_image":0,"is_auto_vectorize":0,"is_detect_image_colors":0,"max_colors":9,"allow_users_to_select":0,"is_max_color_allowed":0}', '{"show_color_picker":1,"fill_color_code":"#000000","border_color_code":"#000000","max_colors_allowed":9,"is_max_color_allowed":0}', '{"minimum_order_qty":1,"is_include_product_image":"exclude","is_horizontally_flip":0,"is_color_separation_enabled":0,"is_order_minimum_qty_enabled":0,"allowed_order_format":[16]}', 0, 0, '2020-01-15 10:56:12'),
(251, '1', 'Vinyl print', '202001161228203106.jpeg', 'vinyl printr', 0, 0, '0', 0, '{"allow_full_color":1,"allowed_image_format":[2,3],"is_vectorize_image":0,"is_auto_vectorize":0,"is_detect_image_colors":0,"max_colors":9,"allow_users_to_select":0,"is_max_color_allowed":0}', '{"show_color_picker":1,"fill_color_code":"#000000","border_color_code":"#000000","max_colors_allowed":9,"is_max_color_allowed":0}', '{"minimum_order_qty":100,"is_include_product_image":"exclude","is_horizontally_flip":0,"is_color_separation_enabled":1,"is_order_minimum_qty_enabled":1,"allowed_order_format":[16]}', 0, 0, '2020-01-16 12:26:16'),
(270, '1', 'Screen print', '202001211122226508.png', 'Screen print', 0, 0, '0', 1, '{"allow_full_color":1,"allowed_image_format":[2,3,4],"is_vectorize_image":0,"is_auto_vectorize":0,"is_detect_image_colors":0,"max_colors":9,"allow_users_to_select":0,"is_max_color_allowed":0}', '{"show_color_picker":1,"fill_color_code":"#000000","border_color_code":"#000000","max_colors_allowed":9,"is_max_color_allowed":0}', '{"minimum_order_qty":1,"is_include_product_image":"exclude","is_horizontally_flip":0,"is_color_separation_enabled":0,"is_order_minimum_qty_enabled":0,"allowed_order_format":[16]}', 0, 0, '2020-01-21 11:09:45'),
(289, '1', 'DTG', '202001271026554265.jpg', 'DTG', 0, 0, '0', 0, '{"allow_full_color":1,"allowed_image_format":[2,3,4],"is_vectorize_image":0,"is_auto_vectorize":0,"is_detect_image_colors":0,"max_colors":9,"allow_users_to_select":0,"is_max_color_allowed":0}', '{"show_color_picker":1,"fill_color_code":"#000000","border_color_code":"#000000","max_colors_allowed":9,"is_max_color_allowed":0}', '{"minimum_order_qty":1,"is_include_product_image":"exclude","is_horizontally_flip":1,"is_color_separation_enabled":0,"is_order_minimum_qty_enabled":0,"allowed_order_format":[16]}', 0, 0, '2020-01-27 10:26:39'),
(290, '1', 'Typhography', '202001271240161659.jpg', 'Typhography', 0, 1, '0', 1, '{"allow_full_color":1,"allowed_image_format":[2,3,4,11,12],"is_vectorize_image":0,"is_auto_vectorize":0,"is_detect_image_colors":0,"max_colors":9,"allow_users_to_select":0,"is_max_color_allowed":0}', '{"show_color_picker":1,"fill_color_code":"#a51c1c","border_color_code":"#000000","max_colors_allowed":4,"is_max_color_allowed":1}', '{"minimum_order_qty":6,"is_include_product_image":"exclude","is_horizontally_flip":0,"is_color_separation_enabled":0,"is_order_minimum_qty_enabled":1,"allowed_order_format":[16]}', 0, 2, '2020-01-27 12:22:52');

-- --------------------------------------------------------

--
-- Table structure for table `print_profile_allowed_formats`
--

CREATE TABLE `print_profile_allowed_formats` (
  `xe_id` int(11) NOT NULL,
  `name` varchar(100) DEFAULT NULL,
  `type` char(6) NOT NULL DEFAULT 'image',
  `is_disabled` tinyint(1) DEFAULT '0'
) ENGINE=InnoDB DEFAULT CHARSET=latin1;

--
-- Dumping data for table `print_profile_allowed_formats`
--

INSERT INTO `print_profile_allowed_formats` (`xe_id`, `name`, `type`, `is_disabled`) VALUES
(1, 'svg', 'image', 0),
(2, 'jpeg', 'image', 0),
(3, 'jpg', 'image', 0),
(4, 'png', 'image', 0),
(5, 'gif', 'image', 0),
(6, 'bmp', 'image', 0),
(7, 'pdf', 'image', 0),
(8, 'ai', 'image', 0),
(9, 'psd', 'image', 0),
(10, 'eps', 'image', 0),
(11, 'cdr', 'image', 0),
(12, 'dxf', 'image', 0),
(13, 'tif', 'image', 0),
(14, 'pdf', 'order', 0),
(15, 'png', 'order', 0),
(16, 'svg', 'order', 0);

-- --------------------------------------------------------

--
-- Table structure for table `print_profile_assets_category_rel`
--

CREATE TABLE `print_profile_assets_category_rel` (
  `print_profile_id` int(11) NOT NULL,
  `asset_type_id` int(11) NOT NULL,
  `category_id` int(11) NOT NULL
) ENGINE=InnoDB DEFAULT CHARSET=latin1;

--
-- Dumping data for table `print_profile_assets_category_rel`
--

INSERT INTO `print_profile_assets_category_rel` (`print_profile_id`, `asset_type_id`, `category_id`) VALUES
(63, 2, 101),
(63, 2, 125),
(63, 2, 126),
(63, 2, 127),
(63, 2, 128),
(63, 2, 139),
(63, 2, 140),
(63, 2, 141),
(63, 2, 142),
(63, 2, 143),
(63, 2, 144),
(63, 2, 145),
(63, 2, 146),
(63, 2, 147),
(63, 2, 148),
(63, 2, 149),
(63, 2, 150),
(63, 2, 151),
(63, 2, 152),
(63, 2, 153),
(63, 2, 154),
(63, 2, 155),
(63, 2, 156),
(63, 2, 157),
(63, 2, 158),
(63, 2, 159),
(63, 2, 160),
(63, 2, 161),
(63, 2, 162),
(63, 2, 163),
(63, 2, 164),
(63, 2, 165),
(63, 2, 166),
(63, 2, 167),
(63, 2, 168),
(63, 2, 169),
(63, 2, 170),
(63, 2, 171),
(63, 2, 172),
(63, 2, 173),
(63, 2, 174),
(64, 2, 101),
(64, 2, 125),
(64, 2, 126),
(64, 2, 127),
(64, 2, 128),
(64, 2, 139),
(64, 2, 140),
(64, 2, 141),
(64, 2, 142),
(64, 2, 143),
(64, 2, 144),
(64, 2, 145),
(64, 2, 146),
(64, 2, 147),
(64, 2, 148),
(64, 2, 149),
(64, 2, 150),
(64, 2, 151),
(64, 2, 152),
(64, 2, 153),
(64, 2, 154),
(64, 2, 155),
(64, 2, 156),
(64, 2, 157),
(64, 2, 158),
(64, 2, 159),
(64, 2, 160),
(64, 2, 161),
(64, 2, 162),
(64, 2, 163),
(64, 2, 164),
(64, 2, 165),
(64, 2, 166),
(64, 2, 167),
(64, 2, 168),
(64, 2, 169),
(64, 2, 170),
(64, 2, 171),
(64, 2, 172),
(64, 2, 173),
(64, 2, 174),
(65, 2, 101),
(65, 2, 125),
(65, 2, 126),
(65, 2, 127),
(65, 2, 128),
(65, 2, 139),
(65, 2, 140),
(65, 2, 141),
(65, 2, 142),
(65, 2, 143),
(65, 2, 144),
(65, 2, 145),
(65, 2, 146),
(65, 2, 147),
(65, 2, 148),
(65, 2, 149),
(65, 2, 150),
(65, 2, 151),
(65, 2, 152),
(65, 2, 153),
(65, 2, 154),
(65, 2, 155),
(65, 2, 156),
(65, 2, 157),
(65, 2, 158),
(65, 2, 159),
(65, 2, 160),
(65, 2, 161),
(65, 2, 162),
(65, 2, 163),
(65, 2, 164),
(65, 2, 165),
(65, 2, 166),
(65, 2, 167),
(65, 2, 168),
(65, 2, 169),
(65, 2, 170),
(65, 2, 171),
(65, 2, 172),
(65, 2, 173),
(65, 2, 174),
(69, 2, 101),
(69, 2, 125),
(69, 2, 139),
(69, 2, 140),
(69, 2, 141),
(69, 2, 142),
(69, 2, 143),
(69, 2, 144),
(69, 2, 147),
(69, 2, 148),
(70, 2, 101),
(70, 2, 125),
(70, 2, 139),
(70, 2, 140),
(70, 2, 141),
(70, 2, 142),
(70, 2, 143),
(70, 2, 144),
(70, 2, 147),
(70, 2, 148),
(73, 2, 101),
(73, 2, 125),
(73, 2, 139),
(73, 2, 140),
(73, 2, 141),
(73, 2, 142),
(73, 2, 143),
(73, 2, 144),
(81, 2, 101),
(81, 2, 139),
(81, 2, 147),
(81, 2, 155),
(81, 2, 163),
(81, 2, 171),
(85, 1, 91),
(85, 1, 92),
(85, 1, 279),
(85, 1, 280),
(85, 1, 282),
(85, 1, 284),
(85, 1, 293),
(85, 1, 296),
(85, 2, 326),
(85, 6, 87),
(85, 11, 195),
(91, 2, 101),
(91, 2, 102),
(91, 2, 139),
(91, 2, 147),
(91, 2, 155),
(91, 2, 163),
(91, 2, 171),
(91, 1, 173),
(91, 1, 174),
(91, 1, 175),
(91, 1, 176),
(92, 2, 101),
(92, 2, 102),
(92, 2, 139),
(92, 2, 147),
(92, 2, 155),
(92, 2, 163),
(92, 2, 171),
(92, 1, 173),
(92, 1, 174),
(92, 1, 175),
(92, 1, 176),
(99, 1, 91),
(99, 1, 92),
(99, 1, 279),
(99, 1, 280),
(99, 1, 284),
(99, 1, 293),
(99, 2, 359),
(99, 2, 361),
(99, 11, 196),
(99, 11, 198),
(75, 2, 101),
(75, 2, 102),
(75, 2, 139),
(75, 2, 140),
(75, 2, 141),
(75, 2, 142),
(75, 2, 143),
(75, 2, 144),
(75, 2, 145),
(75, 2, 146),
(75, 2, 147),
(75, 2, 148),
(75, 2, 149),
(75, 2, 150),
(75, 2, 151),
(75, 2, 152),
(75, 2, 153),
(75, 2, 154),
(75, 2, 155),
(75, 2, 156),
(75, 2, 157),
(75, 2, 158),
(75, 2, 159),
(75, 2, 160),
(75, 2, 161),
(75, 2, 162),
(75, 2, 163),
(75, 2, 164),
(75, 2, 165),
(75, 2, 166),
(75, 2, 167),
(75, 2, 168),
(75, 2, 169),
(75, 2, 170),
(75, 2, 171),
(75, 2, 172),
(75, 2, 173),
(75, 2, 174),
(102, 1, 91),
(102, 1, 92),
(102, 1, 95),
(102, 1, 96),
(102, 1, 279),
(102, 1, 280),
(102, 1, 282),
(104, 1, 92),
(104, 1, 95),
(104, 1, 279),
(104, 1, 280),
(104, 1, 282),
(94, 1, 92),
(94, 1, 95),
(94, 1, 279),
(94, 1, 280),
(94, 2, 101),
(94, 2, 102),
(94, 2, 139),
(94, 2, 147),
(94, 2, 155),
(94, 2, 163),
(94, 2, 171),
(94, 6, 87),
(94, 11, 195),
(94, 11, 196),
(105, 1, 92),
(105, 1, 95),
(105, 1, 279),
(105, 1, 280),
(105, 1, 282),
(79, 1, 92),
(79, 1, 95),
(79, 1, 279),
(79, 1, 280),
(79, 1, 282),
(79, 2, 101),
(79, 2, 139),
(79, 2, 140),
(79, 2, 141),
(79, 2, 142),
(79, 2, 143),
(79, 2, 144),
(79, 2, 147),
(79, 2, 148),
(79, 11, 195),
(79, 11, 196),
(79, 11, 197),
(79, 11, 198),
(79, 11, 342),
(79, 11, 343),
(79, 11, 344),
(79, 11, 348),
(79, 11, 349),
(120, 2, 101),
(120, 2, 102),
(120, 2, 139),
(120, 2, 147),
(120, 2, 155),
(120, 2, 163),
(120, 2, 171),
(120, 1, 173),
(120, 1, 174),
(120, 1, 175),
(120, 1, 176),
(112, 2, 101),
(112, 2, 102),
(112, 2, 139),
(112, 2, 147),
(112, 2, 155),
(112, 2, 163),
(112, 2, 171),
(121, 2, 101),
(121, 2, 102),
(121, 2, 139),
(121, 2, 147),
(121, 2, 155),
(121, 2, 163),
(121, 2, 171),
(121, 1, 173),
(121, 1, 174),
(121, 1, 175),
(121, 1, 176),
(123, 1, 92),
(123, 1, 95),
(123, 1, 279),
(123, 1, 280),
(123, 2, 101),
(123, 2, 102),
(123, 2, 139),
(123, 2, 147),
(123, 2, 155),
(123, 2, 163),
(123, 2, 171),
(123, 6, 87),
(123, 11, 195),
(123, 11, 196),
(126, 2, 101),
(126, 2, 102),
(126, 2, 139),
(126, 2, 147),
(126, 2, 155),
(126, 2, 163),
(126, 2, 171),
(127, 2, 101),
(127, 2, 102),
(127, 2, 139),
(127, 2, 147),
(127, 2, 155),
(127, 2, 163),
(127, 2, 171),
(128, 1, 22),
(128, 1, 21),
(128, 1, 18),
(133, 1, 91),
(133, 1, 92),
(133, 1, 95),
(133, 1, 279),
(133, 1, 280),
(133, 1, 282),
(134, 1, 91),
(134, 1, 92),
(134, 1, 95),
(134, 1, 96),
(134, 1, 280),
(134, 1, 282),
(134, 1, 284),
(134, 1, 293),
(134, 1, 365),
(134, 2, 393),
(134, 2, 394),
(124, 1, 279),
(124, 1, 280),
(124, 1, 282),
(137, 1, 279),
(137, 1, 280),
(137, 1, 282),
(142, 1, 95),
(142, 1, 279),
(142, 1, 293),
(135, 1, 279),
(135, 1, 280),
(135, 1, 282),
(147, 1, 2),
(147, 1, 4),
(147, 1, 6),
(147, 1, 8),
(147, 1, 2),
(147, 1, 4),
(147, 1, 6),
(147, 1, 8),
(147, 1, 2),
(147, 1, 4),
(147, 1, 6),
(147, 1, 8),
(149, 1, 279),
(149, 1, 280),
(149, 1, 282),
(150, 1, 279),
(150, 1, 284),
(150, 1, 293),
(151, 1, 279),
(153, 1, 2),
(153, 1, 4),
(153, 1, 6),
(153, 1, 8),
(153, 1, 2),
(153, 1, 4),
(153, 1, 6),
(153, 1, 8),
(153, 1, 2),
(153, 1, 4),
(153, 1, 6),
(153, 1, 8),
(154, 1, 279),
(154, 1, 284),
(154, 1, 365),
(155, 1, 279),
(155, 1, 284),
(155, 1, 365),
(156, 1, 279),
(156, 1, 284),
(156, 1, 365),
(157, 1, 279),
(157, 1, 284),
(157, 1, 365),
(157, 2, 409),
(157, 2, 410),
(157, 2, 414),
(158, 1, 279),
(158, 1, 284),
(158, 1, 365),
(159, 1, 279),
(159, 1, 284),
(159, 1, 365),
(159, 2, 359),
(159, 2, 380),
(159, 2, 393),
(159, 2, 409),
(159, 2, 414),
(159, 2, 418),
(160, 1, 279),
(160, 1, 284),
(160, 1, 365),
(160, 2, 359),
(160, 2, 380),
(160, 2, 393),
(160, 2, 409),
(160, 2, 414),
(160, 2, 418),
(152, 1, 279),
(152, 1, 284),
(152, 1, 365),
(161, 1, 279),
(161, 1, 284),
(161, 1, 365),
(75, 2, 2),
(161, 2, 107),
(147, 2, 107),
(138, 2, 107),
(135, 2, 107),
(134, 2, 107),
(133, 2, 107),
(124, 2, 107),
(161, 2, 112),
(147, 2, 112),
(138, 2, 112),
(135, 2, 112),
(134, 2, 112),
(133, 2, 112),
(124, 2, 112),
(137, 2, 110),
(162, 1, 280),
(162, 1, 284),
(162, 1, 365),
(75, 5, 294),
(124, 2, 325),
(75, 2, 325),
(162, 2, 455),
(152, 2, 455),
(150, 2, 455),
(147, 2, 455),
(135, 2, 455),
(162, 10, 129),
(152, 10, 129),
(150, 10, 129),
(147, 10, 129),
(135, 10, 129),
(132, 2, 107),
(132, 2, 112),
(132, 2, 455),
(163, 1, 279),
(163, 1, 284),
(163, 1, 365),
(164, 1, 279),
(164, 1, 284),
(164, 1, 365),
(164, 2, 359),
(164, 2, 394),
(164, 2, 409),
(164, 2, 414),
(164, 2, 418),
(164, 2, 456),
(164, 2, 474),
(164, 6, 442),
(164, 9, 473),
(164, 11, 196),
(164, 11, 198),
(164, 11, 343),
(164, 11, 399),
(164, 11, 401),
(164, 11, 462),
(164, 12, 125),
(164, 12, 171),
(164, 12, 110),
(164, 12, 215),
(164, 12, 184),
(165, 1, 279),
(165, 1, 284),
(165, 1, 365),
(167, 1, 279),
(167, 1, 280),
(167, 1, 282),
(167, 1, 284),
(167, 1, 293),
(167, 1, 365),
(167, 2, 359),
(167, 2, 394),
(167, 2, 409),
(167, 2, 414),
(167, 2, 418),
(167, 2, 456),
(167, 2, 474),
(167, 6, 327),
(167, 6, 408),
(167, 6, 441),
(167, 6, 442),
(167, 9, 472),
(167, 11, 195),
(167, 11, 196),
(167, 11, 197),
(167, 11, 198),
(167, 11, 342),
(167, 11, 343),
(167, 11, 344),
(167, 11, 345),
(167, 11, 346),
(167, 11, 349),
(167, 11, 350),
(167, 11, 351),
(167, 11, 352),
(167, 11, 353),
(167, 11, 354),
(167, 11, 355),
(167, 11, 356),
(167, 11, 398),
(167, 11, 399),
(167, 11, 401),
(167, 11, 402),
(167, 11, 422),
(167, 11, 423),
(167, 11, 426),
(167, 11, 436),
(167, 11, 462),
(167, 11, 466),
(167, 12, 124),
(167, 12, 105),
(167, 12, 108),
(167, 12, 216),
(167, 12, 185),
(168, 1, 279),
(168, 1, 280),
(168, 1, 282),
(168, 1, 284),
(168, 1, 293),
(168, 1, 365),
(168, 2, 359),
(168, 2, 394),
(168, 2, 409),
(168, 2, 414),
(168, 2, 418),
(168, 2, 456),
(168, 2, 474),
(168, 6, 327),
(168, 6, 408),
(168, 6, 441),
(168, 6, 442),
(168, 9, 472),
(168, 11, 195),
(168, 11, 196),
(168, 11, 197),
(168, 11, 198),
(168, 11, 342),
(168, 11, 343),
(168, 11, 344),
(168, 11, 345),
(168, 11, 346),
(168, 11, 349),
(168, 11, 350),
(168, 11, 351),
(168, 11, 352),
(168, 11, 353),
(168, 11, 354),
(168, 11, 355),
(168, 11, 356),
(168, 11, 398),
(168, 11, 399),
(168, 11, 401),
(168, 11, 402),
(168, 11, 422),
(168, 11, 423),
(168, 11, 426),
(168, 11, 436),
(168, 11, 462),
(168, 11, 466),
(168, 12, 124),
(168, 12, 105),
(168, 12, 108),
(168, 12, 216),
(168, 12, 185),
(168, 12, 111),
(170, 1, 279),
(170, 1, 280),
(170, 1, 282),
(170, 1, 284),
(170, 1, 293),
(170, 1, 365),
(170, 1, 485),
(170, 2, 359),
(170, 2, 360),
(170, 2, 387),
(170, 2, 394),
(170, 2, 409),
(170, 2, 410),
(170, 2, 411),
(170, 2, 414),
(170, 2, 418),
(170, 2, 420),
(170, 2, 456),
(170, 2, 457),
(170, 2, 458),
(170, 2, 459),
(170, 2, 460),
(170, 2, 474),
(170, 2, 475),
(170, 2, 477),
(170, 2, 478),
(170, 2, 479),
(170, 2, 482),
(170, 2, 483),
(170, 6, 327),
(170, 6, 408),
(170, 6, 441),
(170, 6, 442),
(170, 9, 472),
(170, 9, 473),
(170, 11, 195),
(170, 11, 196),
(170, 11, 197),
(170, 11, 198),
(170, 11, 342),
(170, 11, 343),
(170, 11, 344),
(170, 11, 345),
(170, 11, 346),
(170, 11, 349),
(170, 11, 350),
(170, 11, 351),
(170, 11, 352),
(170, 11, 353),
(170, 11, 354),
(170, 11, 355),
(170, 11, 356),
(170, 11, 398),
(170, 11, 399),
(170, 11, 401),
(170, 11, 402),
(170, 11, 422),
(170, 11, 423),
(170, 11, 426),
(170, 11, 436),
(170, 11, 462),
(170, 11, 466),
(170, 11, 487),
(170, 11, 488),
(170, 12, 124),
(170, 12, 105),
(170, 12, 125),
(170, 12, 171),
(170, 12, 108),
(170, 12, 169),
(170, 12, 121),
(170, 12, 175),
(170, 12, 118),
(170, 12, 119),
(170, 12, 110),
(170, 12, 109),
(170, 12, 174),
(170, 12, 216),
(170, 12, 215),
(170, 12, 214),
(170, 12, 185),
(170, 12, 184),
(170, 12, 112),
(170, 12, 123),
(170, 12, 122),
(170, 12, 170),
(170, 12, 120),
(170, 12, 111),
(170, 12, 168),
(170, 12, 173),
(169, 1, 279),
(169, 1, 280),
(169, 1, 282),
(169, 1, 284),
(169, 1, 293),
(169, 1, 365),
(169, 2, 359),
(169, 2, 394),
(169, 2, 409),
(169, 2, 414),
(169, 2, 418),
(169, 2, 456),
(169, 2, 474),
(169, 6, 327),
(169, 6, 408),
(169, 6, 441),
(169, 6, 442),
(169, 9, 472),
(169, 11, 195),
(169, 11, 196),
(169, 11, 197),
(169, 11, 198),
(169, 11, 342),
(169, 11, 343),
(169, 11, 344),
(169, 11, 345),
(169, 11, 346),
(169, 11, 349),
(169, 11, 350),
(169, 11, 351),
(169, 11, 352),
(169, 11, 353),
(169, 11, 354),
(169, 11, 355),
(169, 11, 356),
(169, 11, 398),
(169, 11, 399),
(169, 11, 401),
(169, 11, 402),
(169, 11, 422),
(169, 11, 423),
(169, 11, 426),
(169, 11, 436),
(169, 11, 462),
(169, 11, 466),
(169, 12, 124),
(169, 12, 105),
(169, 12, 108),
(169, 12, 216),
(169, 12, 185),
(169, 12, 111),
(150, 9, 382),
(171, 1, 365),
(172, 1, 279),
(172, 1, 280),
(172, 1, 282),
(172, 1, 284),
(172, 1, 293),
(172, 1, 365),
(172, 1, 485),
(172, 12, 124),
(172, 12, 105),
(172, 12, 108),
(172, 12, 216),
(172, 12, 185),
(173, 1, 279),
(173, 1, 280),
(173, 1, 282),
(173, 1, 284),
(173, 1, 293),
(173, 1, 365),
(173, 1, 485),
(173, 2, 359),
(173, 2, 360),
(173, 2, 387),
(173, 2, 394),
(173, 2, 409),
(173, 2, 410),
(173, 2, 411),
(173, 2, 414),
(173, 2, 418),
(173, 2, 420),
(173, 2, 456),
(173, 2, 457),
(173, 2, 458),
(173, 2, 459),
(173, 2, 460),
(173, 2, 474),
(173, 2, 475),
(173, 2, 477),
(173, 2, 478),
(173, 2, 479),
(173, 2, 482),
(173, 2, 483),
(173, 2, 492),
(176, 1, 279),
(176, 1, 284),
(176, 1, 365),
(141, 2, 110),
(141, 2, 455),
(177, 1, 279),
(177, 1, 284),
(177, 1, 365),
(178, 1, 279),
(178, 1, 280),
(178, 1, 282),
(178, 1, 284),
(178, 1, 293),
(178, 1, 365),
(178, 1, 485),
(178, 2, 359),
(178, 2, 360),
(178, 2, 387),
(178, 2, 394),
(178, 2, 409),
(178, 2, 410),
(178, 2, 411),
(178, 2, 414),
(178, 2, 418),
(178, 2, 420),
(178, 2, 456),
(178, 2, 457),
(178, 2, 458),
(178, 2, 459),
(178, 2, 460),
(178, 2, 474),
(178, 2, 475),
(178, 2, 477),
(178, 2, 478),
(178, 2, 479),
(178, 2, 482),
(178, 2, 483),
(178, 2, 492),
(178, 6, 327),
(178, 6, 408),
(178, 6, 441),
(178, 6, 442),
(178, 9, 472),
(178, 9, 473),
(178, 11, 195),
(178, 11, 196),
(178, 11, 197),
(178, 11, 198),
(178, 11, 342),
(178, 11, 343),
(178, 11, 344),
(178, 11, 345),
(178, 11, 346),
(178, 11, 349),
(178, 11, 350),
(178, 11, 351),
(178, 11, 352),
(178, 11, 353),
(178, 11, 354),
(178, 11, 355),
(178, 11, 356),
(178, 11, 398),
(178, 11, 399),
(178, 11, 402),
(178, 11, 422),
(178, 11, 423),
(178, 11, 426),
(178, 11, 436),
(178, 11, 462),
(178, 11, 466),
(178, 11, 487),
(178, 11, 488),
(178, 12, 124),
(178, 12, 105),
(178, 12, 125),
(178, 12, 171),
(178, 12, 108),
(178, 12, 169),
(178, 12, 121),
(178, 12, 175),
(178, 12, 118),
(178, 12, 119),
(178, 12, 110),
(178, 12, 109),
(178, 12, 174),
(178, 12, 216),
(178, 12, 215),
(178, 12, 214),
(178, 12, 185),
(178, 12, 184),
(178, 12, 112),
(178, 12, 123),
(178, 12, 122),
(178, 12, 170),
(178, 12, 120),
(178, 12, 111),
(178, 12, 168),
(178, 12, 173),
(179, 1, 279),
(179, 1, 280),
(179, 1, 282),
(179, 1, 284),
(179, 1, 293),
(179, 1, 365),
(179, 1, 485),
(179, 2, 414),
(179, 12, 124),
(179, 12, 105),
(179, 12, 125),
(179, 12, 171),
(179, 12, 108),
(179, 12, 169),
(179, 12, 121),
(179, 12, 175),
(179, 12, 118),
(179, 12, 119),
(179, 12, 110),
(179, 12, 109),
(179, 12, 174),
(179, 12, 216),
(179, 12, 215),
(179, 12, 214),
(179, 12, 185),
(179, 12, 184),
(179, 12, 112),
(179, 12, 123),
(179, 12, 122),
(179, 12, 170),
(179, 12, 120),
(179, 12, 111),
(179, 12, 168),
(179, 12, 173),
(183, 1, 279),
(183, 1, 280),
(183, 1, 282),
(183, 1, 284),
(183, 1, 293),
(183, 1, 365),
(183, 1, 485),
(183, 2, 359),
(183, 2, 360),
(183, 2, 387),
(183, 2, 394),
(183, 2, 409),
(183, 2, 410),
(183, 2, 411),
(183, 2, 414),
(183, 2, 418),
(183, 2, 420),
(183, 2, 456),
(183, 2, 457),
(183, 2, 458),
(183, 2, 459),
(183, 2, 460),
(183, 2, 474),
(183, 2, 475),
(183, 2, 477),
(183, 2, 478),
(183, 2, 479),
(183, 2, 482),
(183, 2, 483),
(183, 2, 492),
(183, 6, 327),
(183, 6, 408),
(183, 6, 441),
(183, 6, 442),
(183, 9, 472),
(183, 9, 473),
(183, 11, 195),
(183, 11, 196),
(183, 11, 197),
(183, 11, 198),
(183, 11, 342),
(183, 11, 343),
(183, 11, 344),
(183, 11, 345),
(183, 11, 346),
(183, 11, 349),
(183, 11, 350),
(183, 11, 351),
(183, 11, 352),
(183, 11, 353),
(183, 11, 354),
(183, 11, 355),
(183, 11, 356),
(183, 11, 398),
(183, 11, 399),
(183, 11, 402),
(183, 11, 422),
(183, 11, 423),
(183, 11, 426),
(183, 11, 436),
(183, 11, 462),
(183, 11, 466),
(183, 11, 487),
(183, 11, 488),
(183, 12, 124),
(183, 12, 105),
(183, 12, 125),
(183, 12, 171),
(183, 12, 108),
(183, 12, 169),
(183, 12, 121),
(183, 12, 175),
(183, 12, 118),
(183, 12, 119),
(183, 12, 110),
(183, 12, 109),
(183, 12, 174),
(183, 12, 216),
(183, 12, 215),
(183, 12, 214),
(183, 12, 185),
(183, 12, 184),
(183, 12, 112),
(183, 12, 123),
(183, 12, 122),
(183, 12, 170),
(183, 12, 120),
(183, 12, 111),
(183, 12, 168),
(183, 12, 173),
(184, 1, 279),
(184, 1, 284),
(184, 1, 365),
(185, 1, 279),
(185, 1, 365),
(186, 1, 279),
(186, 1, 280),
(186, 1, 282),
(186, 1, 284),
(186, 1, 293),
(186, 1, 365),
(186, 1, 485),
(182, 1, 279),
(182, 1, 280),
(182, 1, 282),
(182, 1, 284),
(182, 1, 293),
(182, 1, 365),
(182, 1, 485),
(187, 1, 279),
(187, 1, 284),
(187, 1, 365),
(189, 1, 279),
(189, 1, 280),
(189, 1, 282),
(189, 1, 284),
(189, 1, 293),
(189, 1, 365),
(189, 1, 485),
(190, 1, 279),
(190, 1, 280),
(190, 1, 282),
(190, 1, 284),
(190, 1, 293),
(190, 1, 365),
(190, 1, 485),
(191, 1, 279),
(191, 1, 280),
(191, 1, 282),
(191, 1, 284),
(191, 1, 293),
(191, 1, 365),
(191, 1, 485),
(192, 1, 279),
(192, 1, 280),
(192, 1, 282),
(192, 1, 284),
(192, 1, 293),
(192, 1, 365),
(192, 1, 485),
(193, 1, 279),
(193, 1, 280),
(193, 1, 282),
(193, 1, 284),
(193, 1, 293),
(193, 1, 365),
(193, 1, 485),
(194, 1, 279),
(194, 1, 280),
(194, 1, 282),
(194, 1, 284),
(194, 1, 293),
(194, 1, 365),
(194, 1, 485),
(195, 1, 279),
(195, 1, 280),
(195, 1, 282),
(195, 1, 284),
(195, 1, 293),
(195, 1, 365),
(195, 1, 485),
(196, 1, 279),
(196, 1, 280),
(196, 1, 282),
(196, 1, 284),
(196, 1, 293),
(196, 1, 365),
(196, 1, 485),
(197, 1, 279),
(197, 1, 280),
(197, 1, 282),
(197, 1, 284),
(197, 1, 293),
(197, 1, 365),
(197, 1, 485),
(198, 1, 279),
(198, 1, 280),
(198, 1, 282),
(198, 1, 284),
(198, 1, 293),
(198, 1, 365),
(198, 1, 485),
(199, 1, 279),
(199, 1, 280),
(199, 1, 282),
(199, 1, 284),
(199, 1, 293),
(199, 1, 365),
(199, 1, 485),
(200, 1, 279),
(200, 1, 280),
(200, 1, 282),
(200, 1, 284),
(200, 1, 293),
(200, 1, 365),
(200, 1, 485),
(201, 1, 279),
(201, 1, 280),
(201, 1, 282),
(201, 1, 284),
(201, 1, 293),
(201, 1, 365),
(201, 1, 485),
(202, 1, 279),
(202, 1, 280),
(202, 1, 282),
(202, 1, 284),
(202, 1, 293),
(202, 1, 365),
(202, 1, 485),
(203, 1, 279),
(203, 1, 280),
(203, 1, 282),
(203, 1, 284),
(203, 1, 293),
(203, 1, 365),
(203, 1, 485),
(204, 1, 279),
(204, 1, 280),
(204, 1, 282),
(204, 1, 284),
(204, 1, 293),
(204, 1, 365),
(204, 1, 485),
(207, 1, 280),
(207, 1, 293),
(207, 1, 365),
(212, 1, 279),
(212, 1, 280),
(212, 1, 282),
(212, 1, 284),
(212, 1, 293),
(212, 1, 365),
(212, 1, 485),
(164, 2, 447),
(207, 2, 447),
(211, 1, 284),
(211, 1, 365),
(211, 1, 485),
(211, 2, 359),
(211, 2, 360),
(211, 2, 387),
(211, 2, 394),
(211, 2, 409),
(211, 2, 410),
(211, 2, 411),
(211, 2, 414),
(211, 2, 418),
(211, 2, 420),
(211, 2, 456),
(211, 2, 457),
(211, 2, 458),
(211, 2, 459),
(211, 2, 460),
(211, 2, 474),
(211, 2, 475),
(211, 2, 477),
(211, 2, 478),
(211, 2, 479),
(211, 2, 482),
(211, 2, 483),
(211, 2, 492),
(211, 2, 503),
(211, 9, 473),
(211, 12, 216),
(211, 12, 215),
(211, 12, 214),
(211, 12, 185),
(211, 12, 184),
(213, 1, 279),
(213, 1, 284),
(213, 1, 365),
(213, 2, 359),
(213, 2, 394),
(213, 2, 409),
(213, 2, 414),
(213, 2, 418),
(213, 2, 456),
(213, 2, 474),
(213, 2, 503),
(213, 6, 327),
(213, 6, 408),
(213, 9, 472),
(213, 9, 506),
(213, 9, 508),
(213, 11, 195),
(213, 11, 197),
(213, 11, 342),
(213, 11, 399),
(213, 11, 402),
(213, 11, 422),
(213, 11, 436),
(213, 11, 462),
(213, 11, 466),
(213, 11, 487),
(213, 12, 216),
(213, 12, 185),
(207, 1, 89),
(211, 1, 279),
(211, 1, 280),
(211, 1, 282),
(211, 1, 284),
(211, 1, 293),
(211, 1, 365),
(211, 1, 485),
(211, 2, 359),
(211, 2, 360),
(211, 2, 387),
(211, 2, 409),
(211, 2, 410),
(211, 2, 418),
(211, 2, 420),
(211, 2, 456),
(211, 2, 457),
(211, 2, 458),
(211, 2, 459),
(211, 2, 460),
(211, 2, 474),
(211, 2, 475),
(211, 2, 477),
(211, 2, 478),
(211, 2, 479),
(211, 2, 482),
(211, 2, 492),
(211, 2, 503),
(211, 2, 534),
(211, 2, 547),
(211, 2, 566),
(211, 2, 567),
(211, 2, 568),
(211, 2, 577),
(211, 2, 578),
(211, 2, 579),
(211, 2, 580),
(211, 2, 583),
(211, 2, 585),
(211, 2, 592),
(211, 2, 593),
(211, 2, 596),
(211, 2, 599),
(211, 2, 620),
(211, 2, 626),
(211, 2, 635),
(211, 6, 327),
(211, 6, 408),
(211, 6, 441),
(211, 6, 442),
(211, 6, 498),
(211, 6, 499),
(211, 6, 500),
(211, 6, 501),
(211, 9, 472),
(211, 9, 473),
(211, 9, 506),
(211, 9, 507),
(211, 9, 508),
(211, 11, 195),
(211, 11, 196),
(211, 11, 197),
(211, 11, 198),
(211, 11, 342),
(211, 11, 343),
(211, 11, 344),
(211, 11, 345),
(211, 11, 346),
(211, 11, 349),
(211, 11, 350),
(211, 11, 351),
(211, 11, 352),
(211, 11, 353),
(211, 11, 354),
(211, 11, 355),
(211, 11, 356),
(211, 11, 398),
(211, 11, 399),
(211, 11, 422),
(211, 11, 423),
(211, 11, 426),
(211, 11, 436),
(211, 11, 462),
(211, 11, 466),
(211, 11, 487),
(211, 11, 488),
(211, 11, 509),
(211, 11, 511),
(211, 11, 562),
(211, 12, 216),
(211, 12, 215),
(211, 12, 214),
(211, 12, 185),
(211, 12, 184),
(212, 1, 279),
(212, 1, 280),
(212, 1, 282),
(212, 1, 284),
(212, 1, 293),
(212, 1, 365),
(212, 1, 485),
(212, 2, 359),
(212, 2, 360),
(212, 2, 387),
(212, 2, 394),
(212, 2, 409),
(212, 2, 410),
(212, 2, 411),
(212, 2, 418),
(212, 2, 420),
(212, 2, 456),
(212, 2, 457),
(212, 2, 458),
(212, 2, 459),
(212, 2, 460),
(212, 2, 474),
(212, 2, 475),
(212, 2, 477),
(212, 2, 478),
(212, 2, 479),
(212, 2, 482),
(212, 2, 492),
(212, 2, 503),
(212, 2, 534),
(212, 2, 547),
(212, 2, 566),
(212, 2, 567),
(212, 2, 568),
(212, 2, 577),
(212, 2, 578),
(212, 2, 579),
(212, 2, 580),
(212, 2, 583),
(212, 2, 585),
(212, 2, 592),
(212, 2, 593),
(212, 2, 596),
(212, 2, 598),
(212, 2, 599),
(212, 2, 613),
(212, 2, 620),
(212, 2, 626),
(212, 2, 635),
(212, 6, 327),
(212, 6, 408),
(212, 6, 441),
(212, 6, 442),
(212, 6, 498),
(212, 6, 499),
(212, 6, 500),
(212, 6, 501),
(212, 9, 472),
(212, 9, 473),
(212, 9, 506),
(212, 9, 507),
(212, 9, 508),
(212, 11, 195),
(212, 11, 196),
(212, 11, 197),
(212, 11, 198),
(212, 11, 342),
(212, 11, 343),
(212, 11, 344),
(212, 11, 345),
(212, 11, 346),
(212, 11, 349),
(212, 11, 350),
(212, 11, 351),
(212, 11, 352),
(212, 11, 353),
(212, 11, 354),
(212, 11, 355),
(212, 11, 356),
(212, 11, 398),
(212, 11, 399),
(212, 11, 402),
(212, 11, 422),
(212, 11, 423),
(212, 11, 426),
(212, 11, 436),
(212, 11, 462),
(212, 11, 466),
(212, 11, 487),
(212, 11, 488),
(212, 11, 509),
(212, 11, 511),
(212, 11, 562),
(212, 12, 216),
(212, 12, 215),
(212, 12, 214),
(212, 12, 185),
(212, 12, 184),
(213, 1, 279),
(213, 1, 280),
(213, 1, 282),
(213, 1, 284),
(213, 1, 293),
(213, 1, 365),
(213, 1, 485),
(213, 2, 359),
(213, 2, 360),
(213, 2, 387),
(213, 2, 394),
(213, 2, 409),
(213, 2, 410),
(213, 2, 411),
(213, 2, 418),
(213, 2, 420),
(213, 2, 456),
(213, 2, 457),
(213, 2, 458),
(213, 2, 459),
(213, 2, 460),
(213, 2, 474),
(213, 2, 475),
(213, 2, 477),
(213, 2, 478),
(213, 2, 479),
(213, 2, 482),
(213, 2, 492),
(213, 2, 503),
(213, 2, 534),
(213, 2, 547),
(213, 2, 566),
(213, 2, 567),
(213, 2, 568),
(213, 2, 577),
(213, 2, 578),
(213, 2, 579),
(213, 2, 580),
(213, 2, 583),
(213, 2, 585),
(213, 2, 592),
(213, 2, 593),
(213, 2, 596),
(213, 2, 598),
(213, 2, 599),
(213, 2, 613),
(213, 2, 620),
(213, 2, 626),
(213, 2, 635),
(213, 6, 327),
(213, 6, 408),
(213, 6, 441),
(213, 6, 442),
(213, 6, 498),
(213, 6, 499),
(213, 6, 500),
(213, 6, 501),
(213, 9, 472),
(213, 9, 473),
(213, 9, 506),
(213, 9, 507),
(213, 9, 508),
(213, 11, 195),
(213, 11, 196),
(213, 11, 197),
(213, 11, 198),
(213, 11, 342),
(213, 11, 343),
(213, 11, 344),
(213, 11, 345),
(213, 11, 346),
(213, 11, 349),
(213, 11, 350),
(213, 11, 351),
(213, 11, 352),
(213, 11, 353),
(213, 11, 354),
(213, 11, 355),
(213, 11, 356),
(213, 11, 398),
(213, 11, 399),
(213, 11, 402),
(213, 11, 422),
(213, 11, 423),
(213, 11, 426),
(213, 11, 436),
(213, 11, 462),
(213, 11, 466),
(213, 11, 487),
(213, 11, 488),
(213, 11, 509),
(213, 11, 511),
(213, 11, 562),
(213, 12, 216),
(213, 12, 215),
(213, 12, 214),
(213, 12, 185),
(213, 12, 184),
(205, 1, 89),
(205, 1, 279),
(205, 1, 280),
(205, 1, 282),
(205, 1, 284),
(205, 1, 293),
(205, 1, 365),
(205, 1, 485),
(205, 2, 359),
(205, 2, 360),
(205, 2, 387),
(205, 2, 394),
(205, 2, 409),
(205, 2, 410),
(205, 2, 411),
(205, 2, 418),
(205, 2, 420),
(205, 2, 456),
(205, 2, 457),
(205, 2, 458),
(205, 2, 459),
(205, 2, 460),
(205, 2, 474),
(205, 2, 475),
(205, 2, 477),
(205, 2, 478),
(205, 2, 479),
(205, 2, 482),
(205, 2, 492),
(205, 2, 503),
(205, 2, 534),
(205, 2, 547),
(205, 2, 566),
(205, 2, 567),
(205, 2, 568),
(205, 2, 577),
(205, 2, 578),
(205, 2, 579),
(205, 2, 580),
(205, 2, 583),
(205, 2, 585),
(205, 2, 592),
(205, 2, 593),
(205, 2, 596),
(205, 2, 598),
(205, 2, 613),
(205, 2, 620),
(205, 2, 626),
(205, 2, 646),
(205, 2, 653),
(205, 6, 327),
(205, 6, 408),
(205, 6, 441),
(205, 6, 442),
(205, 6, 498),
(205, 6, 499),
(205, 6, 500),
(205, 6, 501),
(205, 9, 472),
(205, 9, 473),
(205, 9, 506),
(205, 9, 507),
(205, 9, 508),
(205, 11, 195),
(205, 11, 196),
(205, 11, 197),
(205, 11, 198),
(205, 11, 342),
(205, 11, 343),
(205, 11, 344),
(205, 11, 345),
(205, 11, 346),
(205, 11, 349),
(205, 11, 350),
(205, 11, 351),
(205, 11, 352),
(205, 11, 353),
(205, 11, 354),
(205, 11, 355),
(205, 11, 356),
(205, 11, 398),
(205, 11, 399),
(205, 11, 402),
(205, 11, 422),
(205, 11, 423),
(205, 11, 426),
(205, 11, 436),
(205, 11, 462),
(205, 11, 466),
(205, 11, 487),
(205, 11, 488),
(205, 11, 509),
(205, 11, 511),
(205, 11, 562),
(205, 12, 216),
(205, 12, 215),
(205, 12, 214),
(205, 12, 185),
(205, 12, 184),
(214, 1, 279),
(214, 1, 280),
(214, 1, 282),
(214, 1, 284),
(214, 1, 293),
(214, 1, 365),
(214, 1, 485),
(214, 2, 359),
(214, 2, 394),
(214, 2, 409),
(214, 2, 418),
(214, 2, 456),
(214, 2, 503),
(214, 2, 534),
(214, 2, 547),
(214, 2, 566),
(214, 2, 577),
(214, 2, 579),
(214, 2, 580),
(214, 2, 620),
(214, 6, 327),
(214, 6, 408),
(214, 9, 473),
(214, 9, 507),
(214, 9, 508),
(214, 11, 195),
(214, 11, 197),
(214, 11, 342),
(214, 11, 399),
(214, 11, 402),
(214, 11, 422),
(214, 11, 436),
(214, 11, 462),
(214, 11, 466),
(214, 11, 487),
(214, 11, 562),
(214, 12, 216),
(214, 12, 185),
(215, 1, 279),
(215, 1, 280),
(215, 1, 282),
(215, 1, 284),
(215, 1, 293),
(215, 1, 365),
(215, 1, 485),
(215, 2, 359),
(215, 2, 394),
(215, 2, 409),
(215, 2, 418),
(215, 2, 456),
(215, 2, 474),
(215, 2, 503),
(215, 2, 534),
(215, 2, 547),
(215, 2, 566),
(215, 2, 577),
(215, 2, 579),
(215, 2, 580),
(215, 2, 620),
(215, 6, 327),
(215, 6, 408),
(215, 9, 472),
(215, 9, 506),
(215, 9, 508),
(215, 11, 196),
(215, 11, 198),
(215, 11, 342),
(215, 11, 399),
(215, 11, 402),
(215, 11, 422),
(215, 11, 462),
(215, 11, 487),
(215, 11, 509),
(215, 11, 562),
(215, 12, 216),
(215, 12, 184),
(219, 1, 279),
(219, 1, 280),
(219, 1, 282),
(219, 1, 284),
(219, 1, 293),
(219, 1, 365),
(219, 1, 485),
(219, 2, 119),
(219, 2, 359),
(219, 2, 360),
(219, 2, 387),
(219, 2, 394),
(219, 2, 409),
(219, 2, 410),
(219, 2, 411),
(219, 2, 418),
(219, 2, 420),
(219, 2, 456),
(219, 2, 457),
(219, 2, 458),
(219, 2, 459),
(219, 2, 460),
(219, 2, 474),
(219, 2, 475),
(219, 2, 477),
(219, 2, 478),
(219, 2, 479),
(219, 2, 482),
(219, 2, 492),
(219, 2, 503),
(219, 2, 534),
(219, 2, 566),
(219, 2, 567),
(219, 2, 568),
(219, 2, 577),
(219, 2, 578),
(219, 2, 579),
(219, 2, 580),
(219, 2, 583),
(219, 2, 585),
(219, 2, 592),
(219, 2, 593),
(219, 2, 596),
(219, 2, 598),
(219, 2, 613),
(219, 2, 620),
(219, 2, 626),
(219, 2, 653),
(219, 6, 327),
(219, 6, 408),
(219, 6, 441),
(219, 6, 442),
(219, 6, 498),
(219, 6, 499),
(219, 6, 500),
(219, 6, 501),
(219, 9, 472),
(219, 9, 473),
(219, 9, 506),
(219, 9, 507),
(219, 9, 508),
(219, 11, 195),
(219, 11, 196),
(219, 11, 197),
(219, 11, 198),
(219, 11, 342),
(219, 11, 343),
(219, 11, 344),
(219, 11, 345),
(219, 11, 346),
(219, 11, 349),
(219, 11, 350),
(219, 11, 351),
(219, 11, 352),
(219, 11, 353),
(219, 11, 354),
(219, 11, 355),
(219, 11, 356),
(219, 11, 398),
(219, 11, 399),
(219, 11, 402),
(219, 11, 422),
(219, 11, 423),
(219, 11, 426),
(219, 11, 436),
(219, 11, 462),
(219, 11, 466),
(219, 11, 487),
(219, 11, 488),
(219, 11, 509),
(219, 11, 511),
(219, 11, 562),
(219, 12, 216),
(219, 12, 215),
(219, 12, 214),
(219, 12, 185),
(219, 12, 184),
(220, 1, 279),
(220, 1, 293),
(220, 1, 365),
(220, 2, 359),
(220, 2, 394),
(220, 2, 409),
(220, 2, 418),
(220, 2, 456),
(220, 2, 474),
(220, 2, 503),
(220, 2, 534),
(220, 2, 547),
(220, 2, 566),
(220, 2, 577),
(220, 2, 579),
(220, 2, 580),
(220, 2, 620),
(220, 6, 441),
(220, 6, 442),
(220, 9, 473),
(220, 9, 507),
(220, 9, 508),
(220, 11, 196),
(220, 11, 198),
(220, 11, 343),
(220, 11, 399),
(220, 11, 402),
(220, 11, 422),
(220, 11, 436),
(220, 11, 462),
(220, 11, 466),
(220, 11, 487),
(220, 11, 562),
(220, 12, 216),
(220, 12, 185),
(221, 1, 279),
(221, 1, 284),
(221, 1, 365),
(221, 2, 359),
(221, 2, 394),
(221, 2, 409),
(221, 2, 418),
(221, 2, 456),
(221, 2, 474),
(221, 2, 503),
(221, 2, 534),
(221, 2, 547),
(221, 2, 566),
(221, 2, 577),
(221, 2, 579),
(221, 2, 580),
(221, 2, 620),
(221, 6, 441),
(221, 6, 442),
(221, 9, 473),
(221, 9, 507),
(221, 9, 508),
(221, 11, 196),
(221, 11, 198),
(221, 11, 343),
(221, 11, 399),
(221, 11, 402),
(221, 11, 422),
(221, 11, 436),
(221, 11, 462),
(221, 11, 466),
(221, 11, 487),
(221, 11, 562),
(221, 12, 215),
(221, 12, 184),
(223, 1, 279),
(223, 1, 280),
(223, 1, 282),
(223, 1, 284),
(223, 1, 293),
(223, 1, 365),
(223, 1, 485),
(223, 2, 359),
(223, 2, 360),
(223, 2, 387),
(223, 2, 394),
(223, 2, 409),
(223, 2, 410),
(223, 2, 411),
(223, 2, 418),
(223, 2, 420),
(223, 2, 456),
(223, 2, 457),
(223, 2, 458),
(223, 2, 459),
(223, 2, 460),
(223, 2, 474),
(223, 2, 475),
(223, 2, 477),
(223, 2, 478),
(223, 2, 479),
(223, 2, 482),
(223, 2, 492),
(223, 2, 503),
(223, 2, 534),
(223, 2, 547),
(223, 2, 566),
(223, 2, 567),
(223, 2, 568),
(223, 2, 577),
(223, 2, 578),
(223, 2, 579),
(223, 2, 580),
(223, 2, 583),
(223, 2, 585),
(223, 2, 592),
(223, 2, 593),
(223, 2, 596),
(223, 2, 598),
(223, 2, 613),
(223, 2, 620),
(223, 2, 626),
(223, 2, 653),
(223, 6, 327),
(223, 6, 408),
(223, 6, 441),
(223, 6, 442),
(223, 6, 498),
(223, 6, 499),
(223, 6, 500),
(223, 6, 501),
(223, 9, 472),
(223, 9, 473),
(223, 9, 506),
(223, 9, 507),
(223, 9, 508),
(223, 11, 195),
(223, 11, 196),
(223, 11, 197),
(223, 11, 198),
(223, 11, 342),
(223, 11, 343),
(223, 11, 344),
(223, 11, 345),
(223, 11, 346),
(223, 11, 349),
(223, 11, 350),
(223, 11, 351),
(223, 11, 352),
(223, 11, 353),
(223, 11, 354),
(223, 11, 355),
(223, 11, 356),
(223, 11, 398),
(223, 11, 399),
(223, 11, 402),
(223, 11, 422),
(223, 11, 423),
(223, 11, 426),
(223, 11, 436),
(223, 11, 462),
(223, 11, 466),
(223, 11, 487),
(223, 11, 488),
(223, 11, 509),
(223, 11, 511),
(223, 11, 562),
(223, 12, 216),
(223, 12, 215),
(223, 12, 214),
(223, 12, 185),
(223, 12, 184),
(224, 1, 279),
(224, 1, 280),
(224, 1, 282),
(224, 1, 284),
(224, 1, 293),
(224, 1, 365),
(224, 1, 485),
(224, 2, 359),
(224, 2, 360),
(224, 2, 387),
(224, 2, 394),
(224, 2, 409),
(224, 2, 410),
(224, 2, 411),
(224, 2, 418),
(224, 2, 420),
(224, 2, 456),
(224, 2, 457),
(224, 2, 458),
(224, 2, 459),
(224, 2, 460),
(224, 2, 474),
(224, 2, 475),
(224, 2, 477),
(224, 2, 478),
(224, 2, 479),
(224, 2, 482),
(224, 2, 492),
(224, 2, 503),
(224, 2, 534),
(224, 2, 547),
(224, 2, 566),
(224, 2, 567),
(224, 2, 568),
(224, 2, 577),
(224, 2, 578),
(224, 2, 579),
(224, 2, 580),
(224, 2, 583),
(224, 2, 585),
(224, 2, 592),
(224, 2, 593),
(224, 2, 596),
(224, 2, 598),
(224, 2, 613),
(224, 2, 620),
(224, 2, 626),
(224, 2, 653),
(224, 6, 327),
(224, 6, 408),
(224, 6, 441),
(224, 6, 442),
(224, 6, 498),
(224, 6, 499),
(224, 6, 500),
(224, 6, 501),
(224, 9, 472),
(224, 9, 473),
(224, 9, 506),
(224, 9, 507),
(224, 9, 508),
(224, 11, 195),
(224, 11, 196),
(224, 11, 197),
(224, 11, 198),
(224, 11, 342),
(224, 11, 343),
(224, 11, 344),
(224, 11, 345),
(224, 11, 346),
(224, 11, 349),
(224, 11, 350),
(224, 11, 351),
(224, 11, 352),
(224, 11, 353),
(224, 11, 354),
(224, 11, 355),
(224, 11, 356),
(224, 11, 398),
(224, 11, 399),
(224, 11, 402),
(224, 11, 422),
(224, 11, 423),
(224, 11, 426),
(224, 11, 462),
(224, 11, 466),
(224, 11, 487),
(224, 11, 488),
(224, 11, 562),
(224, 12, 216),
(224, 12, 215),
(224, 12, 214),
(224, 12, 185),
(224, 12, 184),
(225, 1, 279),
(225, 1, 284),
(225, 1, 365),
(225, 2, 359),
(225, 2, 394),
(225, 2, 409),
(225, 2, 418),
(225, 2, 456),
(225, 2, 474),
(225, 2, 503),
(225, 2, 534),
(225, 2, 547),
(225, 2, 566),
(225, 2, 577),
(225, 2, 579),
(225, 2, 580),
(225, 2, 620),
(225, 6, 327),
(225, 6, 441),
(225, 9, 472),
(225, 9, 506),
(225, 9, 508),
(225, 11, 195),
(225, 11, 197),
(225, 11, 342),
(225, 11, 399),
(225, 11, 402),
(225, 11, 422),
(225, 11, 436),
(225, 11, 462),
(225, 11, 466),
(225, 11, 487),
(225, 11, 562),
(225, 12, 216),
(225, 12, 185),
(227, 1, 279),
(227, 1, 293),
(227, 1, 365),
(227, 2, 359),
(227, 2, 394),
(227, 2, 409),
(227, 2, 418),
(227, 2, 456),
(227, 2, 474),
(227, 2, 503),
(227, 2, 534),
(227, 2, 547),
(227, 2, 566),
(227, 2, 577),
(227, 2, 579),
(227, 2, 580),
(227, 2, 620),
(227, 6, 441),
(227, 6, 442),
(227, 9, 473),
(227, 9, 507),
(227, 9, 508),
(227, 11, 196),
(227, 11, 198),
(227, 11, 343),
(227, 11, 399),
(227, 11, 402),
(227, 11, 422),
(227, 11, 436),
(227, 11, 462),
(227, 11, 466),
(227, 11, 487),
(227, 11, 562),
(227, 12, 216),
(227, 12, 185),
(229, 1, 279),
(229, 1, 293),
(229, 1, 365),
(229, 2, 359),
(229, 2, 394),
(229, 2, 409),
(229, 2, 418),
(229, 2, 456),
(229, 2, 474),
(229, 2, 503),
(229, 2, 534),
(229, 2, 547),
(229, 2, 566),
(229, 2, 577),
(229, 2, 579),
(229, 2, 580),
(229, 2, 620),
(229, 6, 441),
(229, 6, 442),
(229, 9, 473),
(229, 9, 507),
(229, 9, 508),
(229, 11, 196),
(229, 11, 198),
(229, 11, 343),
(229, 11, 399),
(229, 11, 402),
(229, 11, 422),
(229, 11, 436),
(229, 11, 462),
(229, 11, 466),
(229, 11, 487),
(229, 11, 562),
(229, 12, 216),
(229, 12, 185),
(230, 1, 279),
(230, 1, 280),
(230, 1, 282),
(230, 1, 284),
(230, 1, 293),
(230, 1, 365),
(230, 1, 485),
(230, 2, 119),
(230, 2, 359),
(230, 2, 360),
(230, 2, 387),
(230, 2, 394),
(230, 2, 409),
(230, 2, 410),
(230, 2, 411),
(230, 2, 418),
(230, 2, 420),
(230, 2, 456),
(230, 2, 457),
(230, 2, 458),
(230, 2, 459),
(230, 2, 460),
(230, 2, 474),
(230, 2, 475),
(230, 2, 477),
(230, 2, 478),
(230, 2, 479),
(230, 2, 482),
(230, 2, 492),
(230, 2, 503),
(230, 2, 534),
(230, 2, 566),
(230, 2, 567),
(230, 2, 568),
(230, 2, 577),
(230, 2, 578),
(230, 2, 579),
(230, 2, 580),
(230, 2, 583),
(230, 2, 585),
(230, 2, 592),
(230, 2, 593),
(230, 2, 596),
(230, 2, 598),
(230, 2, 613),
(230, 2, 620),
(230, 2, 626),
(230, 2, 653),
(230, 6, 327),
(230, 6, 408),
(230, 6, 441),
(230, 6, 442),
(230, 6, 498),
(230, 6, 499),
(230, 6, 500),
(230, 6, 501),
(230, 9, 472),
(230, 9, 473),
(230, 9, 506),
(230, 9, 507),
(230, 9, 508),
(230, 11, 195),
(230, 11, 196),
(230, 11, 197),
(230, 11, 198),
(230, 11, 342),
(230, 11, 343),
(230, 11, 344),
(230, 11, 345),
(230, 11, 346),
(230, 11, 349),
(230, 11, 350),
(230, 11, 351),
(230, 11, 352),
(230, 11, 353),
(230, 11, 354),
(230, 11, 355),
(230, 11, 356),
(230, 11, 398),
(230, 11, 399),
(230, 11, 402),
(230, 11, 422),
(230, 11, 423),
(230, 11, 426),
(230, 11, 436),
(230, 11, 462),
(230, 11, 466),
(230, 11, 487),
(230, 11, 488),
(230, 11, 509),
(230, 11, 511),
(230, 11, 562),
(230, 12, 216),
(230, 12, 215),
(230, 12, 214),
(230, 12, 185),
(230, 12, 184),
(232, 1, 279),
(232, 1, 284),
(232, 1, 293),
(232, 1, 365),
(232, 2, 359),
(232, 2, 360),
(232, 2, 387),
(232, 2, 394),
(232, 2, 409),
(232, 2, 410),
(232, 2, 411),
(232, 2, 418),
(232, 2, 420),
(232, 2, 456),
(232, 2, 457),
(232, 2, 458),
(232, 2, 459),
(232, 2, 460),
(232, 2, 474),
(232, 2, 475),
(232, 2, 477),
(232, 2, 478),
(232, 2, 479),
(232, 2, 482),
(232, 2, 492),
(232, 2, 503),
(232, 2, 534),
(232, 2, 547),
(232, 2, 566),
(232, 2, 567),
(232, 2, 568),
(232, 2, 577),
(232, 2, 578),
(232, 2, 579),
(232, 2, 580),
(232, 2, 583),
(232, 2, 585),
(232, 2, 592),
(232, 2, 593),
(232, 2, 596),
(232, 2, 598),
(232, 2, 613),
(232, 2, 620),
(232, 2, 626),
(232, 2, 653),
(232, 2, 656),
(232, 6, 327),
(232, 6, 408),
(232, 9, 473),
(232, 9, 506),
(232, 9, 508),
(232, 11, 196),
(232, 11, 197),
(232, 11, 343),
(232, 11, 399),
(232, 11, 402),
(232, 11, 422),
(232, 11, 436),
(232, 11, 462),
(232, 11, 466),
(232, 11, 488),
(232, 11, 509),
(232, 11, 511),
(232, 11, 562),
(232, 12, 216),
(232, 12, 185),
(233, 1, 279),
(233, 1, 280),
(233, 1, 282),
(233, 1, 284),
(233, 1, 293),
(233, 1, 365),
(233, 1, 485),
(233, 2, 360),
(233, 2, 409),
(233, 2, 411),
(233, 2, 420),
(233, 2, 457),
(233, 2, 475),
(233, 2, 503),
(233, 2, 534),
(233, 2, 547),
(233, 2, 566),
(233, 2, 567),
(233, 2, 568),
(233, 2, 577),
(233, 2, 579),
(233, 2, 580),
(233, 2, 583),
(233, 2, 585),
(233, 2, 620),
(233, 2, 656),
(233, 6, 441),
(233, 6, 442),
(233, 9, 472),
(233, 9, 507),
(233, 9, 508),
(233, 11, 196),
(233, 11, 198),
(233, 11, 343),
(233, 11, 399),
(233, 11, 402),
(233, 11, 422),
(233, 11, 436),
(233, 11, 462),
(233, 11, 466),
(233, 11, 487),
(233, 11, 562),
(233, 12, 216),
(233, 12, 185),
(238, 1, 279),
(238, 1, 280),
(238, 1, 282),
(238, 1, 485),
(238, 12, 216),
(238, 12, 215),
(238, 12, 214),
(238, 12, 185),
(242, 1, 279),
(242, 1, 284),
(242, 1, 365),
(242, 2, 387),
(242, 2, 410),
(242, 2, 420),
(242, 2, 457),
(242, 2, 477),
(242, 2, 503),
(242, 2, 547),
(242, 2, 567),
(242, 2, 577),
(242, 2, 579),
(242, 2, 580),
(242, 2, 598),
(242, 2, 620),
(242, 2, 653),
(242, 2, 656),
(242, 6, 441),
(242, 6, 442),
(242, 9, 473),
(242, 9, 507),
(242, 9, 508),
(242, 11, 196),
(242, 11, 198),
(242, 11, 344),
(242, 11, 345),
(242, 11, 399),
(242, 11, 402),
(242, 11, 423),
(242, 11, 462),
(242, 11, 466),
(242, 11, 488),
(242, 11, 509),
(242, 11, 562),
(242, 12, 216),
(242, 12, 215),
(242, 12, 214),
(242, 12, 185),
(242, 12, 184),
(241, 1, 279),
(241, 1, 293),
(241, 1, 365),
(241, 2, 360),
(241, 2, 411),
(241, 2, 458),
(241, 2, 475),
(241, 2, 482),
(241, 2, 492),
(241, 2, 503),
(241, 2, 547),
(241, 2, 568),
(241, 2, 579),
(241, 2, 580),
(241, 2, 620),
(241, 2, 626),
(241, 2, 653),
(241, 2, 656),
(241, 6, 441),
(241, 6, 442),
(241, 9, 473),
(241, 9, 507),
(241, 9, 508),
(241, 11, 196),
(241, 11, 198),
(241, 11, 343),
(241, 11, 399),
(241, 11, 402),
(241, 11, 423),
(241, 11, 462),
(241, 11, 466),
(241, 11, 488),
(241, 11, 509),
(241, 11, 562),
(241, 12, 215),
(241, 12, 184),
(243, 1, 279),
(243, 1, 284),
(243, 1, 365),
(243, 2, 387),
(243, 2, 410),
(243, 2, 420),
(243, 2, 457),
(243, 2, 477),
(243, 2, 503),
(243, 2, 547),
(243, 2, 567),
(243, 2, 577),
(243, 2, 579),
(243, 2, 580),
(243, 2, 598),
(243, 2, 620),
(243, 2, 653),
(243, 2, 656),
(243, 6, 441),
(243, 6, 442),
(243, 9, 473),
(243, 9, 507),
(243, 9, 508),
(243, 11, 196),
(243, 11, 198),
(243, 11, 344),
(243, 11, 345),
(243, 11, 399),
(243, 11, 402),
(243, 11, 423),
(243, 11, 462),
(243, 11, 466),
(243, 11, 488),
(243, 11, 509),
(243, 11, 562),
(243, 12, 216),
(243, 12, 215),
(243, 12, 214),
(243, 12, 185),
(243, 12, 184),
(245, 1, 279),
(245, 1, 280),
(245, 1, 282),
(245, 1, 284),
(245, 1, 293),
(245, 1, 365),
(245, 1, 485),
(245, 2, 359),
(245, 2, 360),
(245, 2, 387),
(245, 2, 394),
(245, 2, 409),
(245, 2, 410),
(245, 2, 411),
(245, 2, 418),
(245, 2, 420),
(245, 2, 456),
(245, 2, 457),
(245, 2, 458),
(245, 2, 459),
(245, 2, 460),
(245, 2, 474),
(245, 2, 475),
(245, 2, 477),
(245, 2, 478),
(245, 2, 479),
(245, 2, 482),
(245, 2, 492),
(245, 2, 503),
(245, 2, 534),
(245, 2, 547),
(245, 2, 566),
(245, 2, 567),
(245, 2, 568),
(245, 2, 577),
(245, 2, 578),
(245, 2, 579),
(245, 2, 580),
(245, 2, 583),
(245, 2, 585),
(245, 2, 592),
(245, 2, 593),
(245, 2, 596),
(245, 2, 598),
(245, 2, 613),
(245, 2, 620),
(245, 2, 626),
(245, 2, 653),
(245, 2, 656),
(245, 6, 327),
(245, 6, 408),
(245, 6, 441),
(245, 6, 442),
(245, 6, 498),
(245, 6, 499),
(245, 6, 500),
(245, 6, 501),
(245, 9, 472),
(245, 9, 473),
(245, 9, 506),
(245, 9, 507),
(245, 9, 508),
(245, 11, 195),
(245, 11, 196),
(245, 11, 197),
(245, 11, 198),
(245, 11, 342),
(245, 11, 343),
(245, 11, 344),
(245, 11, 345),
(245, 11, 346),
(245, 11, 349),
(245, 11, 350),
(245, 11, 351),
(245, 11, 352),
(245, 11, 353),
(245, 11, 354),
(245, 11, 355),
(245, 11, 356),
(245, 11, 398),
(245, 11, 399),
(245, 11, 402),
(245, 11, 422),
(245, 11, 423),
(245, 11, 426),
(245, 11, 436),
(245, 11, 462),
(245, 11, 466),
(245, 11, 487),
(245, 11, 488),
(245, 11, 509),
(245, 11, 511),
(245, 11, 562),
(245, 12, 216),
(245, 12, 215),
(245, 12, 214),
(245, 12, 185),
(245, 12, 184),
(250, 1, 280),
(250, 1, 282),
(250, 1, 293),
(250, 1, 365),
(250, 1, 485),
(250, 2, 360),
(250, 2, 387),
(250, 2, 410),
(250, 2, 411),
(250, 2, 420),
(250, 2, 457),
(250, 2, 458),
(250, 2, 459),
(250, 2, 460),
(250, 2, 475),
(250, 2, 477),
(250, 2, 478),
(250, 2, 479),
(250, 2, 482),
(250, 2, 492),
(250, 2, 503),
(250, 2, 547),
(250, 2, 567),
(250, 2, 568),
(250, 2, 578),
(250, 2, 579),
(250, 2, 580),
(250, 2, 583),
(250, 2, 585),
(250, 2, 592),
(250, 2, 593),
(250, 2, 596),
(250, 2, 598),
(250, 2, 613),
(250, 2, 620),
(250, 2, 626),
(250, 2, 653),
(250, 2, 656),
(250, 6, 441),
(250, 6, 442),
(250, 6, 498),
(250, 6, 499),
(250, 6, 500),
(250, 6, 501),
(250, 9, 473),
(250, 9, 507),
(250, 9, 508),
(250, 11, 196),
(250, 11, 198),
(250, 11, 343),
(250, 11, 344),
(250, 11, 345),
(250, 11, 346),
(250, 11, 349),
(250, 11, 350),
(250, 11, 351),
(250, 11, 352),
(250, 11, 353),
(250, 11, 354),
(250, 11, 355),
(250, 11, 356),
(250, 11, 398),
(250, 11, 399),
(250, 11, 402),
(250, 11, 423),
(250, 11, 426),
(250, 11, 462),
(250, 11, 466),
(250, 11, 488),
(250, 11, 509),
(250, 11, 511),
(250, 11, 562),
(250, 12, 216),
(250, 12, 215),
(250, 12, 214),
(250, 12, 184),
(250, 12, 174),
(250, 12, 173),
(250, 12, 171),
(250, 12, 170),
(250, 12, 169),
(250, 12, 168),
(250, 12, 122),
(250, 12, 121),
(250, 12, 120),
(250, 12, 119),
(250, 12, 118),
(250, 12, 109),
(250, 12, 108),
(250, 12, 105),
(249, 1, 279),
(249, 1, 280),
(249, 1, 282),
(249, 1, 284),
(249, 1, 293),
(249, 1, 365),
(249, 1, 485),
(249, 2, 359),
(249, 2, 360),
(249, 2, 387),
(249, 2, 394),
(249, 2, 409),
(249, 2, 410),
(249, 2, 411),
(249, 2, 418),
(249, 2, 420),
(249, 2, 456),
(249, 2, 457),
(249, 2, 458),
(249, 2, 459),
(249, 2, 460),
(249, 2, 474),
(249, 2, 475),
(249, 2, 477),
(249, 2, 478),
(249, 2, 479),
(249, 2, 482),
(249, 2, 492),
(249, 2, 503),
(249, 2, 534),
(249, 2, 547),
(249, 2, 566),
(249, 2, 567),
(249, 2, 568),
(249, 2, 577),
(249, 2, 578),
(249, 2, 579),
(249, 2, 580),
(249, 2, 583),
(249, 2, 585),
(249, 2, 592),
(249, 2, 593),
(249, 2, 596),
(249, 2, 598),
(249, 2, 613),
(249, 2, 620),
(249, 2, 626),
(249, 2, 653),
(249, 2, 656),
(249, 3, 183),
(249, 3, 274),
(249, 3, 275),
(249, 3, 367),
(249, 3, 396),
(249, 3, 430),
(249, 6, 327),
(249, 6, 408),
(249, 6, 441),
(249, 6, 442),
(249, 6, 498),
(249, 6, 499),
(249, 6, 500),
(249, 6, 501),
(249, 9, 472),
(249, 9, 473),
(249, 9, 506),
(249, 9, 507),
(249, 9, 508),
(249, 11, 195),
(249, 11, 196),
(249, 11, 197),
(249, 11, 198),
(249, 11, 342),
(249, 11, 343),
(249, 11, 344),
(249, 11, 345),
(249, 11, 346),
(249, 11, 349),
(249, 11, 350),
(249, 11, 351),
(249, 11, 352),
(249, 11, 353),
(249, 11, 354),
(249, 11, 355),
(249, 11, 356),
(249, 11, 398),
(249, 11, 399),
(249, 11, 402),
(249, 11, 422),
(249, 11, 423),
(249, 11, 426),
(249, 11, 436),
(249, 11, 462),
(249, 11, 466),
(249, 11, 487),
(249, 11, 488),
(249, 11, 509),
(249, 11, 511),
(249, 11, 562),
(249, 12, 216),
(249, 12, 215),
(249, 12, 214),
(249, 12, 185),
(249, 12, 184),
(249, 12, 175),
(249, 12, 174),
(249, 12, 173),
(249, 12, 171),
(249, 12, 170),
(249, 12, 169),
(249, 12, 168),
(249, 12, 125),
(249, 12, 124),
(249, 12, 123),
(249, 12, 122),
(249, 12, 121),
(249, 12, 120),
(249, 12, 119),
(249, 12, 118),
(249, 12, 112),
(249, 12, 111),
(249, 12, 110),
(249, 12, 109),
(249, 12, 108),
(249, 12, 105),
(258, 1, 279),
(258, 1, 280),
(258, 1, 282),
(258, 1, 293),
(258, 1, 365),
(258, 1, 485),
(258, 1, 672),
(258, 2, 418),
(258, 2, 456),
(258, 2, 474),
(258, 2, 566),
(258, 2, 577),
(258, 2, 579),
(258, 2, 580),
(258, 2, 620),
(258, 2, 669),
(258, 3, 183),
(258, 3, 274),
(258, 3, 367),
(258, 3, 396),
(258, 3, 666),
(258, 6, 408),
(258, 6, 442),
(258, 9, 472),
(258, 9, 506),
(258, 9, 508),
(258, 11, 195),
(258, 11, 197),
(258, 11, 342),
(258, 11, 399),
(258, 11, 402),
(258, 11, 422),
(258, 11, 436),
(258, 11, 462),
(258, 11, 466),
(258, 11, 487),
(258, 11, 562),
(258, 12, 216),
(258, 12, 185),
(258, 12, 175),
(258, 12, 174),
(258, 12, 112),
(260, 1, 279),
(260, 1, 284),
(260, 1, 365),
(260, 1, 672),
(260, 2, 418),
(260, 2, 456),
(260, 2, 474),
(260, 2, 580),
(260, 2, 620),
(260, 2, 669),
(260, 3, 183),
(260, 3, 274),
(260, 3, 367),
(260, 3, 396),
(260, 3, 666),
(260, 6, 408),
(260, 6, 442),
(260, 9, 472),
(260, 9, 506),
(260, 9, 508),
(260, 11, 195),
(260, 11, 197),
(260, 11, 342),
(260, 11, 399),
(260, 11, 402),
(260, 11, 422),
(260, 11, 436),
(260, 11, 462),
(260, 11, 466),
(260, 11, 487),
(260, 11, 562),
(260, 12, 216),
(260, 12, 185),
(260, 12, 175),
(260, 12, 174),
(260, 12, 112),
(262, 1, 279),
(262, 1, 284),
(262, 1, 365),
(262, 1, 672),
(262, 2, 418),
(262, 2, 456),
(262, 2, 474),
(262, 2, 580),
(262, 2, 620),
(262, 2, 669),
(262, 3, 183),
(262, 3, 274),
(262, 3, 367),
(262, 3, 396),
(262, 3, 666),
(262, 6, 408),
(262, 6, 442),
(262, 9, 472),
(262, 9, 506),
(262, 9, 508),
(262, 11, 195),
(262, 11, 197),
(262, 11, 342),
(262, 11, 399),
(262, 11, 402),
(262, 11, 422),
(262, 11, 436),
(262, 11, 462),
(262, 11, 466),
(262, 11, 487),
(262, 11, 562),
(262, 12, 216),
(262, 12, 185),
(262, 12, 175),
(262, 12, 174),
(262, 12, 112),
(263, 1, 279),
(263, 1, 284),
(263, 1, 365),
(263, 1, 672),
(263, 2, 418),
(263, 2, 456),
(263, 2, 474),
(263, 2, 580),
(263, 2, 620),
(263, 2, 669),
(263, 3, 183),
(263, 3, 274),
(263, 3, 367),
(263, 3, 396),
(263, 3, 666),
(263, 6, 408),
(263, 6, 442),
(263, 9, 472),
(263, 9, 506),
(263, 9, 508),
(263, 11, 195),
(263, 11, 197),
(263, 11, 342),
(263, 11, 399),
(263, 11, 402),
(263, 11, 422),
(263, 11, 436),
(263, 11, 462),
(263, 11, 466),
(263, 11, 487),
(263, 11, 562),
(263, 12, 216),
(263, 12, 185),
(263, 12, 175),
(263, 12, 174),
(263, 12, 112),
(266, 1, 284),
(266, 1, 672),
(266, 2, 418),
(266, 2, 456),
(266, 2, 474),
(266, 2, 580),
(266, 2, 620),
(266, 2, 669),
(266, 3, 183),
(266, 3, 274),
(266, 3, 367),
(266, 3, 396),
(266, 3, 666),
(266, 6, 408),
(266, 6, 442),
(266, 9, 506),
(266, 9, 508),
(266, 11, 195),
(266, 11, 342),
(266, 11, 399),
(266, 11, 402),
(266, 11, 422),
(266, 11, 436),
(266, 11, 462),
(266, 11, 466),
(266, 11, 488),
(266, 11, 562),
(266, 12, 215),
(266, 12, 184),
(266, 12, 171),
(266, 12, 124),
(266, 12, 110),
(267, 1, 284),
(267, 1, 672),
(267, 2, 418),
(267, 2, 456),
(267, 2, 474),
(267, 2, 580),
(267, 2, 620),
(267, 2, 669),
(267, 3, 183),
(267, 3, 274),
(267, 3, 367),
(267, 3, 396),
(267, 3, 666),
(267, 6, 408),
(267, 6, 442),
(267, 9, 506),
(267, 9, 508),
(267, 11, 195),
(267, 11, 342),
(267, 11, 399),
(267, 11, 402),
(267, 11, 422),
(267, 11, 436),
(267, 11, 462),
(267, 11, 466),
(267, 11, 488),
(267, 11, 562),
(267, 12, 215),
(267, 12, 184),
(267, 12, 171),
(267, 12, 124),
(267, 12, 110),
(272, 1, 293),
(272, 1, 672),
(272, 2, 459),
(272, 2, 478),
(272, 2, 593),
(272, 2, 620),
(272, 2, 671),
(272, 6, 408),
(272, 6, 442),
(272, 9, 506),
(272, 9, 508),
(272, 11, 195),
(272, 11, 342),
(272, 11, 399),
(272, 11, 402),
(272, 11, 422),
(272, 11, 436),
(272, 11, 462),
(272, 11, 466),
(272, 11, 487),
(272, 11, 562),
(272, 12, 216),
(272, 12, 184),
(272, 12, 173),
(272, 12, 125),
(272, 12, 124),
(272, 12, 111),
(289, 1, 284),
(289, 1, 293),
(289, 1, 672),
(289, 1, 682),
(289, 1, 683),
(289, 2, 418),
(289, 2, 456),
(289, 2, 457),
(289, 2, 458),
(289, 2, 459),
(289, 2, 460),
(289, 2, 474),
(289, 2, 475),
(289, 2, 477),
(289, 2, 478),
(289, 2, 479),
(289, 2, 492),
(289, 2, 592),
(289, 2, 593),
(289, 2, 596),
(289, 2, 669),
(289, 2, 670),
(289, 2, 671),
(289, 2, 914),
(289, 2, 915),
(289, 2, 916),
(289, 3, 183),
(289, 3, 367),
(289, 3, 396),
(289, 3, 888),
(289, 6, 441),
(289, 6, 498),
(289, 9, 507),
(289, 9, 508),
(289, 11, 195),
(289, 11, 342),
(289, 11, 399),
(289, 11, 402),
(289, 11, 422),
(289, 11, 436),
(289, 11, 462),
(289, 11, 466),
(289, 11, 487),
(289, 11, 562),
(289, 11, 908),
(289, 12, 216),
(289, 12, 185),
(289, 12, 174),
(289, 12, 125),
(289, 12, 111),
(270, 1, 293),
(270, 1, 672),
(270, 1, 884),
(270, 2, 457),
(270, 2, 475),
(270, 2, 479),
(270, 2, 670),
(270, 3, 183),
(270, 3, 367),
(270, 3, 396),
(270, 3, 888),
(270, 6, 408),
(270, 6, 441),
(270, 6, 442),
(270, 6, 498),
(270, 6, 499),
(270, 6, 500),
(270, 6, 501),
(270, 9, 506),
(270, 9, 507),
(270, 9, 508),
(270, 11, 195),
(270, 11, 196),
(270, 11, 342),
(270, 11, 343),
(270, 11, 345),
(270, 11, 346),
(270, 11, 349),
(270, 11, 350),
(270, 11, 351),
(270, 11, 352),
(270, 11, 354),
(270, 11, 355),
(270, 11, 399),
(270, 11, 402),
(270, 11, 422),
(270, 11, 423),
(270, 11, 426),
(270, 11, 436),
(270, 11, 462),
(270, 11, 466),
(270, 11, 487),
(270, 11, 488),
(270, 11, 509),
(270, 11, 511),
(270, 11, 562),
(270, 11, 909),
(270, 12, 216),
(270, 12, 215),
(270, 12, 214),
(270, 12, 185),
(270, 12, 184),
(270, 12, 175),
(270, 12, 174),
(270, 12, 173),
(270, 12, 171),
(270, 12, 170),
(270, 12, 169),
(270, 12, 168),
(270, 12, 125),
(270, 12, 124),
(270, 12, 123),
(270, 12, 122),
(270, 12, 121),
(270, 12, 120),
(270, 12, 119),
(270, 12, 118),
(270, 12, 112),
(270, 12, 111),
(270, 12, 110),
(270, 12, 109),
(270, 12, 108),
(270, 12, 105),
(251, 1, 280),
(251, 1, 282),
(251, 1, 293),
(251, 1, 365),
(251, 1, 672),
(251, 1, 885),
(251, 2, 387),
(251, 2, 457),
(251, 2, 475),
(251, 2, 478),
(251, 2, 479),
(251, 2, 482),
(251, 2, 492),
(251, 2, 503),
(251, 2, 547),
(251, 2, 578),
(251, 2, 579),
(251, 2, 580),
(251, 2, 585),
(251, 2, 596),
(251, 2, 656),
(251, 2, 670),
(251, 3, 183),
(251, 3, 367),
(251, 3, 396),
(251, 6, 441),
(251, 6, 442),
(251, 6, 501),
(251, 9, 473),
(251, 9, 507),
(251, 9, 508),
(251, 11, 196),
(251, 11, 198),
(251, 11, 343),
(251, 11, 399),
(251, 11, 402),
(251, 11, 426),
(251, 11, 462),
(251, 11, 466),
(251, 11, 488),
(251, 11, 511),
(251, 11, 562),
(251, 11, 909),
(251, 12, 216),
(251, 12, 215),
(251, 12, 214),
(251, 12, 185),
(251, 12, 184),
(251, 12, 175),
(251, 12, 174),
(251, 12, 173),
(251, 12, 171),
(251, 12, 170),
(251, 12, 169),
(251, 12, 168),
(251, 12, 125),
(251, 12, 124),
(251, 12, 123),
(251, 12, 122),
(251, 12, 121),
(251, 12, 120),
(251, 12, 119),
(251, 12, 118),
(251, 12, 112),
(251, 12, 111),
(251, 12, 110),
(251, 12, 109),
(251, 12, 108),
(251, 12, 105),
(240, 1, 279),
(240, 1, 280),
(240, 1, 284),
(240, 1, 365),
(240, 2, 121),
(240, 2, 387),
(240, 2, 410),
(240, 2, 457),
(240, 2, 477),
(240, 2, 503),
(240, 2, 547),
(240, 2, 567),
(240, 2, 577),
(240, 2, 579),
(240, 2, 580),
(240, 2, 656),
(240, 6, 441),
(240, 6, 442),
(240, 9, 473),
(240, 9, 507),
(240, 9, 508),
(240, 11, 196),
(240, 11, 198),
(240, 11, 345),
(240, 11, 399),
(240, 11, 402),
(240, 11, 423),
(240, 11, 462),
(240, 11, 466),
(240, 11, 488),
(240, 11, 509),
(240, 11, 562),
(240, 12, 216),
(240, 12, 215),
(240, 12, 214),
(240, 12, 185),
(240, 12, 184),
(240, 12, 175),
(240, 12, 174),
(240, 12, 173),
(240, 12, 171),
(240, 12, 170),
(240, 12, 169),
(240, 12, 168),
(240, 12, 125),
(240, 12, 124),
(240, 12, 123),
(240, 12, 122),
(240, 12, 121),
(240, 12, 120),
(240, 12, 119),
(240, 12, 118),
(240, 12, 112),
(240, 12, 111),
(240, 12, 110),
(240, 12, 109),
(240, 12, 108),
(240, 12, 105),
(129, 2, 455),
(129, 12, 216),
(129, 12, 215),
(129, 12, 185),
(129, 12, 175),
(129, 12, 174),
(129, 12, 112),
(71, 2, 101),
(71, 2, 127),
(71, 2, 139),
(71, 2, 140),
(71, 2, 141),
(71, 2, 142),
(71, 2, 143),
(71, 2, 144),
(71, 2, 147),
(71, 2, 148),
(71, 2, 149),
(71, 2, 150),
(71, 2, 151),
(71, 2, 175),
(71, 9, 386),
(289, 2, 391),
(251, 2, 497),
(289, 2, 497),
(289, 2, 893),
(290, 1, 284),
(290, 1, 672),
(290, 2, 418),
(290, 2, 456),
(290, 2, 474),
(290, 2, 668),
(290, 2, 669),
(290, 2, 914),
(290, 3, 183),
(290, 3, 367),
(290, 3, 396),
(290, 3, 888),
(290, 6, 408),
(290, 6, 442),
(290, 9, 506),
(290, 9, 508),
(290, 11, 195),
(290, 11, 342),
(290, 11, 399),
(290, 11, 402),
(290, 11, 422),
(290, 11, 436),
(290, 11, 462),
(290, 11, 466),
(290, 11, 487),
(290, 11, 562),
(290, 11, 908),
(290, 12, 216),
(290, 12, 185),
(290, 12, 175),
(290, 12, 174),
(290, 12, 112),
(289, 3, 176),
(290, 3, 176),
(270, 3, 176),
(251, 3, 176),
(240, 3, 176),
(129, 3, 176),
(78, 3, 176),
(71, 3, 176),
(290, 3, 178),
(251, 3, 178),
(270, 3, 178),
(289, 3, 178),
(240, 3, 178),
(129, 3, 178),
(78, 3, 178),
(71, 3, 178),
(290, 3, 177),
(289, 3, 177),
(251, 3, 177),
(129, 3, 177),
(78, 3, 177),
(71, 3, 177),
(270, 3, 177),
(240, 3, 177),
(290, 3, 179),
(289, 3, 179),
(270, 3, 179),
(251, 3, 179),
(129, 3, 179),
(240, 3, 179),
(78, 3, 179),
(71, 3, 179),
(290, 3, 180),
(289, 3, 180),
(251, 3, 180),
(129, 3, 180),
(71, 3, 180),
(78, 3, 180),
(240, 3, 180),
(270, 3, 180),
(290, 2, 415),
(71, 2, 415),
(129, 2, 415),
(251, 2, 415),
(289, 2, 415);

-- --------------------------------------------------------

--
-- Table structure for table `print_profile_decoration_setting_rel`
--

CREATE TABLE `print_profile_decoration_setting_rel` (
  `print_profile_id` int(11) NOT NULL,
  `decoration_setting_id` int(11) DEFAULT NULL
) ENGINE=InnoDB DEFAULT CHARSET=latin1;

--
-- Dumping data for table `print_profile_decoration_setting_rel`
--

INSERT INTO `print_profile_decoration_setting_rel` (`print_profile_id`, `decoration_setting_id`) VALUES
(79, 1),
(79, 2),
(94, 4),
(94, 5),
(94, 6),
(94, 7),
(94, 8),
(94, 9),
(94, 10),
(94, 11),
(94, 12),
(94, 13),
(94, 14),
(94, 15),
(94, 16),
(94, 17),
(79, 18),
(79, 19),
(79, 20),
(79, 21),
(79, 22),
(79, 23),
(79, 24),
(79, 25),
(79, 26),
(79, 27),
(79, 28),
(79, 29),
(79, 30),
(79, 31),
(79, 32),
(79, 33),
(79, 34),
(79, 35),
(79, 36),
(79, 37),
(79, 38),
(79, 39),
(79, 40),
(79, 41),
(79, 42),
(79, 43),
(79, 44),
(79, 45),
(79, 46),
(79, 47),
(79, 49),
(79, 50),
(79, 51),
(79, 52),
(79, 53),
(79, 54),
(79, 55),
(79, 56),
(127, 57),
(79, 58),
(79, 59),
(79, 60),
(79, 61),
(79, 62),
(79, 63),
(79, 64),
(79, 65),
(79, 66),
(79, 67),
(133, 68),
(133, 69),
(133, 70),
(133, 71),
(133, 72),
(133, 73),
(124, 74),
(133, 75),
(124, 75),
(133, 76),
(124, 76),
(133, 77),
(124, 77),
(71, 77),
(133, 78),
(124, 78),
(133, 79),
(124, 79),
(133, 80),
(124, 80),
(133, 81),
(124, 81),
(133, 82),
(124, 82),
(78, 82),
(133, 83),
(133, 84),
(133, 85),
(133, 86),
(133, 87),
(132, 90),
(132, 91),
(132, 92),
(135, 103),
(133, 107),
(133, 109),
(133, 110),
(133, 111),
(133, 112),
(133, 113),
(133, 114),
(132, 115),
(133, 116),
(133, 117),
(133, 118),
(133, 119),
(133, 120),
(133, 121),
(133, 122),
(133, 123),
(133, 124),
(133, 126),
(78, 128),
(141, 128),
(78, 129),
(141, 129),
(78, 130),
(141, 130),
(133, 131),
(133, 132),
(133, 133),
(133, 134),
(133, 135),
(133, 136),
(78, 137),
(141, 137),
(78, 141),
(141, 141),
(135, 141),
(132, 141),
(71, 141),
(133, 159),
(133, 160),
(133, 161),
(133, 162),
(133, 163),
(124, 172),
(129, 172),
(78, 173),
(132, 174),
(78, 176),
(78, 177),
(78, 178),
(133, 181),
(133, 182),
(0, 182),
(147, 184),
(150, 187),
(147, 188),
(147, 189),
(150, 190),
(141, 190),
(135, 193),
(0, 193),
(135, 194),
(71, 201),
(71, 202),
(71, 203),
(71, 204),
(71, 205),
(71, 206),
(71, 207),
(71, 208),
(71, 209),
(71, 210),
(71, 211),
(71, 212),
(71, 213),
(71, 214),
(71, 215),
(135, 216),
(135, 217),
(0, 220),
(162, 220),
(0, 221),
(162, 221),
(135, 222),
(135, 223),
(135, 224),
(150, 225),
(141, 225),
(135, 227),
(141, 227),
(135, 228),
(141, 228),
(165, 229),
(135, 229),
(141, 230),
(71, 232),
(71, 234),
(71, 236),
(71, 240),
(71, 242),
(71, 244),
(141, 245),
(141, 246),
(150, 248),
(141, 248),
(71, 252),
(164, 253),
(164, 254),
(129, 254),
(164, 257),
(164, 258),
(71, 260),
(71, 262),
(193, 263),
(193, 264),
(193, 265),
(182, 267),
(141, 270),
(164, 273),
(165, 285),
(165, 287),
(165, 289),
(71, 294),
(71, 295),
(71, 296),
(71, 297),
(164, 306),
(71, 320),
(71, 321),
(71, 322),
(71, 323),
(164, 324),
(164, 326),
(164, 328),
(164, 330),
(164, 352),
(164, 354),
(164, 357),
(164, 360),
(164, 382),
(164, 388),
(164, 408),
(164, 412),
(164, 415),
(164, 419),
(164, 420),
(164, 422),
(164, 423),
(129, 428),
(164, 429),
(164, 430),
(71, 433),
(71, 434),
(71, 435),
(71, 437),
(71, 438),
(71, 440),
(71, 441),
(205, 444),
(205, 447),
(205, 454),
(205, 455),
(205, 456),
(205, 457),
(205, 458),
(205, 460),
(205, 462),
(205, 464),
(205, 465),
(205, 466),
(205, 467),
(205, 468),
(205, 469),
(205, 470),
(205, 471),
(205, 484),
(205, 485),
(205, 486),
(205, 487),
(205, 488),
(205, 497),
(205, 498),
(205, 499),
(205, 500),
(205, 505),
(205, 510),
(205, 515),
(205, 516),
(205, 517),
(205, 518),
(205, 520),
(205, 544),
(205, 545),
(205, 546),
(205, 547),
(205, 548),
(205, 549),
(205, 550),
(205, 551),
(205, 552),
(205, 566),
(213, 585),
(213, 586),
(205, 591),
(205, 592),
(205, 593),
(205, 594),
(205, 595),
(205, 596),
(205, 598),
(205, 599),
(205, 600),
(205, 601),
(205, 602),
(205, 604),
(205, 605),
(205, 607),
(205, 608),
(205, 612),
(205, 613),
(205, 614),
(205, 630),
(205, 632),
(205, 636),
(205, 638),
(205, 640),
(205, 642),
(205, 645),
(205, 648),
(205, 652),
(205, 656),
(205, 657),
(205, 659),
(205, 660),
(205, 662),
(205, 666),
(205, 677),
(205, 681),
(205, 683),
(205, 707),
(205, 709),
(205, 711),
(205, 713),
(214, 714),
(219, 715),
(219, 716),
(219, 718),
(219, 720),
(205, 740),
(205, 742),
(205, 744),
(205, 746),
(205, 748),
(205, 750),
(78, 765),
(78, 775),
(78, 776),
(78, 782),
(78, 785),
(71, 937),
(71, 938),
(71, 939),
(78, 940),
(78, 945),
(78, 1002),
(71, 1006),
(71, 1014),
(71, 1015),
(71, 1017),
(129, 1020),
(71, 1022),
(251, 1024),
(251, 1025),
(251, 1026),
(251, 1027),
(251, 1028),
(251, 1029),
(251, 1030),
(251, 1031),
(251, 1032),
(251, 1033),
(251, 1034),
(251, 1035),
(129, 1036),
(129, 1038),
(129, 1040),
(251, 1057),
(251, 1058),
(251, 1059),
(251, 1061),
(251, 1062),
(251, 1063),
(251, 1065),
(251, 1066),
(251, 1067),
(251, 1101),
(251, 1102),
(251, 1103),
(251, 1105),
(251, 1107),
(251, 1108),
(251, 1110),
(240, 1112),
(240, 1115),
(240, 1116),
(240, 1118),
(240, 1121),
(251, 1228),
(251, 1230),
(71, 1302),
(71, 1303),
(71, 1304),
(71, 1305),
(240, 1355),
(240, 1356),
(240, 1357),
(240, 1358),
(240, 1359),
(240, 1360),
(240, 1361),
(240, 1362),
(240, 1363),
(240, 1364),
(240, 1365),
(240, 1366),
(240, 1367),
(240, 1368),
(240, 1369),
(129, 1372),
(129, 1374),
(129, 1377),
(129, 1379),
(129, 1380),
(71, 1406),
(71, 1407),
(71, 1408),
(71, 1409),
(71, 1442),
(71, 1448),
(71, 1449),
(71, 1450),
(71, 1452),
(71, 1453),
(71, 1462),
(71, 1463),
(71, 1464),
(71, 1467),
(71, 1468),
(78, 1475),
(71, 1476),
(251, 1502),
(78, 1508),
(129, 1509),
(270, 1512),
(270, 1513),
(270, 1514),
(270, 1515),
(270, 1516),
(270, 1517),
(71, 1518),
(71, 1519),
(71, 1520),
(270, 1521),
(270, 1522),
(270, 1523),
(270, 1524),
(270, 1529),
(71, 1531),
(71, 1532),
(71, 1533),
(71, 1534),
(71, 1535),
(270, 1536),
(270, 1537),
(270, 1538),
(270, 1539),
(270, 1540),
(270, 1541),
(270, 1542),
(78, 1543),
(78, 1544),
(78, 1545),
(78, 1546),
(78, 1547),
(78, 1548),
(78, 1549),
(78, 1550),
(270, 1553),
(270, 1555),
(270, 1556),
(78, 1557),
(129, 1558),
(78, 1561),
(129, 1562),
(78, 1565),
(78, 1566),
(78, 1567),
(78, 1568),
(290, 1569),
(270, 1569),
(78, 1570),
(129, 1571),
(78, 1573),
(129, 1574),
(270, 1576),
(270, 1577),
(270, 1578),
(270, 1579),
(71, 1580),
(71, 1581),
(78, 1581),
(71, 1582),
(129, 1582),
(71, 1583),
(71, 1584),
(71, 1585),
(71, 1586),
(78, 1586),
(71, 1587),
(129, 1587),
(71, 1588),
(71, 1589),
(240, 1590),
(240, 1591),
(240, 1592),
(240, 1593),
(240, 1594),
(240, 1595),
(240, 1596),
(240, 1597),
(240, 1598),
(240, 1599);

-- --------------------------------------------------------

--
-- Table structure for table `print_profile_engrave_settings`
--

CREATE TABLE `print_profile_engrave_settings` (
  `print_profile_id` int(11) NOT NULL,
  `engraved_surface_id` int(11) DEFAULT '0',
  `is_engraved_surface` tinyint(1) DEFAULT '0',
  `is_auto_convert` tinyint(1) DEFAULT '0',
  `auto_convert_type` enum('BW','Grayscale') DEFAULT NULL,
  `is_engrave_image` tinyint(1) DEFAULT '0',
  `is_engrave_preview_image` tinyint(1) DEFAULT '0'
) ENGINE=InnoDB DEFAULT CHARSET=latin1;

--
-- Dumping data for table `print_profile_engrave_settings`
--

INSERT INTO `print_profile_engrave_settings` (`print_profile_id`, `engraved_surface_id`, `is_engraved_surface`, `is_auto_convert`, `auto_convert_type`, `is_engrave_image`, `is_engrave_preview_image`) VALUES
(289, 1, 0, 0, 'BW', 0, 0),
(270, 285, 1, 0, 'BW', 0, 0),
(251, 1, 0, 0, 'BW', 0, 0),
(240, 288, 1, 1, 'Grayscale', 0, 0),
(129, 290, 1, 0, 'BW', 0, 0),
(78, 1, 0, 0, 'BW', 0, 0),
(71, 1, 0, 0, 'BW', 0, 0),
(290, 297, 1, 0, 'BW', 0, 0);

-- --------------------------------------------------------

--
-- Table structure for table `print_profile_feature_rel`
--

CREATE TABLE `print_profile_feature_rel` (
  `print_profile_id` int(11) NOT NULL,
  `feature_id` int(11) NOT NULL
) ENGINE=InnoDB DEFAULT CHARSET=latin1;

--
-- Dumping data for table `print_profile_feature_rel`
--

INSERT INTO `print_profile_feature_rel` (`print_profile_id`, `feature_id`) VALUES
(60, 1),
(60, 2),
(60, 3),
(60, 4),
(60, 5),
(60, 6),
(60, 7),
(60, 8),
(62, 1),
(62, 2),
(62, 3),
(62, 4),
(62, 5),
(62, 6),
(62, 7),
(62, 8),
(63, 1),
(63, 2),
(63, 3),
(63, 4),
(63, 5),
(63, 6),
(63, 7),
(63, 8),
(64, 1),
(64, 2),
(64, 3),
(64, 4),
(64, 5),
(64, 6),
(64, 7),
(64, 8),
(65, 1),
(65, 2),
(65, 3),
(65, 4),
(65, 5),
(65, 6),
(65, 7),
(65, 8),
(67, 1),
(67, 2),
(67, 3),
(67, 4),
(67, 5),
(67, 6),
(67, 7),
(67, 8),
(69, 1),
(69, 2),
(69, 3),
(69, 4),
(69, 5),
(69, 6),
(69, 7),
(69, 8),
(70, 1),
(70, 2),
(70, 3),
(70, 4),
(70, 5),
(70, 6),
(70, 7),
(70, 8),
(73, 1),
(73, 2),
(73, 3),
(73, 4),
(73, 5),
(73, 6),
(73, 7),
(73, 8),
(81, 1),
(81, 2),
(81, 3),
(81, 4),
(81, 5),
(81, 6),
(81, 7),
(81, 8),
(82, 2),
(82, 3),
(82, 4),
(82, 5),
(82, 6),
(82, 7),
(82, 8),
(85, 1),
(85, 2),
(85, 4),
(85, 5),
(85, 6),
(85, 7),
(85, 8),
(91, 1),
(91, 2),
(91, 3),
(91, 7),
(91, 8),
(92, 1),
(92, 2),
(92, 3),
(92, 7),
(92, 8),
(99, 1),
(99, 2),
(99, 3),
(99, 4),
(99, 5),
(99, 6),
(99, 7),
(101, 1),
(101, 2),
(101, 3),
(101, 5),
(101, 8),
(75, 1),
(75, 5),
(75, 8),
(102, 1),
(102, 2),
(102, 3),
(102, 5),
(102, 7),
(102, 8),
(94, 1),
(94, 3),
(94, 6),
(94, 7),
(94, 8),
(79, 1),
(79, 4),
(79, 6),
(79, 7),
(79, 8),
(120, 1),
(120, 2),
(120, 3),
(120, 7),
(120, 8),
(112, 1),
(112, 2),
(112, 3),
(112, 6),
(112, 7),
(112, 8),
(121, 1),
(121, 2),
(121, 3),
(121, 7),
(121, 8),
(123, 1),
(123, 3),
(123, 6),
(123, 7),
(123, 8),
(126, 1),
(126, 2),
(126, 3),
(126, 7),
(126, 8),
(127, 1),
(127, 2),
(127, 3),
(127, 7),
(127, 8),
(128, 1),
(128, 2),
(128, 3),
(128, 4),
(130, 1),
(130, 2),
(130, 3),
(130, 4),
(130, 5),
(130, 6),
(133, 1),
(133, 4),
(133, 6),
(133, 7),
(133, 8),
(134, 1),
(134, 2),
(134, 3),
(124, 1),
(124, 2),
(124, 3),
(124, 4),
(137, 1),
(137, 2),
(137, 3),
(137, 4),
(142, 1),
(142, 5),
(142, 7),
(135, 1),
(135, 2),
(135, 3),
(135, 4),
(138, 1),
(138, 2),
(138, 5),
(138, 7),
(146, 1),
(146, 2),
(146, 3),
(146, 4),
(146, 5),
(146, 6),
(146, 7),
(146, 8),
(147, 1),
(147, 2),
(147, 3),
(147, 4),
(148, 1),
(148, 3),
(148, 4),
(148, 7),
(148, 8),
(149, 1),
(149, 2),
(149, 3),
(149, 4),
(149, 5),
(149, 6),
(149, 7),
(149, 8),
(150, 1),
(150, 2),
(150, 3),
(150, 4),
(150, 5),
(150, 6),
(151, 1),
(151, 2),
(151, 3),
(151, 4),
(151, 5),
(151, 6),
(151, 7),
(151, 8),
(153, 1),
(153, 2),
(153, 3),
(153, 4),
(154, 1),
(154, 2),
(154, 3),
(154, 4),
(154, 5),
(154, 6),
(154, 7),
(154, 8),
(155, 1),
(155, 2),
(155, 3),
(155, 4),
(155, 5),
(155, 6),
(155, 7),
(155, 8),
(156, 1),
(156, 2),
(156, 3),
(156, 4),
(156, 5),
(156, 6),
(156, 7),
(156, 8),
(157, 1),
(157, 2),
(157, 3),
(157, 4),
(157, 5),
(157, 6),
(157, 7),
(157, 8),
(158, 1),
(158, 2),
(158, 3),
(158, 4),
(158, 5),
(158, 6),
(158, 7),
(158, 8),
(159, 1),
(159, 2),
(159, 3),
(159, 4),
(159, 5),
(159, 6),
(159, 7),
(159, 8),
(160, 1),
(160, 2),
(160, 3),
(160, 4),
(160, 5),
(160, 6),
(160, 7),
(160, 8),
(152, 1),
(152, 2),
(152, 3),
(152, 4),
(152, 5),
(152, 6),
(152, 7),
(152, 8),
(161, 1),
(161, 2),
(161, 3),
(161, 4),
(161, 5),
(161, 6),
(161, 7),
(161, 8),
(162, 1),
(162, 2),
(162, 3),
(162, 4),
(162, 5),
(162, 6),
(162, 7),
(162, 8),
(163, 1),
(163, 2),
(163, 3),
(163, 4),
(163, 5),
(163, 6),
(163, 7),
(163, 8),
(164, 1),
(164, 2),
(164, 3),
(164, 4),
(164, 5),
(164, 6),
(164, 7),
(164, 8),
(165, 1),
(165, 2),
(165, 3),
(165, 4),
(165, 5),
(165, 6),
(165, 7),
(165, 8),
(167, 1),
(167, 2),
(167, 3),
(167, 4),
(167, 5),
(167, 6),
(167, 7),
(167, 8),
(168, 1),
(168, 2),
(168, 3),
(168, 4),
(168, 5),
(168, 6),
(168, 7),
(168, 8),
(170, 1),
(170, 2),
(170, 3),
(170, 4),
(170, 5),
(170, 6),
(170, 7),
(170, 8),
(169, 1),
(169, 2),
(169, 3),
(169, 4),
(169, 5),
(169, 6),
(169, 7),
(169, 8),
(171, 1),
(171, 2),
(171, 3),
(171, 4),
(171, 5),
(171, 6),
(171, 7),
(171, 8),
(172, 1),
(172, 2),
(172, 3),
(172, 4),
(172, 5),
(172, 6),
(172, 7),
(172, 8),
(173, 1),
(173, 2),
(173, 3),
(173, 4),
(173, 5),
(173, 6),
(173, 7),
(173, 8),
(176, 1),
(176, 2),
(176, 3),
(176, 4),
(176, 5),
(176, 6),
(176, 7),
(176, 8),
(141, 1),
(141, 3),
(177, 1),
(177, 2),
(177, 3),
(177, 4),
(177, 5),
(177, 6),
(177, 7),
(177, 8),
(178, 1),
(178, 2),
(178, 3),
(178, 4),
(178, 5),
(178, 6),
(178, 7),
(178, 8),
(179, 1),
(179, 2),
(179, 3),
(179, 4),
(179, 5),
(179, 6),
(179, 7),
(179, 8),
(183, 1),
(183, 2),
(183, 3),
(183, 4),
(183, 5),
(183, 6),
(183, 7),
(183, 8),
(184, 1),
(184, 2),
(184, 3),
(184, 4),
(184, 5),
(184, 6),
(184, 7),
(184, 8),
(185, 1),
(185, 2),
(185, 3),
(185, 4),
(185, 5),
(185, 6),
(185, 7),
(185, 8),
(186, 1),
(186, 2),
(186, 3),
(186, 4),
(186, 5),
(186, 6),
(186, 7),
(186, 8),
(182, 1),
(182, 2),
(182, 4),
(182, 5),
(182, 6),
(182, 7),
(182, 8),
(187, 1),
(187, 2),
(187, 3),
(187, 4),
(187, 5),
(187, 6),
(187, 7),
(187, 8),
(189, 1),
(189, 2),
(189, 3),
(189, 4),
(189, 5),
(189, 6),
(189, 7),
(189, 8),
(190, 1),
(190, 2),
(190, 3),
(190, 4),
(190, 5),
(190, 6),
(190, 7),
(190, 8),
(191, 1),
(191, 2),
(191, 3),
(191, 4),
(191, 5),
(191, 6),
(191, 7),
(191, 8),
(192, 1),
(192, 2),
(192, 3),
(192, 4),
(192, 5),
(192, 6),
(192, 7),
(192, 8),
(193, 1),
(193, 2),
(193, 3),
(193, 4),
(193, 5),
(193, 6),
(193, 7),
(193, 8),
(194, 1),
(194, 2),
(194, 3),
(194, 4),
(194, 5),
(194, 6),
(194, 7),
(194, 8),
(195, 1),
(195, 2),
(195, 3),
(195, 4),
(195, 5),
(195, 6),
(195, 7),
(195, 8),
(196, 1),
(196, 2),
(196, 3),
(196, 4),
(196, 5),
(196, 6),
(196, 7),
(196, 8),
(197, 1),
(197, 2),
(197, 3),
(197, 4),
(197, 5),
(197, 6),
(197, 7),
(197, 8),
(198, 1),
(198, 2),
(198, 3),
(198, 4),
(198, 5),
(198, 6),
(198, 7),
(198, 8),
(199, 1),
(199, 2),
(199, 3),
(199, 4),
(199, 5),
(199, 6),
(199, 7),
(199, 8),
(200, 1),
(200, 2),
(200, 3),
(200, 4),
(200, 5),
(200, 6),
(200, 7),
(200, 8),
(201, 1),
(201, 2),
(201, 3),
(201, 4),
(201, 5),
(201, 6),
(201, 7),
(201, 8),
(202, 1),
(202, 2),
(202, 3),
(202, 4),
(202, 5),
(202, 6),
(202, 7),
(202, 8),
(203, 1),
(203, 2),
(203, 3),
(203, 4),
(203, 5),
(203, 6),
(203, 7),
(203, 8),
(204, 1),
(204, 2),
(204, 3),
(204, 4),
(204, 5),
(204, 6),
(204, 7),
(204, 8),
(207, 1),
(207, 2),
(207, 3),
(207, 4),
(207, 5),
(207, 6),
(207, 7),
(207, 8),
(212, 1),
(212, 2),
(212, 3),
(212, 4),
(212, 5),
(212, 6),
(212, 7),
(212, 8),
(211, 1),
(211, 2),
(211, 3),
(211, 4),
(211, 5),
(211, 6),
(211, 7),
(211, 8),
(213, 1),
(213, 2),
(213, 3),
(213, 4),
(213, 5),
(213, 6),
(213, 7),
(213, 8),
(211, 1),
(211, 2),
(211, 3),
(211, 4),
(211, 5),
(211, 6),
(211, 7),
(211, 8),
(212, 1),
(212, 2),
(212, 3),
(212, 4),
(212, 5),
(212, 6),
(212, 7),
(212, 8),
(213, 1),
(213, 2),
(213, 3),
(213, 4),
(213, 5),
(213, 6),
(213, 7),
(213, 8),
(205, 1),
(205, 2),
(205, 3),
(205, 4),
(205, 5),
(205, 6),
(205, 7),
(205, 8),
(214, 1),
(214, 2),
(214, 3),
(214, 4),
(214, 5),
(214, 6),
(214, 7),
(214, 8),
(215, 1),
(215, 2),
(215, 3),
(215, 4),
(215, 5),
(215, 6),
(215, 7),
(215, 8),
(219, 1),
(219, 2),
(219, 3),
(219, 4),
(219, 5),
(219, 6),
(219, 7),
(219, 8),
(220, 1),
(220, 2),
(220, 3),
(220, 4),
(220, 5),
(220, 6),
(220, 7),
(220, 8),
(221, 1),
(221, 2),
(221, 3),
(221, 4),
(221, 5),
(221, 6),
(221, 7),
(221, 8),
(223, 1),
(223, 2),
(223, 3),
(223, 4),
(223, 5),
(223, 6),
(223, 7),
(223, 8),
(224, 1),
(224, 2),
(224, 3),
(224, 4),
(224, 5),
(224, 6),
(224, 7),
(224, 8),
(225, 1),
(225, 2),
(225, 3),
(225, 4),
(225, 5),
(225, 6),
(225, 7),
(225, 8),
(227, 1),
(227, 2),
(227, 3),
(227, 4),
(227, 5),
(227, 6),
(227, 7),
(227, 8),
(229, 1),
(229, 2),
(229, 3),
(229, 4),
(229, 5),
(229, 6),
(229, 7),
(229, 8),
(230, 1),
(230, 2),
(230, 3),
(230, 4),
(230, 5),
(230, 6),
(230, 7),
(230, 8),
(232, 1),
(232, 2),
(232, 3),
(232, 4),
(232, 5),
(232, 6),
(232, 7),
(232, 8),
(233, 1),
(233, 2),
(233, 3),
(233, 4),
(233, 5),
(233, 6),
(233, 7),
(233, 8),
(238, 1),
(238, 2),
(238, 3),
(238, 4),
(238, 5),
(238, 6),
(238, 7),
(238, 8),
(242, 1),
(242, 2),
(242, 3),
(242, 4),
(242, 5),
(242, 6),
(242, 7),
(242, 8),
(241, 1),
(241, 2),
(241, 3),
(241, 4),
(241, 5),
(241, 6),
(241, 7),
(241, 8),
(243, 1),
(243, 2),
(243, 3),
(243, 4),
(243, 5),
(243, 6),
(243, 7),
(243, 8),
(245, 1),
(245, 2),
(245, 3),
(245, 4),
(245, 5),
(245, 6),
(245, 7),
(245, 8),
(250, 3),
(250, 5),
(250, 8),
(249, 1),
(249, 2),
(249, 3),
(249, 4),
(249, 5),
(249, 6),
(249, 7),
(249, 8),
(258, 1),
(258, 2),
(258, 3),
(258, 4),
(258, 5),
(258, 6),
(258, 7),
(258, 8),
(260, 1),
(260, 2),
(260, 3),
(260, 4),
(260, 5),
(260, 6),
(260, 7),
(260, 8),
(262, 1),
(262, 2),
(262, 3),
(262, 4),
(262, 5),
(262, 6),
(262, 7),
(262, 8),
(263, 1),
(263, 2),
(263, 3),
(263, 4),
(263, 5),
(263, 6),
(263, 7),
(263, 8),
(266, 1),
(266, 2),
(266, 3),
(266, 4),
(266, 5),
(266, 6),
(266, 7),
(266, 8),
(267, 1),
(267, 2),
(267, 3),
(267, 4),
(267, 5),
(267, 6),
(267, 7),
(267, 8),
(272, 1),
(272, 2),
(272, 3),
(272, 4),
(272, 5),
(272, 6),
(272, 7),
(272, 8),
(289, 1),
(289, 2),
(289, 3),
(289, 4),
(289, 5),
(289, 6),
(289, 7),
(289, 8),
(270, 1),
(270, 2),
(270, 3),
(270, 4),
(270, 5),
(270, 6),
(270, 7),
(270, 8),
(251, 1),
(251, 2),
(251, 3),
(251, 5),
(251, 6),
(251, 8),
(240, 1),
(240, 2),
(240, 3),
(240, 4),
(240, 5),
(240, 6),
(240, 7),
(240, 8),
(129, 1),
(129, 2),
(129, 3),
(129, 4),
(78, 1),
(78, 2),
(78, 3),
(78, 5),
(78, 6),
(78, 7),
(78, 8),
(71, 1),
(71, 2),
(71, 3),
(71, 4),
(71, 5),
(71, 6),
(71, 7),
(71, 8),
(290, 1),
(290, 2),
(290, 3),
(290, 4),
(290, 5),
(290, 6);

-- --------------------------------------------------------

--
-- Table structure for table `print_profile_pricings`
--

CREATE TABLE `print_profile_pricings` (
  `xe_id` int(11) NOT NULL,
  `print_profile_id` int(11) NOT NULL,
  `is_white_base` tinyint(1) NOT NULL DEFAULT '0',
  `white_base_type` enum('DLW','DL','') DEFAULT NULL,
  `is_setup_price` tinyint(1) NOT NULL,
  `setup_price` float DEFAULT NULL,
  `setup_type_product` enum('per_product','per_product_side') DEFAULT NULL,
  `setup_type_order` enum('single_order','multiple_order') DEFAULT NULL
) ENGINE=InnoDB DEFAULT CHARSET=latin1;

--
-- Dumping data for table `print_profile_pricings`
--

INSERT INTO `print_profile_pricings` (`xe_id`, `print_profile_id`, `is_white_base`, `white_base_type`, `is_setup_price`, `setup_price`, `setup_type_product`, `setup_type_order`) VALUES
(1, 164, 0, 'DLW', 1, 0, 'per_product', 'single_order'),
(40, 240, 1, 'DLW', 0, 0, 'per_product', 'single_order'),
(47, 272, 1, 'DL', 0, 0, 'per_product', 'single_order'),
(56, 270, 0, 'DLW', 0, 0, 'per_product', 'single_order'),
(66, 289, 0, 'DLW', 1, 1, 'per_product', 'single_order'),
(68, 290, 0, 'DLW', 1, 1, 'per_product', 'multiple_order');

-- --------------------------------------------------------

--
-- Table structure for table `print_profile_product_setting_rel`
--

CREATE TABLE `print_profile_product_setting_rel` (
  `print_profile_id` int(11) NOT NULL,
  `product_setting_id` int(11) DEFAULT NULL
) ENGINE=InnoDB DEFAULT CHARSET=latin1;

--
-- Dumping data for table `print_profile_product_setting_rel`
--

INSERT INTO `print_profile_product_setting_rel` (`print_profile_id`, `product_setting_id`) VALUES
(91, 19),
(91, 20),
(91, 21),
(91, 22),
(94, 25),
(94, 26),
(94, 27),
(94, 28),
(94, 29),
(94, 30),
(94, 31),
(133, 34),
(132, 37),
(132, 38),
(135, 40),
(132, 40),
(129, 36),
(132, 41),
(133, 42),
(133, 43),
(133, 44),
(133, 3),
(141, 3),
(147, 50),
(147, 51),
(147, 52),
(147, 53),
(147, 54),
(147, 61),
(147, 64),
(147, 69),
(152, 71),
(152, 72),
(6, 73),
(132, 77),
(78, 45),
(137, 45),
(133, 45),
(124, 45),
(71, 81),
(71, 82),
(71, 83),
(132, 89),
(71, 89),
(132, 90),
(71, 90),
(141, 78),
(150, 87),
(141, 87),
(164, 92),
(71, 94),
(164, 95),
(129, 95),
(78, 95),
(164, 96),
(164, 97),
(164, 98),
(129, 70),
(193, 99),
(164, 101),
(164, 102),
(164, 104),
(164, 105),
(164, 106),
(164, 107),
(164, 108),
(71, 93),
(205, 114),
(164, 115),
(164, 103),
(129, 79),
(164, 88),
(205, 119),
(213, 124),
(211, 124),
(78, 131),
(129, 131),
(78, 58),
(129, 145),
(71, 18),
(251, 146),
(251, 147),
(251, 148),
(251, 149),
(129, 151),
(251, 150),
(251, 160),
(240, 162),
(251, 161),
(251, 168),
(251, 169),
(251, 170),
(129, 132),
(78, 132),
(71, 139),
(71, 125),
(240, 179),
(129, 180),
(129, 24),
(71, 111),
(71, 186),
(78, 35),
(71, 35),
(129, 35),
(251, 159),
(251, 32),
(270, 193),
(270, 194),
(270, 195),
(270, 196),
(240, 197),
(240, 198),
(240, 199),
(240, 200),
(240, 201),
(240, 202),
(240, 203),
(240, 204),
(240, 205),
(240, 206),
(240, 207),
(240, 208),
(240, 209),
(240, 210),
(240, 211),
(240, 212),
(240, 213),
(240, 214),
(240, 215),
(240, 24),
(240, 187),
(240, 10),
(240, 32),
(240, 3),
(240, 51),
(240, 59),
(240, 137),
(240, 138),
(240, 139),
(240, 184),
(240, 185),
(240, 193),
(240, 194),
(240, 19),
(240, 20),
(240, 21),
(240, 195),
(240, 196),
(240, 197),
(240, 198),
(240, 199),
(240, 200),
(240, 201),
(240, 202),
(240, 203),
(240, 204),
(240, 205),
(240, 206),
(240, 207),
(240, 208),
(240, 209),
(240, 210),
(240, 211),
(240, 212),
(240, 213),
(240, 90),
(240, 214),
(240, 215),
(251, 24),
(251, 187),
(251, 10),
(251, 32),
(251, 3),
(251, 51),
(251, 59),
(251, 137),
(251, 138),
(251, 139),
(251, 184),
(251, 185),
(251, 193),
(251, 194),
(251, 19),
(251, 20),
(251, 21),
(251, 195),
(251, 196),
(251, 197),
(251, 198),
(251, 199),
(251, 200),
(251, 201),
(251, 202),
(251, 203),
(251, 204),
(251, 205),
(251, 206),
(251, 207),
(251, 208),
(251, 209),
(251, 210),
(251, 211),
(251, 212),
(251, 213),
(251, 90),
(251, 214),
(251, 215),
(129, 19),
(129, 20),
(129, 21),
(129, 22),
(129, 48),
(129, 23),
(129, 197),
(129, 198),
(129, 199),
(129, 200),
(129, 201),
(129, 202),
(129, 203),
(129, 204),
(129, 205),
(129, 206),
(129, 207),
(129, 208),
(129, 209),
(129, 210),
(129, 90),
(129, 214),
(129, 215),
(129, 216),
(129, 217),
(71, 84),
(270, 84),
(270, 24),
(270, 187),
(270, 10),
(270, 32),
(270, 3),
(270, 51),
(270, 59),
(270, 137),
(270, 138),
(270, 139),
(270, 184),
(270, 185),
(270, 193),
(270, 194),
(270, 19),
(270, 20),
(270, 21),
(270, 195),
(270, 196),
(270, 197),
(270, 198),
(270, 199),
(270, 200),
(270, 201),
(270, 202),
(270, 203),
(270, 204),
(270, 205),
(270, 206),
(270, 207),
(270, 208),
(270, 209),
(270, 210),
(270, 211),
(270, 212),
(270, 213),
(270, 90),
(270, 214),
(270, 215),
(251, 24),
(251, 187),
(251, 10),
(251, 32),
(251, 3),
(251, 51),
(251, 59),
(251, 137),
(251, 138),
(251, 139),
(251, 184),
(251, 185),
(251, 193),
(251, 194),
(251, 19),
(251, 20),
(251, 21),
(251, 195),
(251, 196),
(251, 197),
(251, 198),
(251, 199),
(251, 200),
(251, 201),
(251, 202),
(251, 203),
(251, 204),
(251, 205),
(251, 206),
(251, 207),
(251, 208),
(251, 209),
(251, 210),
(251, 211),
(251, 212),
(251, 213),
(251, 90),
(251, 214),
(251, 215),
(270, 24),
(270, 187),
(270, 10),
(270, 32),
(270, 3),
(270, 51),
(270, 59),
(270, 137),
(270, 138),
(270, 139),
(270, 184),
(270, 185),
(270, 193),
(270, 194),
(270, 19),
(270, 20),
(270, 21),
(270, 195),
(270, 196),
(270, 197),
(270, 198),
(270, 199),
(270, 200),
(270, 201),
(270, 202),
(270, 203),
(270, 204),
(270, 205),
(270, 206),
(270, 207),
(270, 208),
(270, 209),
(270, 210),
(270, 211),
(270, 212),
(270, 213),
(270, 90),
(270, 214),
(270, 215),
(270, 120),
(270, 24),
(270, 187),
(270, 10),
(270, 32),
(270, 3),
(270, 51),
(270, 59),
(270, 137),
(270, 138),
(270, 139),
(270, 184),
(270, 185),
(270, 193),
(270, 194),
(270, 19),
(270, 20),
(270, 21),
(270, 195),
(270, 196),
(270, 197),
(270, 198),
(270, 199),
(270, 200),
(270, 201),
(270, 202),
(270, 203),
(270, 204),
(270, 205),
(270, 206),
(270, 207),
(270, 208),
(270, 209),
(270, 210),
(270, 211),
(270, 212),
(270, 213),
(270, 90),
(270, 214),
(270, 215),
(270, 24),
(270, 187),
(270, 10),
(270, 32),
(270, 3),
(270, 51),
(270, 59),
(270, 137),
(270, 138),
(270, 139),
(270, 184),
(270, 185),
(270, 193),
(270, 194),
(270, 19),
(270, 20),
(270, 21),
(270, 195),
(270, 196),
(270, 197),
(270, 198),
(270, 199),
(270, 200),
(270, 201),
(270, 202),
(270, 203),
(270, 204),
(270, 205),
(270, 206),
(270, 207),
(270, 208),
(270, 209),
(270, 210),
(270, 211),
(270, 212),
(270, 213),
(270, 90),
(270, 214),
(270, 215),
(270, 24),
(270, 187),
(270, 10),
(270, 32),
(270, 3),
(270, 51),
(270, 59),
(270, 137),
(270, 138),
(270, 139),
(270, 184),
(270, 185),
(270, 193),
(270, 194),
(270, 19),
(270, 20),
(270, 21),
(270, 195),
(270, 196),
(270, 197),
(270, 198),
(270, 199),
(270, 200),
(270, 201),
(270, 202),
(270, 203),
(270, 204),
(270, 205),
(270, 206),
(270, 207),
(270, 208),
(270, 209),
(270, 210),
(270, 211),
(270, 212),
(270, 213),
(270, 90),
(270, 214),
(270, 215),
(289, 10),
(289, 32),
(289, 176),
(289, 55),
(289, 189),
(289, 218),
(289, 66),
(289, 152),
(289, 134),
(289, 197),
(289, 198),
(289, 199),
(289, 200),
(289, 202),
(289, 203),
(289, 204),
(289, 205),
(289, 206),
(289, 207),
(289, 208),
(289, 209),
(289, 210),
(289, 90),
(289, 214),
(289, 215),
(289, 216),
(289, 217),
(289, 10),
(289, 32),
(289, 176),
(289, 55),
(289, 189),
(289, 218),
(289, 66),
(289, 152),
(289, 134),
(289, 197),
(289, 198),
(289, 199),
(289, 200),
(289, 202),
(289, 203),
(289, 204),
(289, 205),
(289, 206),
(289, 207),
(289, 208),
(289, 209),
(289, 210),
(289, 90),
(289, 214),
(289, 215),
(289, 216),
(289, 217),
(289, 10),
(289, 32),
(289, 176),
(289, 55),
(289, 189),
(289, 218),
(289, 66),
(289, 152),
(289, 134),
(289, 197),
(289, 198),
(289, 199),
(289, 200),
(289, 202),
(289, 203),
(289, 204),
(289, 205),
(289, 206),
(289, 207),
(289, 208),
(289, 209),
(289, 210),
(289, 90),
(289, 214),
(289, 215),
(289, 216),
(289, 217),
(289, 219),
(270, 219),
(71, 219),
(290, 19),
(290, 20),
(290, 21),
(290, 22),
(290, 48),
(290, 23),
(290, 197),
(290, 198),
(290, 199),
(290, 200),
(290, 202),
(290, 203),
(290, 204),
(290, 205),
(290, 206),
(290, 207),
(290, 208),
(290, 209),
(290, 210),
(290, 90),
(290, 214),
(290, 215),
(290, 216),
(290, 217),
(290, 19),
(290, 20),
(290, 21),
(290, 22),
(290, 48),
(290, 23),
(290, 197),
(290, 198),
(290, 199),
(290, 200),
(290, 202),
(290, 203),
(290, 204),
(290, 205),
(290, 206),
(290, 207),
(290, 208),
(290, 209),
(290, 210),
(290, 90),
(290, 214),
(290, 215),
(290, 216),
(290, 217),
(290, 19),
(290, 20),
(290, 21),
(290, 22),
(290, 48),
(290, 23),
(290, 197),
(290, 198),
(290, 199),
(290, 200),
(290, 202),
(290, 203),
(290, 204),
(290, 205),
(290, 206),
(290, 207),
(290, 208),
(290, 209),
(290, 210),
(290, 90),
(290, 214),
(290, 215),
(290, 216),
(290, 217),
(290, 19),
(290, 20),
(290, 21),
(290, 22),
(290, 48),
(290, 23),
(290, 197),
(290, 198),
(290, 199),
(290, 200),
(290, 202),
(290, 203),
(290, 204),
(290, 205),
(290, 206),
(290, 207),
(290, 208),
(290, 209),
(290, 210),
(290, 90),
(290, 214),
(290, 215),
(290, 216),
(290, 217),
(290, 19),
(290, 20),
(290, 21),
(290, 22),
(290, 48),
(290, 23),
(290, 197),
(290, 198),
(290, 199),
(290, 200),
(290, 202),
(290, 203),
(290, 204),
(290, 205),
(290, 206),
(290, 207),
(290, 208),
(290, 209),
(290, 210),
(290, 90),
(290, 214),
(290, 215),
(290, 216),
(290, 217),
(290, 19),
(290, 20),
(290, 21),
(290, 22),
(290, 48),
(290, 23),
(290, 197),
(290, 198),
(290, 199),
(290, 200),
(290, 202),
(290, 203),
(290, 204),
(290, 205),
(290, 206),
(290, 207),
(290, 208),
(290, 209),
(290, 210),
(290, 90),
(290, 214),
(290, 215),
(290, 216),
(290, 217),
(290, 19),
(290, 20),
(290, 21),
(290, 22),
(290, 48),
(290, 23),
(290, 197),
(290, 198),
(290, 199),
(290, 200),
(290, 202),
(290, 203),
(290, 204),
(290, 205),
(290, 206),
(290, 207),
(290, 208),
(290, 209),
(290, 210),
(290, 90),
(290, 214),
(290, 215),
(290, 216),
(290, 217),
(290, 19),
(290, 20),
(290, 21),
(290, 22),
(290, 48),
(290, 23),
(290, 197),
(290, 198),
(290, 199),
(290, 200),
(290, 202),
(290, 203),
(290, 204),
(290, 205),
(290, 206),
(290, 207),
(290, 208),
(290, 209),
(290, 210),
(290, 90),
(290, 214),
(290, 215),
(290, 216),
(290, 217),
(270, 220),
(71, 220),
(240, 220),
(290, 19),
(290, 20),
(290, 21),
(290, 22),
(290, 48),
(290, 23),
(290, 224),
(290, 197),
(290, 198),
(290, 199),
(290, 200),
(290, 202),
(290, 203),
(290, 204),
(290, 205),
(290, 206),
(290, 207),
(290, 208),
(290, 209),
(290, 210),
(290, 90),
(290, 214),
(290, 215),
(290, 216),
(290, 217),
(289, 10),
(289, 32),
(289, 176),
(289, 55),
(289, 189),
(289, 218),
(289, 66),
(289, 152),
(289, 134),
(289, 224),
(289, 197),
(289, 198),
(289, 199),
(289, 200),
(289, 202),
(289, 203),
(289, 204),
(289, 205),
(289, 206),
(289, 207),
(289, 208),
(289, 209),
(289, 210),
(289, 90),
(289, 214),
(289, 215),
(289, 216),
(289, 217),
(270, 219),
(270, 24),
(270, 187),
(270, 10),
(270, 32),
(270, 3),
(270, 51),
(270, 59),
(270, 137),
(270, 138),
(270, 139),
(270, 184),
(270, 185),
(270, 193),
(270, 194),
(270, 19),
(270, 20),
(270, 21),
(270, 224),
(270, 225),
(270, 197),
(270, 198),
(270, 199),
(270, 200),
(270, 201),
(270, 202),
(270, 203),
(270, 204),
(270, 205),
(270, 206),
(270, 207),
(270, 208),
(270, 209),
(270, 210),
(270, 211),
(270, 212),
(270, 213),
(270, 90),
(251, 219),
(251, 24),
(251, 187),
(251, 10),
(251, 32),
(251, 3),
(251, 51),
(251, 59),
(251, 137),
(251, 138),
(251, 139),
(251, 184),
(251, 185),
(251, 193),
(251, 194),
(251, 19),
(251, 20),
(251, 21),
(251, 224),
(251, 225),
(251, 197),
(251, 198),
(251, 199),
(251, 200),
(251, 201),
(251, 202),
(251, 203),
(251, 204),
(251, 205),
(251, 206),
(251, 207),
(251, 208),
(251, 209),
(251, 210),
(251, 211),
(251, 212),
(251, 213),
(251, 90),
(240, 219),
(240, 24),
(240, 187),
(240, 10),
(240, 32),
(240, 3),
(240, 51),
(240, 59),
(240, 137),
(240, 138),
(240, 139),
(240, 184),
(240, 185),
(240, 193),
(240, 194),
(240, 19),
(240, 20),
(240, 21),
(240, 224),
(240, 225),
(240, 197),
(240, 198),
(240, 199),
(240, 200),
(240, 201),
(240, 202),
(240, 203),
(240, 204),
(240, 205),
(240, 206),
(240, 207),
(240, 208),
(240, 209),
(240, 210),
(240, 211),
(240, 212),
(240, 213),
(240, 90),
(129, 19),
(129, 20),
(129, 21),
(129, 22),
(129, 48),
(129, 23),
(129, 224),
(129, 197),
(129, 198),
(129, 199),
(129, 200),
(129, 201),
(129, 202),
(129, 203),
(129, 204),
(129, 205),
(129, 206),
(129, 207),
(129, 208),
(129, 209),
(129, 210),
(129, 90),
(129, 214),
(129, 215),
(129, 216),
(129, 217),
(270, 192),
(78, 192),
(71, 192),
(129, 192),
(289, 192),
(289, 192),
(289, 192),
(290, 192),
(290, 192),
(290, 192),
(290, 192),
(290, 192),
(290, 192),
(290, 192),
(290, 192),
(290, 192),
(289, 192),
(129, 192),
(251, 192),
(240, 192),
(129, 190),
(78, 190),
(290, 226),
(270, 226),
(289, 226),
(71, 33),
(78, 33),
(129, 33),
(240, 221),
(289, 221),
(71, 221),
(270, 221),
(251, 221),
(240, 141),
(251, 141),
(270, 141),
(251, 141),
(270, 141),
(270, 141),
(270, 141),
(270, 141),
(71, 141);

-- --------------------------------------------------------

--
-- Table structure for table `product_decoration_settings`
--

CREATE TABLE `product_decoration_settings` (
  `xe_id` int(11) NOT NULL,
  `product_setting_id` int(11) NOT NULL,
  `product_side_id` int(11) DEFAULT NULL,
  `name` varchar(30) DEFAULT NULL,
  `dimension` varchar(255) DEFAULT NULL,
  `print_area_id` bigint(20) NOT NULL,
  `sub_print_area_type` enum('normal_size','custom_size','associate_size_variant') NOT NULL DEFAULT 'normal_size',
  `pre_defined_dimensions` varchar(255) DEFAULT NULL,
  `user_defined_dimensions` varchar(255) DEFAULT NULL,
  `custom_min_height` float(5,2) DEFAULT NULL,
  `custom_max_height` float(5,2) DEFAULT NULL,
  `custom_min_width` float(5,2) DEFAULT NULL,
  `custom_max_width` float(5,2) DEFAULT NULL,
  `custom_bound_price` float(5,2) NOT NULL DEFAULT '0.00' COMMENT 'Price per square unit',
  `is_border_enable` tinyint(1) NOT NULL DEFAULT '0',
  `is_sides_allow` tinyint(1) NOT NULL DEFAULT '0',
  `no_of_sides` int(11) NOT NULL DEFAULT '0',
  `is_dimension_enable` tinyint(1) NOT NULL DEFAULT '0'
) ENGINE=InnoDB DEFAULT CHARSET=latin1;

--
-- Table structure for table `product_images`
--

CREATE TABLE `product_images` (
  `xe_id` int(11) NOT NULL,
  `store_id` int(11) DEFAULT NULL,
  `name` varchar(200) NOT NULL,
  `is_disable` tinyint(1) DEFAULT '0'
) ENGINE=InnoDB DEFAULT CHARSET=latin1;

--
-- Dumping data for table `product_images`
--

INSERT INTO `product_images` (`xe_id`, `store_id`, `name`, `is_disable`) VALUES
(11, 1, 'sample', 0),
(12, 1, 'da12', 0),
(13, 1, 'cfh', 0),
(14, 1, 'cfh', 0),
(15, 1, 'fxhf', 0),
(18, 1, '101210', 0),
(24, 1, 'Samsung', 0),
(53, 1, 'SIngle Side', 0),
(56, 1, 'fffff', 0),
(60, 1, 'tshirt', 0),
(61, 1, 'Tshirt', 0),
(62, 1, 'mens shirt', 0),
(64, 1, 'fcxh', 0),
(66, 1, 'sweat', 0),
(67, 1, 'stgsre', 0),
(73, 1, 'Tshirt1', 0),
(76, 1, 'test', 0),
(78, 1, 'PRODUCT IMAGE TEST', 0),
(79, 1, 'Tumbler Test', 1),
(82, 1, 'New Tommy', 0),
(83, 1, 'Bypass Side', 0),
(87, 1, 'Yellow tshirt', 0),
(88, 1, 'test Image Side 2020', 0);

-- --------------------------------------------------------

--
-- Table structure for table `product_image_settings_rel`
--

CREATE TABLE `product_image_settings_rel` (
  `product_setting_id` int(11) NOT NULL,
  `product_image_id` int(11) NOT NULL
) ENGINE=InnoDB DEFAULT CHARSET=latin1;

--
-- Dumping data for table `product_image_settings_rel`
--

INSERT INTO `product_image_settings_rel` (`product_setting_id`, `product_image_id`) VALUES
(70, 11),
(109, 12),
(125, 66),
(133, 79),
(134, 73),
(100, 78),
(135, 78),
(144, 61),
(58, 61),
(145, 73),
(152, 79),
(162, 56),
(142, 62),
(163, 83),
(164, 66),
(116, 73),
(176, 78),
(23, 67),
(65, 66),
(139, 66),
(120, 88),
(33, 66),
(85, 83),
(60, 73),
(192, 73),
(56, 79),
(219, 66),
(226, 66);

-- --------------------------------------------------------

--
-- Table structure for table `product_image_sides`
--

CREATE TABLE `product_image_sides` (
  `xe_id` int(11) NOT NULL,
  `product_image_id` int(11) NOT NULL,
  `side_name` varchar(200) NOT NULL,
  `sort_order` int(11) NOT NULL,
  `file_name` varchar(50) DEFAULT NULL
) ENGINE=InnoDB DEFAULT CHARSET=latin1;

--
-- Dumping data for table `product_image_sides`
--

INSERT INTO `product_image_sides` (`xe_id`, `product_image_id`, `side_name`, `sort_order`, `file_name`) VALUES
(9, 3, 'left', 1, '201912210112213338.jpg'),
(10, 3, 'right', 2, '201912210112216746.gif'),
(11, 4, 'heart', 1, '201912230711166869.png'),
(12, 5, 'front', 1, '201912231113113872.png'),
(13, 6, 'Side 1', 1, '201912231119328681.jpg'),
(14, 6, 'Side 2', 3, '201912231119322758.jpg'),
(15, 6, 'Side 3', 3, '201912231119322054.jpg'),
(16, 7, '1', 1, '201912241038286798.png'),
(17, 8, 'eee', 1, '201912241048099781.png'),
(18, 9, 'dcfgh', 1, '20191224105740122.png'),
(20, 10, '1', 1, '20191225091803802.png'),
(21, 11, 'dd', 1, '201912251105302836.jpg'),
(22, 12, '12', 1, '201912251229592771.jpg'),
(23, 13, 'cvhn', 1, '201912250139141434.jpg'),
(24, 14, 'fdhg', 1, '201912250139336994.jpg'),
(25, 15, 'fcgh', 1, '201912250140033869.JPG'),
(26, 16, 'Sandal', 1, '201912260953493270.png'),
(27, 17, 'ss', 1, '201912260745378242.png'),
(28, 17, 'second', 2, '201912260745379682.png'),
(30, 18, 'apple', 2, '201912270104338309.png'),
(31, 18, 'hulk12', 3, '201912270104339460.jpg'),
(32, 19, 'Front', 1, '201912270113037017.png'),
(33, 19, 'Back', 2, '201912270113031775.png'),
(34, 20, 'Front', 1, '201912270115151386.png'),
(35, 21, 'heart', 1, '201912270333465827.png'),
(36, 22, 'd', 1, '201912271055418953.jpg'),
(37, 23, 'Circle', 1, '201912281050235970.png'),
(38, 24, 'Samsung', 1, '201912301200593009.svg'),
(39, 25, 'test', 1, '201912301204268628.png'),
(40, 26, 'Coffee', 1, '202001030426232550.png'),
(41, 27, 'MUGG', 1, '202001030432557041.png'),
(42, 28, '   dd', 1, '202001060506207443.png'),
(43, 29, 'Test', 1, '20200106065443125.png'),
(44, 30, 'Front', 1, '202001060704141721.png'),
(45, 30, 'Back', 2, '202001060704145470.png'),
(46, 31, 'NULL', 1, '202001060709586926.png'),
(47, 32, '                    ', 1, '202001060713047237.png'),
(48, 33, '1st', 1, '20200107010515888.png'),
(49, 33, '2nd', 2, '202001070105151053.png'),
(50, 34, 'front', 1, '202001070129036329.png'),
(51, 35, 'Dummy', 1, '202001070454473695.png'),
(52, 36, '1', 1, '202001070456084125.png'),
(53, 36, '2', 2, '202001070456086711.png'),
(54, 36, '3', 3, '202001070456082568.png'),
(55, 36, '4', 4, '20200107045608943.png'),
(56, 37, 'TREST', 1, '202001070501143142.png'),
(57, 38, 'A4', 1, '202001080214386916.jpg'),
(59, 38, 'A5', 2, '202001081027464880.jpg'),
(60, 39, 'Pen', 1, '202001081124445881.jpg'),
(61, 39, '2', 2, '20200108112557119.png'),
(62, 39, '4', 3, '202001081125576977.jpg'),
(63, 40, '1', 1, '202001081126584375.jpg'),
(64, 40, '2', 2, '202001081126589004.jpg'),
(65, 40, '3', 3, '202001081126583084.png'),
(66, 41, '1', 1, '202001081129547259.png'),
(67, 41, '2', 2, '202001081131099505.png'),
(68, 41, '3', 3, '202001081131095152.png'),
(69, 42, '1', 1, '202001081133278772.png'),
(70, 42, '2', 2, '202001081134198668.png'),
(71, 42, '3', 3, '202001081134198802.png'),
(72, 36, '1', 5, '202001080225553720.jpg'),
(73, 43, '1st', 1, '202001080230429445.png'),
(74, 44, 'Front', 1, '202001090256141502.jpg'),
(75, 44, 'Back', 2, '202001090256141134.jpg'),
(76, 44, 'Right', 3, '202001090256143280.jpg'),
(77, 44, 'Left', 4, '202001090256145615.jpg'),
(78, 45, '1', 1, '202001090232036011.png'),
(79, 46, 'A', 1, '202001090254561711.png'),
(80, 46, 'B', 2, '202001090253557204.jpg'),
(81, 46, 'xdzasd', 3, '202001090254564923.png'),
(82, 47, 'A', 1, '202001090300086516.jpg'),
(83, 47, 'AA', 2, '202001090300094282.png'),
(84, 47, 'ss', 3, '202001090302216303.png'),
(85, 48, 'AA', 1, '202001090310099236.jpg'),
(86, 48, 'SS', 2, '202001090310096450.jpg'),
(87, 48, 'FF', 3, '202001090310093831.jpg'),
(88, 49, 'asdsad', 1, '202001090318033900.jpg'),
(89, 49, 'as', 2, '20200109031804841.jpg'),
(90, 50, 'Waterfall', 1, '202001090328294555.jpg'),
(91, 50, 'Cat', 2, '202001090328305316.jpg'),
(93, 50, 'Wine', 4, '202001090328306683.jpg'),
(94, 50, 'Building', 5, '202001090328552810.jpg'),
(95, 50, 'Budh', 6, '202001090328567112.jpg'),
(96, 50, 'd', 7, '202001090329358649.jpg'),
(97, 51, 'Tomb', 1, '202001090333273273.png'),
(98, 51, 'Desk', 2, '202001090333279771.png'),
(99, 51, 'Girl', 3, '202001090333273335.png'),
(100, 52, 'front', 1, '202001090334044286.png'),
(101, 52, 'back', 2, '202001090334047070.png'),
(102, 53, '1', 1, '202001090649028904.png'),
(103, 54, 'Front', 1, '202001131031217053.png'),
(104, 54, 'Back', 2, '202001131031215761.png'),
(105, 54, 'Right', 3, '202001131031211365.png'),
(106, 54, 'Left', 4, '202001131031508468.png'),
(107, 55, 'front', 1, '202001131036475020.jpg'),
(108, 55, 'back', 2, '202001131036478373.jpg'),
(109, 55, 'left', 3, '202001131036472681.jpg'),
(110, 55, 'right', 4, '202001131036476244.jpg'),
(111, 55, '1st', 5, '202001131049112824.jpg'),
(112, 55, '2nd', 6, '202001131049461864.jpg'),
(113, 55, '3rd', 7, '202001131049467893.jpg'),
(114, 55, '4th', 8, '20200113104946255.jpg'),
(115, 56, 'fgd', 1, '20200113113626203.png'),
(118, 17, 'test', 3, '202001131203054363.png'),
(119, 17, '123', 4, '202001131203324286.jpg'),
(120, 17, '444', 5, '202001131203323692.png'),
(121, 17, '555', 6, '202001131203321922.png'),
(122, 57, 'Front', 1, '202001130130361401.png'),
(123, 57, 'Back', 2, '202001130130363772.png'),
(124, 57, 'Right', 3, '20200113013036361.png'),
(125, 57, 'Left', 4, '202001130130368473.png'),
(126, 58, 'Front', 1, '202001130338397436.png'),
(127, 58, 'Back', 2, '202001130338391118.png'),
(128, 58, 'Left', 3, '202001130338398759.png'),
(129, 58, 'Right', 4, '202001130338396812.png'),
(130, 59, '1', 1, '202001141034243687.jpg'),
(131, 59, '2', 2, '202001141034251946.jpg'),
(132, 59, '3', 3, '202001141034257148.jpg'),
(133, 59, '4', 4, '202001141034255382.jpg'),
(134, 59, '5', 5, '202001141034251376.jpg'),
(135, 59, '6', 6, '202001141034255189.jpeg'),
(136, 57, '1', 1, '202001141059496160.png'),
(137, 57, '2', 2, '202001141059497045.jpg'),
(138, 57, '3', 3, '202001141059494468.jpg'),
(139, 57, '4', 4, '20200114105949113.jpg'),
(140, 57, '5', 5, '202001141059491203.jpg'),
(141, 58, '1', 1, '202001141101475959.png'),
(142, 58, '2', 2, '202001141101474950.jpg'),
(143, 58, '3', 3, '202001141101475014.jpg'),
(144, 58, '4', 4, '202001141101484420.jpg'),
(145, 58, '5', 5, '202001141101497026.jpg'),
(146, 58, '6', 6, '202001141101496952.jpg'),
(147, 59, 'front', 1, '202001141107558939.png'),
(148, 59, 'back', 2, '202001141107553955.png'),
(149, 59, 'right', 3, '202001141107555162.png'),
(150, 59, 'left', 4, '202001141107559916.png'),
(151, 60, 'front', 1, '202001141222184019.png'),
(152, 60, 'back', 2, '202001141222182344.png'),
(153, 60, 'right', 3, '202001141223317570.png'),
(154, 60, 'left', 4, '202001141223318337.png'),
(155, 61, 'Front', 1, '202001141115477691.png'),
(161, 60, 'test', 5, '202001141223316279.png'),
(162, 60, 'cfh', 6, '202001141223313056.png'),
(165, 62, 'pol', 1, '202001141225064851.png'),
(167, 63, 'cfh', 1, '202001141223574258.png'),
(168, 63, 'ftyhtf', 2, '202001141223576255.png'),
(171, 64, 'vghj', 1, '202001141225433869.jpg'),
(177, 24, 'vhjhk', 2, '202001141226308907.png'),
(178, 65, 'A', 1, '202001141229291025.jpg'),
(179, 65, 'B', 2, '20200114122929333.jpg'),
(180, 65, 'C', 3, '202001141228133966.jpg'),
(186, 67, 'setg', 1, '202001141230107651.png'),
(190, 68, 'test', 1, '202001141231528686.png'),
(191, 68, 'front', 2, '202001141231521544.png'),
(193, 69, 'ftgjh', 1, '202001141238598522.jpg'),
(194, 69, 'ghjfgj', 2, '202001141238593256.jpg'),
(195, 69, 'gfjyg', 3, '202001141238427583.jpg'),
(197, 68, 'hjj', 3, '202001141232299288.png'),
(198, 70, '1', 1, '202001141232316167.png'),
(199, 70, '2', 2, '202001141232317278.png'),
(200, 70, '3', 3, '202001141232312768.png'),
(201, 70, '4', 4, '20200114123231267.png'),
(202, 71, 'a', 1, '202001141232414251.jpg'),
(203, 71, 'b', 2, '202001141236245439.jpg'),
(205, 71, 'd', 3, '202001141233005823.jpg'),
(206, 70, '5', 5, '202001141233254497.png'),
(207, 70, '6', 6, '202001141233257175.png'),
(208, 70, '7', 7, '202001141233257856.png'),
(209, 70, '8', 8, '202001141233255700.png'),
(210, 70, '9', 9, '202001141233256218.png'),
(211, 70, '5', 5, '202001141233338990.png'),
(212, 70, '6', 6, '202001141233336993.png'),
(213, 70, '7', 7, '202001141233334451.png'),
(214, 70, '8', 8, '20200114123333644.png'),
(215, 70, '9', 9, '20200114123333704.png'),
(217, 70, '5', 5, '202001141233514723.png'),
(218, 70, '6', 6, '202001141233511419.png'),
(219, 70, '7', 7, '202001141233515443.png'),
(220, 70, '8', 8, '202001141233519683.png'),
(221, 70, '5', 5, '202001141234014903.png'),
(222, 70, '6', 6, '202001141234012241.png'),
(223, 70, '7', 7, '202001141234019319.png'),
(224, 70, '8', 8, '202001141234018068.png'),
(225, 70, '5', 5, '202001141234094481.png'),
(226, 70, '6', 6, '202001141234091373.png'),
(227, 70, '7', 7, '202001141234091972.png'),
(228, 70, '5', 5, '202001141234188987.png'),
(229, 72, '1', 1, '202001141234299773.png'),
(230, 72, 'sds', 2, '202001141235189620.png'),
(231, 73, 'front', 1, '202001141237241757.png'),
(232, 73, '2', 2, '202001141237597826.png'),
(233, 74, 'aaa', 1, '202001140100139126.jpg'),
(234, 74, 'bbb', 2, '202001140100137384.jpg'),
(235, 74, 'ds', 3, '202001140100148265.jpg'),
(236, 74, 'dsd', 4, '202001141240064331.jpg'),
(237, 75, 'aaa', 1, '202001140108341771.jpg'),
(238, 75, 'sss', 2, '202001140108349744.jpg'),
(239, 75, 'ddd', 3, '202001140108343909.jpg'),
(241, 75, 'eee', 4, '202001140108531041.jpg'),
(242, 75, 'rrr', 5, '202001140108538534.jpg'),
(243, 75, 'fff', 6, '202001140113419981.png'),
(244, 76, '1', 1, '202001140114057310.png'),
(246, 77, 'ass', 1, '202001141029226297.jpg'),
(257, 78, 'hh', 2, '202001151219309344.png'),
(258, 64, '2', 2, '202001151229152037.png'),
(259, 64, '3', 3, '202001151229151007.png'),
(260, 64, '4', 4, '202001151229157522.png'),
(261, 80, '1', 1, '202001150618006544.png'),
(262, 80, '2', 2, '20200115061800702.png'),
(263, 80, '3', 3, '202001150618003902.png'),
(264, 80, '4', 4, '202001150618004711.png'),
(265, 80, '5', 5, '202001150618004598.png'),
(266, 80, '6', 6, '202001150618003960.png'),
(267, 80, '7', 7, '20200115061800787.png'),
(268, 80, '8', 8, '202001150618011951.png'),
(269, 80, '9', 9, '202001150618015555.png'),
(270, 80, '10', 10, '202001150618016737.png'),
(271, 80, '11', 11, '202001150618012519.png'),
(272, 80, '12', 12, '202001150618018425.png'),
(273, 80, '13', 13, '202001150618015887.png'),
(275, 80, '15', 15, '202001150618014882.png'),
(276, 80, '16', 16, '202001150618014245.png'),
(277, 80, '17', 17, '202001150618016662.png'),
(278, 80, '18', 18, '202001150618016263.png'),
(279, 80, '19', 19, '202001150618016048.png'),
(280, 80, '20', 20, '202001150618012086.png'),
(281, 80, '21', 21, '20200115061801908.png'),
(282, 80, '22', 22, '202001150618012562.png'),
(284, 77, 'deg', 2, '202001150756575168.png'),
(288, 81, 'A', 1, '202001160115049808.jpg'),
(291, 81, 'F', 2, '202001160226112201.jpg'),
(293, 81, 'H', 4, '202001160226111907.jpg'),
(294, 82, 'Term001', 1, '202001160505364221.jpg'),
(311, 83, 'Bypass0189 322', 1, '202001200116163674.jpg'),
(319, 82, 'Term002', 2, '202001160551571914.jpg'),
(320, 82, 'Term003', 3, '202001160551579706.jpg'),
(321, 82, 'Term004', 4, '202001160551579321.jpg'),
(326, 79, 'cgj', 1, '202001171210015486.png'),
(327, 79, 'xfbghfd', 2, '202001171211482095.png'),
(330, 83, '33423', 2, '202001200116166388.jpg'),
(331, 84, 'test', 1, '202001170209569911.png'),
(334, 83, '5654654', 3, '202001200116167124.jpg'),
(336, 76, '1', 2, '202001170548515922.svg'),
(337, 85, '1', 1, '202001170616214650.svg'),
(340, 86, 'pen', 1, '20200120110435247.svg'),
(341, 66, 'Front', 1, '202001210230546294.png'),
(342, 66, 'Back', 2, '202001210230546136.png'),
(343, 66, 'Right', 3, '202001210230543145.png'),
(344, 66, 'Left', 4, '202001210230542352.png'),
(345, 83, '665646', 4, '202001200114564564.jpg'),
(346, 83, '7757', 5, '202001200117392680.png'),
(347, 83, '8', 6, '202001200117394522.png'),
(348, 83, '9', 7, '202001200119331964.jpg'),
(349, 83, '10', 8, '202001200119332190.jpg'),
(350, 83, '11', 9, '202001200119339200.jpg'),
(351, 83, '12', 10, '202001200119331670.jpg'),
(352, 83, '13', 11, '202001200119332548.jpeg'),
(353, 83, '14', 12, '202001200119338386.jpeg'),
(354, 83, '15', 13, '202001200127309602.jpg'),
(355, 82, 'Term005', 5, '202001200129279038.jpg'),
(356, 82, '006', 6, '202001200132324331.jpg'),
(357, 82, '007', 7, '202001200132321833.bmp'),
(358, 82, '008', 8, '202001200132323515.jpeg'),
(359, 82, '009', 9, '202001200132325915.jpg'),
(360, 82, '010', 10, '202001200132324614.png'),
(361, 87, 'Front', 1, '202001221153273299.png'),
(362, 83, '16', 14, '202001230530594388.jpg'),
(363, 83, '17', 15, '202001230531002302.jpg'),
(364, 83, '18', 16, '20200123053101508.jpg'),
(365, 83, '19', 17, '202001230531022467.jpg'),
(366, 83, '20', 18, '202001230531033619.jpg'),
(367, 83, '21', 19, '202001230531058644.jpg'),
(368, 83, '22', 20, '202001230531062825.jpg'),
(369, 83, '23', 21, '202001230531085468.jpg'),
(370, 83, '24', 22, '20200123053109962.jpg'),
(371, 83, '25', 23, '202001230531097473.jpg'),
(372, 83, '26', 24, '202001230531114436.jpg'),
(373, 88, 'saddded', 1, '202001230804122687.jpg'),
(374, 88, 'das', 2, '20200123080412535.jpg'),
(375, 88, 'asdas', 3, '20200123080412872.jpg'),
(377, 88, 'asdasd', 4, '202001230805107942.jpg'),
(378, 88, 'asgyr', 5, '202001241038557934.png');

-- --------------------------------------------------------

--
-- Table structure for table `product_settings`
--

CREATE TABLE `product_settings` (
  `xe_id` int(11) NOT NULL,
  `product_id` varchar(30) NOT NULL,
  `is_variable_decoration` tinyint(1) DEFAULT '0',
  `is_ruler` tinyint(1) DEFAULT '0',
  `is_crop_mark` tinyint(1) NOT NULL DEFAULT '0',
  `is_safe_zone` tinyint(1) NOT NULL DEFAULT '0',
  `crop_value` decimal(5,2) NOT NULL,
  `safe_value` decimal(5,2) NOT NULL,
  `is_3d_preview` tinyint(1) NOT NULL DEFAULT '0',
  `3d_object_file` varchar(120) DEFAULT NULL,
  `3d_object` text,
  `scale_unit_id` int(11) NOT NULL
) ENGINE=InnoDB DEFAULT CHARSET=latin1;

--
-- Dumping data for table `product_settings`
--

INSERT INTO `product_settings` (`xe_id`, `product_id`, `is_variable_decoration`, `is_ruler`, `is_crop_mark`, `is_safe_zone`, `crop_value`, `safe_value`, `is_3d_preview`, `3d_object_file`, `3d_object`, `scale_unit_id`) VALUES
(1, '3797', 0, 0, 0, 0, '0.00', '0.00', 0, NULL, NULL, 1),
(3, '3730', 0, 0, 1, 1, '0.10', '0.10', 0, NULL, '', 1),
(7, '3850', 0, 0, 0, 0, '0.00', '0.00', 0, NULL, NULL, 1),
(9, '3801', 0, 0, 1, 1, '0.00', '0.00', 0, NULL, NULL, 1),
(10, '3736', 0, 0, 0, 0, '0.00', '0.00', 0, NULL, '', 1),
(13, '3862', 1, 0, 1, 1, '10.00', '10.00', 0, '', '', 1),
(16, '3844', 1, 0, 0, 0, '0.00', '0.00', 0, '', '', 1),
(19, '3646', 0, 0, 0, 0, '0.00', '0.00', 0, NULL, NULL, 1),
(20, '3639', 0, 0, 0, 0, '0.00', '0.00', 0, NULL, NULL, 1),
(21, '3608', 0, 0, 0, 0, '0.00', '0.00', 0, NULL, NULL, 1),
(22, '3033', 0, 0, 0, 0, '0.00', '0.00', 0, NULL, NULL, 1),
(23, '2051', 1, 0, 0, 0, '0.00', '0.00', 0, '', '', 1),
(24, '3751', 0, 0, 0, 0, '0.00', '0.00', 0, NULL, '', 1),
(32, '3734', 0, 0, 0, 0, '0.00', '0.00', 0, NULL, '', 1),
(33, '2233', 0, 0, 0, 0, '0.00', '0.00', 0, NULL, '', 1),
(35, '1803', 0, 0, 0, 0, '0.00', '0.00', 1, NULL, '"{\\n    \\"scale\\": \\"1\\",\\n    \\"color\\": \\"#CCCCCC\\",\\n    \\"reflectivity\\": \\"0.5\\",\\n    \\"shininess\\": \\"0.8\\",\\n    \\"rotateSpeed\\": \\"1.2\\",\\n    \\"direction\\": \\"-1\\",\\n    \\"removeChildIndices\\": [\\n        0\\n    ],\\n    \\"colorRectangle\\": [\\n        [\\n            739,\\n            8,\\n            276,\\n            290\\n        ],\\n        [\\n            21,\\n            22,\\n            407,\\n            203\\n        ],\\n        [\\n            434,\\n            20,\\n            99,\\n            153\\n        ],\\n        [\\n            451,\\n            177,\\n            128,\\n            131\\n        ],\\n        [\\n            554,\\n            3,\\n            189,\\n            167\\n        ],\\n        [\\n            577,\\n            167,\\n            139,\\n            121\\n        ]\\n    ],\\n    \\"imageRectangle\\": [\\n        [\\n            -850,\\n            -20,\\n            2045,\\n            2150\\n        ]\\n    ],\\n    \\"imageRotation\\": [\\n        360\\n    ],\\n    \\"fileType\\": \\"obj\\",\\n    \\"material\\": \\"gloss\\",\\n    \\"colorRectangleValue\\": [\\n        \\"#000000\\",\\n        \\"#b3b3b3\\",\\n        \\"#000000\\",\\n        \\"#b3b3b3\\",\\n        \\"#b3b3b3\\",\\n        \\"#b3b3b3\\"\\n    ],\\n    \\"meshPositionX\\": 0.1,\\n    \\"meshPositionY\\": 2,\\n    \\"NumberOfDynamicColor\\": 1,\\n    \\"cameraPositionX\\": 2.5,\\n    \\"cameraPositionY\\": 10,\\n    \\"cameraPositionZ\\": 2.5,\\n    \\"cameraPositionEnabled\\": 1\\n}"', 1),
(36, '2276', 1, 0, 0, 0, '0.00', '0.00', 0, '', '', 1),
(39, '3558', 0, 0, 0, 0, '0.00', '0.00', 0, NULL, '', 1),
(40, '4391344799792', 0, 0, 0, 0, '0.00', '0.00', 0, NULL, NULL, 1),
(41, '3883', 0, 0, 0, 0, '0.00', '0.00', 0, NULL, NULL, 1),
(44, '4355331653680', 0, 0, 1, 1, '1.00', '1.00', 0, NULL, NULL, 1),
(45, '3493', 0, 0, 0, 0, '0.00', '0.00', 0, NULL, '', 1),
(47, '3560', 1, 0, 0, 0, '0.00', '0.00', 0, '', '', 1),
(48, '2487', 1, 0, 0, 0, '0.00', '0.00', 0, '', '', 1),
(49, '2905', 0, 0, 0, 0, '0.00', '0.00', 0, '', '', 1),
(50, '2800', 0, 0, 0, 0, '0.00', '0.00', 0, NULL, NULL, 1),
(51, '3729', 0, 0, 0, 0, '0.00', '0.00', 0, NULL, NULL, 1),
(52, '2602', 0, 0, 0, 0, '0.00', '0.00', 0, NULL, NULL, 1),
(53, '2966', 0, 0, 0, 0, '0.00', '0.00', 0, NULL, NULL, 1),
(54, '2653', 0, 0, 0, 0, '0.00', '0.00', 0, NULL, NULL, 1),
(55, '3041', 0, 0, 0, 0, '0.00', '0.00', 0, NULL, '', 1),
(56, '1743', 0, 0, 0, 0, '0.00', '0.00', 0, NULL, '', 1),
(57, '2725', 0, 0, 1, 1, '0.10', '0.10', 0, NULL, '', 1),
(58, '2006', 0, 0, 0, 0, '0.00', '0.00', 0, NULL, '', 1),
(59, '3728', 0, 0, 0, 0, '0.00', '0.00', 0, NULL, '', 1),
(60, '2956', 0, 0, 0, 0, '0.00', '0.00', 0, NULL, '', 1),
(62, '3337', 0, 0, 0, 0, '0.00', '0.00', 0, NULL, '', 1),
(63, '2096', 0, 0, 0, 0, '0.00', '0.00', 0, NULL, '', 1),
(64, '3659', 0, 0, 0, 0, '0.00', '0.00', 0, NULL, NULL, 1),
(65, '2370', 1, 0, 0, 0, '0.00', '0.00', 0, '', '', 1),
(66, '2825', 0, 0, 0, 0, '0.00', '0.00', 0, NULL, '', 1),
(67, '2251', 0, 0, 0, 0, '0.00', '0.00', 0, NULL, '', 1),
(68, '3045', 1, 0, 0, 0, '0.00', '0.00', 0, '', '', 1),
(69, '2535', 0, 0, 0, 0, '0.00', '0.00', 0, NULL, NULL, 1),
(70, '2729', 0, 0, 0, 0, '0.00', '0.00', 0, NULL, '', 3),
(74, '2537', 1, 0, 0, 0, '0.00', '0.00', 0, '', '', 1),
(75, '2613', 1, 0, 0, 0, '0.00', '0.00', 0, '', '', 1),
(76, '3136', 0, 0, 0, 0, '0.00', '0.00', 0, NULL, '', 2),
(77, '3104', 0, 0, 0, 0, '0.00', '0.00', 0, NULL, NULL, 1),
(81, '4073', 0, 0, 0, 0, '0.00', '0.00', 0, NULL, '', 1),
(84, '1850', 0, 0, 0, 0, '0.00', '0.00', 0, NULL, '', 1),
(85, '1864', 0, 0, 0, 0, '0.00', '0.00', 0, NULL, '', 1),
(88, '1753', 1, 0, 0, 0, '0.00', '0.00', 0, '', '', 1),
(90, '4110', 0, 0, 1, 1, '2.00', '3.70', 0, NULL, '', 2),
(91, '2459', 1, 0, 0, 0, '0.00', '0.00', 0, '', '', 2),
(95, '2699', 0, 0, 0, 0, '0.00', '0.00', 0, NULL, NULL, 1),
(96, '3620', 0, 0, 0, 0, '0.00', '0.00', 0, NULL, NULL, 1),
(99, '2663', 0, 0, 0, 0, '0.00', '0.00', 0, NULL, NULL, 1),
(100, '2068', 0, 0, 0, 0, '0.00', '0.00', 1, '202001230525207073.obj', '"{\\nasdasdas}"', 1),
(109, '1890', 0, 0, 0, 0, '0.00', '0.00', 0, '', '', 1),
(110, '1924', 0, 0, 0, 0, '0.00', '0.00', 1, NULL, '"{}"', 1),
(111, '1935', 0, 0, 0, 0, '0.00', '0.00', 0, NULL, '', 1),
(112, '2419', 0, 0, 0, 0, '0.00', '0.00', 0, '', '', 1),
(113, '2404', 0, 0, 0, 0, '0.00', '0.00', 1, NULL, '"{\\n    \\"scale\\": \\"1.2\\",\\n    \\"color\\": \\"#fefefe\\",\\n    \\"reflectivity\\": \\"0.5\\",\\n    \\"shininess\\": \\"1.2\\",\\n    \\"rotateSpeed\\": \\"1.2\\",\\n    \\"direction\\": \\"-1\\",\\n    \\"removeChildIndices\\": [\\n        0\\n    ],\\n    \\"colorRectangle\\": [\\n        [\\n            450,\\n            400,\\n            530,\\n            300\\n        ],\\n        [\\n            305,\\n            718,\\n            719,\\n            306\\n        ]\\n    ],\\n    \\"imageRectangle\\": [\\n        [\\n            8,\\n            -220,\\n            1335,\\n            760\\n        ]\\n    ],\\n    \\"imageRotation\\": [\\n        360,\\n        360,\\n        360,\\n        360\\n    ],\\n    \\"fileType\\": \\"obj\\",\\n    \\"material\\": \\"matt\\",\\n    \\"colorRectangleValue\\": [\\n        \\"#CCCCCC\\",\\n        \\"#CCCCCC\\"\\n    ],\\n    \\"meshPositionX\\": 0.1,\\n    \\"meshPositionY\\": -2\\n}"', 1),
(114, '2027', 0, 0, 0, 0, '0.00', '0.00', 0, NULL, NULL, 1),
(116, '2309', 0, 0, 0, 0, '0.00', '0.00', 0, NULL, '', 1),
(117, '2001', 1, 0, 0, 0, '0.00', '0.00', 0, '', '', 1),
(118, '2016', 1, 0, 0, 0, '0.00', '0.00', 0, '', '', 1),
(120, '1670', 0, 0, 0, 0, '0.00', '0.00', 0, NULL, '', 1),
(122, '1955', 0, 0, 0, 0, '0.00', '0.00', 0, NULL, NULL, 1),
(125, '2118', 0, 0, 1, 1, '1.00', '1.00', 0, NULL, '', 1),
(127, '1969', 0, 0, 0, 0, '0.00', '0.00', 0, NULL, NULL, 1),
(128, '1700', 0, 0, 0, 0, '0.00', '0.00', 1, '202001230444042782.obj', '"{\\n    \\"scale\\": \\"1\\",\\n    \\"color\\": \\"#CCCCCC\\",\\n    \\"reflectivity\\": \\"0.5\\",\\n    \\"shininess\\": \\"0.8\\",\\n    \\"rotateSpeed\\": \\"1.2\\",\\n    \\"direction\\": \\"-1\\",\\n    \\"removeChildIndices\\": [\\n        0\\n    ],\\n    \\"colorRectangle\\": [\\n        [\\n            739,\\n            8,\\n            276,\\n            290\\n        ],\\n        [\\n            21,\\n            22,\\n            407,\\n            203\\n        ],\\n        [\\n            434,\\n            20,\\n            99,\\n            153\\n        ],\\n        [\\n            451,\\n            177,\\n            128,\\n            131\\n        ],\\n        [\\n            554,\\n            3,\\n            189,\\n            167\\n        ],\\n        [\\n            577,\\n            167,\\n            139,\\n            121\\n        ]\\n    ],\\n    \\"imageRectangle\\": [\\n        [\\n            -850,\\n            -20,\\n            2045,\\n            2150\\n        ]\\n    ],\\n    \\"imageRotation\\": [\\n        360\\n    ],\\n    \\"fileType\\": \\"obj\\",\\n    \\"material\\": \\"gloss\\",\\n    \\"colorRectangleValue\\": [\\n        \\"#000000\\",\\n        \\"#b3b3b3\\",\\n        \\"#000000\\",\\n        \\"#b3b3b3\\",\\n        \\"#b3b3b3\\",\\n        \\"#b3b3b3\\"\\n    ],\\n    \\"meshPositionX\\": 0.1,\\n    \\"meshPositionY\\": 2,\\n    \\"NumberOfDynamicColor\\": 1,\\n    \\"cameraPositionX\\": 2.5,\\n    \\"cameraPositionY\\": 10,\\n    \\"cameraPositionZ\\": 2.5,\\n    \\"cameraPositionEnabled\\": 1\\n}"', 4),
(129, '2854', 0, 0, 0, 0, '0.00', '0.00', 0, NULL, '', 1),
(130, '3674', 0, 0, 0, 0, '0.00', '0.00', 0, NULL, NULL, 1),
(133, '1975', 0, 0, 0, 0, '0.00', '0.00', 0, NULL, '', 1),
(134, '2049', 0, 0, 0, 0, '0.00', '0.00', 0, NULL, NULL, 1),
(135, '2024', 0, 0, 0, 0, '0.00', '0.00', 0, NULL, '', 1),
(136, '2082', 0, 0, 0, 0, '0.00', '0.00', 0, NULL, NULL, 1),
(137, '3727', 0, 0, 0, 0, '0.00', '0.00', 0, NULL, NULL, 1),
(138, '3726', 0, 0, 0, 0, '0.00', '0.00', 0, NULL, NULL, 1),
(139, '3725', 0, 0, 0, 0, '0.00', '0.00', 0, NULL, '', 1),
(140, '2679', 0, 0, 0, 0, '0.00', '0.00', 0, NULL, '', 1),
(141, '3594', 0, 0, 0, 0, '0.00', '0.00', 0, NULL, '', 1),
(142, '2206', 0, 0, 0, 0, '0.00', '0.00', 0, NULL, '', 1),
(144, '2265', 0, 0, 0, 0, '0.00', '0.00', 0, NULL, '', 1),
(145, '2458', 0, 0, 0, 0, '0.00', '0.00', 0, NULL, NULL, 1),
(152, '2503', 0, 0, 0, 0, '0.00', '0.00', 0, NULL, NULL, 1),
(154, '2368', 0, 0, 0, 0, '0.00', '0.00', 0, NULL, NULL, 1),
(159, '2062', 0, 0, 0, 0, '0.00', '0.00', 1, '202001230612281205.obj', '"{\\ndasdas}"', 1),
(161, '2035', 1, 0, 0, 0, '0.00', '0.00', 0, '', '', 1),
(162, '2290', 0, 0, 0, 0, '0.00', '0.00', 0, NULL, '', 1),
(163, '2357', 0, 0, 0, 0, '0.00', '0.00', 0, NULL, '', 1),
(164, '2318', 0, 0, 0, 0, '0.00', '0.00', 0, NULL, NULL, 1),
(165, '2107', 0, 0, 0, 0, '0.00', '0.00', 0, NULL, NULL, 1),
(166, '3084', 0, 0, 0, 0, '0.00', '0.00', 0, NULL, '', 1),
(167, '3073', 0, 0, 0, 0, '0.00', '0.00', 0, NULL, NULL, 1),
(172, '2685', 1, 0, 0, 0, '0.00', '0.00', 0, NULL, NULL, 1),
(176, '3043', 1, 0, 0, 0, '0.00', '0.00', 0, NULL, NULL, 1),
(178, '2619', 1, 0, 0, 0, '0.00', '0.00', 0, NULL, NULL, 1),
(179, '4368', 0, 0, 0, 0, '0.00', '0.00', 0, NULL, '', 1),
(180, '4387', 0, 0, 0, 0, '0.00', '0.00', 0, NULL, '', 1),
(181, '3860', 0, 0, 0, 0, '0.00', '0.00', 0, NULL, NULL, 1),
(183, '3706', 0, 0, 0, 0, '0.00', '0.00', 0, NULL, NULL, 1),
(184, '3685', 0, 0, 0, 0, '0.00', '0.00', 0, NULL, NULL, 1),
(185, '3684', 0, 0, 0, 0, '0.00', '0.00', 0, NULL, NULL, 1),
(186, '2511', 0, 0, 0, 0, '0.00', '0.00', 0, NULL, NULL, 1),
(187, '3745', 0, 0, 0, 0, '0.00', '0.00', 0, NULL, NULL, 1),
(189, '3038', 0, 0, 0, 0, '0.00', '0.00', 0, NULL, NULL, 1),
(190, '4163', 0, 0, 0, 0, '0.00', '0.00', 0, NULL, '', 1),
(191, '3835', 0, 0, 0, 0, '0.00', '0.00', 0, NULL, NULL, 1),
(192, '1620', 0, 0, 0, 0, '0.00', '0.00', 0, NULL, '', 2),
(193, '3683', 0, 0, 0, 0, '0.00', '0.00', 0, NULL, NULL, 1),
(194, '3682', 0, 0, 0, 0, '0.00', '0.00', 0, NULL, NULL, 1),
(195, '3592', 0, 0, 0, 0, '0.00', '0.00', 0, NULL, NULL, 1),
(196, '3589', 0, 0, 0, 0, '0.00', '0.00', 0, NULL, NULL, 1),
(197, '4476', 0, 0, 0, 0, '0.00', '0.00', 0, NULL, NULL, 1),
(198, '4456', 0, 0, 0, 0, '0.00', '0.00', 0, NULL, NULL, 1),
(199, '4289', 0, 0, 0, 0, '0.00', '0.00', 0, NULL, NULL, 1),
(200, '4227', 0, 0, 0, 0, '0.00', '0.00', 0, NULL, NULL, 1),
(201, '4224', 0, 0, 0, 0, '0.00', '0.00', 0, NULL, NULL, 1),
(202, '4215', 0, 0, 0, 0, '0.00', '0.00', 0, NULL, NULL, 1),
(203, '4206', 0, 0, 0, 0, '0.00', '0.00', 0, NULL, NULL, 1),
(204, '4203', 0, 0, 0, 0, '0.00', '0.00', 0, NULL, NULL, 1),
(205, '4200', 0, 0, 0, 0, '0.00', '0.00', 0, NULL, NULL, 1),
(206, '4199', 0, 0, 0, 0, '0.00', '0.00', 0, NULL, NULL, 1),
(207, '4161', 0, 0, 0, 0, '0.00', '0.00', 0, NULL, NULL, 1),
(208, '4152', 0, 0, 0, 0, '0.00', '0.00', 0, NULL, NULL, 1),
(209, '4150', 0, 0, 0, 0, '0.00', '0.00', 0, NULL, NULL, 1),
(210, '4145', 0, 0, 0, 0, '0.00', '0.00', 0, NULL, NULL, 1),
(211, '4143', 0, 0, 0, 0, '0.00', '0.00', 0, NULL, NULL, 1),
(212, '4138', 0, 0, 0, 0, '0.00', '0.00', 0, NULL, NULL, 1),
(213, '4122', 0, 0, 0, 0, '0.00', '0.00', 0, NULL, NULL, 1),
(214, '4046', 0, 0, 0, 0, '0.00', '0.00', 0, NULL, NULL, 1),
(215, '4043', 0, 0, 0, 0, '0.00', '0.00', 0, NULL, NULL, 1),
(216, '4022', 0, 0, 0, 0, '0.00', '0.00', 0, NULL, NULL, 1),
(217, '3942', 0, 0, 0, 0, '0.00', '0.00', 0, NULL, NULL, 1),
(218, '3037', 0, 0, 0, 0, '0.00', '0.00', 0, NULL, NULL, 1),
(219, '4503', 0, 0, 0, 0, '0.00', '0.00', 0, NULL, '', 1),
(221, '4535', 0, 0, 0, 0, '0.00', '0.00', 0, NULL, '', 1),
(224, '4533', 0, 0, 0, 0, '0.00', '0.00', 0, NULL, NULL, 1),
(225, '4529', 0, 0, 0, 0, '0.00', '0.00', 0, NULL, NULL, 1),
(226, '4505', 0, 0, 0, 0, '0.00', '0.00', 0, NULL, '', 1);

-- --------------------------------------------------------

--
-- Table structure for table `product_sides`
--

CREATE TABLE `product_sides` (
  `xe_id` int(11) NOT NULL,
  `product_setting_id` int(11) NOT NULL,
  `side_name` varchar(50) NOT NULL,
  `side_index` int(11) DEFAULT NULL,
  `product_image_dimension` text NOT NULL,
  `is_visible` tinyint(1) NOT NULL DEFAULT '1',
  `product_image_side_id` int(11) DEFAULT NULL
) ENGINE=InnoDB DEFAULT CHARSET=latin1;

--
-- Dumping data for table `product_sides`
--

INSERT INTO `product_sides` (`xe_id`, `product_setting_id`, `side_name`, `side_index`, `product_image_dimension`, `is_visible`, `product_image_side_id`) VALUES
(8, 25, 'Side 1', NULL, '', 1, NULL),
(9, 26, 'Side 1', NULL, '', 1, NULL),
(10, 27, 'Side 1', NULL, '', 1, NULL),
(11, 28, 'Side 1', NULL, '', 1, NULL),
(12, 29, 'Side 1', NULL, '', 1, NULL),
(13, 30, 'Side 1', NULL, '', 1, NULL),
(14, 31, 'Side 1', NULL, '', 1, NULL),
(65, 13, 'ae', NULL, '', 1, NULL),
(83, 34, 'Side 1', NULL, '', 1, NULL),
(87, 37, 'Side 1', NULL, '', 1, NULL),
(88, 38, 'Side 1', NULL, '', 1, NULL),
(94, 40, 'Side 1', NULL, '', 1, NULL),
(95, 36, 'Side 1', NULL, '', 1, NULL),
(97, 42, 'Side 1', NULL, '', 1, NULL),
(98, 42, 'Side 2', NULL, '', 1, NULL),
(99, 42, 'Side 3', NULL, '', 1, NULL),
(100, 42, 'Side 4', NULL, '', 1, NULL),
(101, 43, 'Side 1', NULL, '', 1, NULL),
(102, 43, 'Side 2', NULL, '', 1, NULL),
(103, 43, 'Side 3', NULL, '', 1, NULL),
(104, 43, 'Side 4', NULL, '', 1, NULL),
(105, 44, 'Side 1', NULL, '', 1, NULL),
(106, 44, 'Side 2', NULL, '', 1, NULL),
(107, 44, 'Side 3', NULL, '', 1, NULL),
(108, 44, 'Side 4', NULL, '', 1, NULL),
(109, 3, 'heart', NULL, '', 1, NULL),
(144, 77, 'Side 1', NULL, '', 1, NULL),
(148, 45, 'Side 1', NULL, '', 1, NULL),
(161, 80, 'Side 1', NULL, '', 1, NULL),
(162, 80, 'Side 2', NULL, '', 1, NULL),
(177, 81, 'Side 1', NULL, '', 1, NULL),
(178, 81, 'Side 2', NULL, '', 1, NULL),
(179, 82, 'Coffee', NULL, '', 1, NULL),
(180, 83, 'Coffee', NULL, '', 1, NULL),
(209, 89, 'Side 1', NULL, '', 1, NULL),
(215, 90, 'Side 1', NULL, '', 1, NULL),
(216, 78, 'front', NULL, '', 1, NULL),
(217, 87, 'Side 1', NULL, '', 1, NULL),
(220, 95, 'Side 1', NULL, '', 1, NULL),
(223, 96, 'Side 1', NULL, '', 1, NULL),
(224, 97, 'Side 1', NULL, '', 1, NULL),
(227, 70, 'dd', NULL, '', 1, NULL),
(229, 99, 'Front', NULL, '', 1, NULL),
(230, 99, 'Back', NULL, '', 1, NULL),
(231, 99, 'Right', NULL, '', 1, NULL),
(232, 99, 'Left', NULL, '', 1, NULL),
(238, 47, 'Front', NULL, '', 1, NULL),
(239, 47, 'Back', NULL, '', 1, NULL),
(240, 47, 'Right', NULL, '', 1, NULL),
(241, 47, 'Left', NULL, '', 1, NULL),
(244, 39, 'Side 1', NULL, '', 1, NULL),
(245, 102, 'Side 1', NULL, '', 1, NULL),
(247, 91, 'Front', NULL, '', 1, NULL),
(248, 91, 'Back', NULL, '', 1, NULL),
(249, 91, 'Right', NULL, '', 1, NULL),
(250, 91, 'Left', NULL, '', 1, NULL),
(263, 93, '12', NULL, '', 1, NULL),
(298, 114, 'Side 1', NULL, '', 1, NULL),
(344, 103, 'front', NULL, '', 1, NULL),
(345, 103, 'back', NULL, '', 1, NULL),
(346, 79, 'Side 1', NULL, '', 1, NULL),
(349, 88, 'Side 1', NULL, '', 1, NULL),
(355, 117, 'Side 1', NULL, '', 1, NULL),
(367, 119, 'Side 1', NULL, '', 1, NULL),
(691, 122, 'Side 1', NULL, '', 1, NULL),
(694, 123, 'Side 1', NULL, '', 1, NULL),
(695, 124, 'Side 1', NULL, '', 1, NULL),
(698, 109, '12', NULL, '', 1, NULL),
(725, 86, 'front', NULL, '', 1, NULL),
(726, 86, 'back', NULL, '', 1, NULL),
(727, 86, 'left', NULL, '', 1, NULL),
(728, 86, 'right', NULL, '', 1, NULL),
(729, 86, '1st', NULL, '', 1, NULL),
(730, 86, '2nd', NULL, '', 1, NULL),
(731, 86, '3rd', NULL, '', 1, NULL),
(732, 86, '4th', NULL, '', 1, NULL),
(734, 126, 'Side 1', NULL, '', 1, NULL),
(735, 127, 'Side 1', NULL, '', 1, NULL),
(856, 129, 'Side 1', NULL, '', 1, NULL),
(857, 129, 'Side 2', NULL, '', 1, NULL),
(858, 129, 'Side 3', NULL, '', 1, NULL),
(859, 129, 'Side 4', NULL, '', 1, NULL),
(863, 130, 'ass', NULL, '', 1, NULL),
(864, 130, 'xzcxzcx', NULL, '', 1, NULL),
(865, 131, 'Side 1', NULL, '', 1, NULL),
(866, 131, 'Side 2', NULL, '', 1, NULL),
(867, 131, 'Side 3', NULL, '', 1, NULL),
(894, 134, 'front', NULL, '', 1, NULL),
(895, 134, '2', NULL, '', 1, NULL),
(907, 67, 'Side 1', NULL, '', 1, NULL),
(921, 135, '1', NULL, '', 1, NULL),
(922, 135, '2nd', NULL, '', 1, NULL),
(998, 113, 'Front', NULL, '', 1, NULL),
(999, 113, 'Back', NULL, '', 1, NULL),
(1000, 113, 'Right', NULL, '', 1, NULL),
(1001, 113, 'Left', NULL, '', 1, NULL),
(1070, 143, '3', NULL, '', 1, NULL),
(1071, 143, '4', NULL, '', 1, NULL),
(1101, 144, 'Front', NULL, '', 1, NULL),
(1102, 144, 'Back', NULL, '', 1, NULL),
(1103, 144, '3', NULL, '', 1, NULL),
(1110, 58, 'Front', NULL, '', 1, NULL),
(1111, 58, 'Back', NULL, '', 1, NULL),
(1112, 58, '3', NULL, '', 1, NULL),
(1135, 145, 'front', NULL, '', 1, NULL),
(1136, 145, '2', NULL, '', 1, NULL),
(1137, 145, '3', NULL, '', 1, NULL),
(1138, 18, 'A', NULL, '', 1, NULL),
(1139, 18, 'B', NULL, '', 1, NULL),
(1140, 18, 'C', NULL, '', 1, NULL),
(1141, 146, 'A', NULL, '', 1, NULL),
(1142, 146, 'B', NULL, '', 1, NULL),
(1143, 147, 'A', NULL, '', 1, NULL),
(1144, 147, 'B', NULL, '', 1, NULL),
(1145, 148, 'A', NULL, '', 1, NULL),
(1146, 148, 'B', NULL, '', 1, NULL),
(1147, 149, 'A', NULL, '', 1, 288),
(1153, 151, 'sdie 1', NULL, '', 1, NULL),
(1154, 151, '2', NULL, '', 1, NULL),
(1155, 151, '3', NULL, '', 1, NULL),
(1156, 151, '4', NULL, '', 1, NULL),
(1157, 151, '5', NULL, '', 1, NULL),
(1158, 152, 'sdie 1', NULL, '', 1, NULL),
(1159, 152, '3', NULL, '', 1, NULL),
(1160, 152, '5', NULL, '', 1, NULL),
(1161, 153, 'Side 1', NULL, '', 1, NULL),
(1162, 154, 'Side 1', NULL, '', 1, NULL),
(1180, 150, 'setg', NULL, '', 1, NULL),
(1181, 150, 'B', NULL, '', 1, NULL),
(1182, 150, 'C', NULL, '', 1, NULL),
(1254, 155, 'Term001', NULL, '', 1, 1244),
(1255, 155, 'Term002', NULL, '', 1, 1245),
(1256, 155, 'Term003', NULL, '', 1, 1246),
(1257, 155, 'Term004', NULL, '', 1, 1247),
(1258, 155, 'Term005', NULL, '', 1, 1248),
(1263, 155, 'Term010', NULL, '', 1, 1253),
(1269, 157, 'Term001', NULL, '', 1, 294),
(1286, 158, 'Term001', NULL, '', 1, 294),
(1322, 156, 'Term001', NULL, '', 1, 294),
(1342, 160, 'Term001', NULL, '', 1, 1336),
(1343, 160, 'Term003', NULL, '', 1, 1337),
(1344, 160, 'Term005', NULL, '', 1, 1338),
(1392, 162, 'fgd', NULL, '', 1, 1351),
(1393, 162, 'dfg', NULL, '', 1, 1352),
(1394, 162, 'fg', NULL, '', 1, 1353),
(1451, 142, 'pol', NULL, '', 1, 1449),
(1485, 163, 'Bypass 3', NULL, '', 1, 311),
(1486, 163, '3', NULL, '', 1, 330),
(1487, 163, '5', NULL, '', 1, 334),
(1495, 121, 'Side 1', NULL, '', 1, NULL),
(1498, 116, 'front', NULL, '', 1, NULL),
(1499, 116, '2', NULL, '', 1, NULL),
(1500, 63, 'Side 1', NULL, '', 1, 0),
(1501, 165, 'Side 1', NULL, '', 1, 0),
(1503, 166, 'Side 1', NULL, '', 1, 0),
(1504, 167, 'Side 1', NULL, '', 1, 0),
(1508, 168, 'Side 1', NULL, '', 1, NULL),
(1509, 170, 'Side 1', NULL, '', 1, NULL),
(1528, 57, 'Side 1', NULL, '', 1, 0),
(1568, 55, 'Side 1', NULL, '', 1, NULL),
(1572, 49, 'Side 1', NULL, '', 1, NULL),
(1582, 112, 'Side 1', NULL, '', 1, NULL),
(1599, 132, 'Side 1', NULL, '', 1, NULL),
(1600, 132, 'Side 2', NULL, '', 1, NULL),
(1601, 132, 'Side 3', NULL, '', 1, NULL),
(1619, 139, 'Front', NULL, '', 1, NULL),
(1620, 139, 'Back', NULL, '', 1, NULL),
(1621, 139, 'Right', NULL, '', 1, NULL),
(1622, 139, 'Left', NULL, '', 1, NULL),
(1623, 125, 'Front', NULL, '', 1, NULL),
(1624, 125, 'Back', NULL, '', 1, NULL),
(1625, 125, 'Right', NULL, '', 1, NULL),
(1626, 125, 'Left', NULL, '', 1, NULL),
(1639, 179, 'Side 1', NULL, '', 1, NULL),
(1640, 179, 'Side 2', NULL, '', 1, NULL),
(1641, 179, 'Side 3', NULL, '', 1, NULL),
(1642, 179, 'Side 4', NULL, '', 1, NULL),
(1643, 179, 'Side 5', NULL, '', 1, NULL),
(1649, 180, 'Side 1', NULL, '', 1, NULL),
(1650, 180, 'Side 2', NULL, '', 1, NULL),
(1651, 180, 'Side 3', NULL, '', 1, NULL),
(1652, 180, 'Side 4', NULL, '', 1, NULL),
(1653, 180, 'Side 5', NULL, '', 1, NULL),
(1654, 24, 'Side 1', NULL, '', 1, NULL),
(1714, 85, 'Bypass0189 322', NULL, '', 1, NULL),
(1715, 85, '33423', NULL, '', 1, NULL),
(1716, 85, '5654654', NULL, '', 1, NULL),
(1717, 85, '665646', NULL, '', 1, NULL),
(1718, 85, '7757', NULL, '', 1, NULL),
(1719, 85, '8', NULL, '', 1, NULL),
(1720, 85, '9', NULL, '', 1, NULL),
(1721, 85, '10', NULL, '', 1, NULL),
(1722, 85, '11', NULL, '', 1, NULL),
(1723, 85, '12', NULL, '', 1, NULL),
(1724, 85, '13', NULL, '', 1, NULL),
(1725, 85, '14', NULL, '', 1, NULL),
(1726, 85, '15', NULL, '', 1, NULL),
(1728, 111, 'Front', NULL, '', 1, NULL),
(1729, 111, 'Back', NULL, '', 1, NULL),
(1730, 111, 'Right', NULL, '', 1, NULL),
(1731, 111, 'Left', NULL, '', 1, NULL),
(1732, 140, 'Side 1', NULL, '', 1, NULL),
(1758, 133, 'cgj', NULL, '', 1, NULL),
(1759, 133, 'xfbghfd', NULL, '', 1, NULL),
(1772, 59, 'Side 1', NULL, '', 1, NULL),
(1773, 62, 'Side 1', NULL, '', 1, NULL),
(1774, 60, 'front', NULL, '', 1, NULL),
(1775, 60, '2', NULL, '', 1, NULL),
(1776, 186, 'Side 1', NULL, '', 1, NULL),
(1777, 66, 'Side 1', NULL, '', 1, NULL),
(1778, 110, 'Side 1', NULL, '', 1, NULL),
(1780, 76, 'Side 1', NULL, '', 1, NULL),
(1781, 187, 'Side 1', NULL, '', 1, NULL),
(1788, 188, 'Side 1', NULL, '', 1, NULL),
(1789, 189, 'Side 1', NULL, '', 1, NULL),
(1810, 173, 'Bypass0189 322', NULL, '', 1, NULL),
(1811, 173, '33423', NULL, '', 1, NULL),
(1812, 173, '5654654', NULL, '', 1, NULL),
(1813, 173, '665646', NULL, '', 1, NULL),
(1814, 173, '7757', NULL, '', 1, NULL),
(1815, 173, '8', NULL, '', 1, NULL),
(1816, 173, '9', NULL, '', 1, NULL),
(1817, 173, '10', NULL, '', 1, NULL),
(1818, 173, '11', NULL, '', 1, NULL),
(1819, 173, '12', NULL, '', 1, NULL),
(1820, 173, '13', NULL, '', 1, NULL),
(1821, 173, '14', NULL, '', 1, NULL),
(1822, 173, '15', NULL, '', 1, NULL),
(1830, 128, 'ass', NULL, '', 1, NULL),
(1831, 35, 'Side 1', NULL, '', 1, NULL),
(1845, 191, 'Side 1', NULL, '', 1, NULL),
(1847, 100, 'hh', NULL, '', 1, NULL),
(1850, 10, 'Side 1', NULL, '', 1, NULL),
(1851, 159, 'Side 1', NULL, '', 1, NULL),
(1852, 32, 'Side 1', NULL, '', 1, NULL),
(1921, 84, 'MUGG', NULL, '', 1, NULL),
(1933, 120, 'saddded', NULL, '', 1, NULL),
(1934, 120, 'das', NULL, '', 1, NULL),
(1935, 120, 'asdas', NULL, '', 1, NULL),
(1936, 120, 'asdasd', NULL, '', 1, NULL),
(1937, 120, 'asgyr', NULL, '', 1, NULL),
(1938, 56, 'cgj', NULL, '', 1, NULL),
(1939, 56, 'xfbghfd', NULL, '', 1, NULL),
(1946, 219, 'Front', NULL, '', 1, NULL),
(1947, 219, 'Back', NULL, '', 1, NULL),
(1948, 219, 'Right', NULL, '', 1, NULL),
(1949, 219, 'Left', NULL, '', 1, NULL),
(1955, 220, 'Side 1', NULL, '', 1, NULL),
(1970, 192, 'front', NULL, '', 1, NULL),
(1971, 192, '2', NULL, '', 1, NULL),
(1986, 190, 'Side 1', NULL, '', 1, NULL),
(1987, 190, 'Side 2', NULL, '', 1, NULL),
(1988, 190, 'Side 3', NULL, '', 1, NULL),
(1989, 226, 'Front', NULL, '', 1, NULL),
(1990, 226, 'Back', NULL, '', 1, NULL),
(1991, 226, 'Right', NULL, '', 1, NULL),
(1992, 226, 'Left', NULL, '', 1, NULL),
(1997, 33, 'Front', NULL, '', 1, NULL),
(1998, 33, 'Back', NULL, '', 1, NULL),
(1999, 33, 'Right', NULL, '', 1, NULL),
(2000, 33, 'Left', NULL, '', 1, NULL),
(2005, 221, 'Side 1', NULL, '', 1, NULL),
(2006, 221, 'Side 2', NULL, '', 1, NULL),
(2007, 221, 'Side 3', NULL, '', 1, NULL),
(2008, 221, 'Side 4', NULL, '', 1, NULL),
(2010, 141, 'Side 1', NULL, '', 1, NULL);

-- --------------------------------------------------------

--
-- Table structure for table `product_size_variant_decoration_settings`
--

CREATE TABLE `product_size_variant_decoration_settings` (
  `xe_id` int(11) NOT NULL,
  `decoration_setting_id` int(11) NOT NULL,
  `print_area_id` bigint(20) DEFAULT NULL,
  `size_variant_id` varchar(30) DEFAULT NULL
) ENGINE=InnoDB DEFAULT CHARSET=latin1;

-- --------------------------------------------------------

--
-- Table structure for table `settings`
--

CREATE TABLE `settings` (
  `xe_id` int(11) NOT NULL,
  `setting_key` varchar(200) DEFAULT NULL,
  `setting_value` text,
  `store_id` varchar(50) DEFAULT NULL,
  `type` tinyint(2) DEFAULT '0',
  `autoload` tinyint(1) DEFAULT '0',
  `is_secure` tinyint(1) DEFAULT '0',
  `updated_at` datetime DEFAULT CURRENT_TIMESTAMP ON UPDATE CURRENT_TIMESTAMP
) ENGINE=InnoDB DEFAULT CHARSET=latin1;

--
-- Dumping data for table `settings`
--

INSERT INTO `settings` (`xe_id`, `setting_key`, `setting_value`, `store_id`, `type`, `autoload`, `is_secure`, `updated_at`) VALUES
(1546, 'direct_check_out', '{"is_enabled":true}', '1', 5, 0, 0, '2020-01-27 16:53:52'),
(1547, 'cart_terms_condition', '{"is_enabled":true,"description":"tc details"}', '1', 5, 0, 0, '2020-01-27 16:53:52'),
(1548, 'order_notes', '{"is_enabled":true,"description":"order details"}', '1', 5, 0, 0, '2020-01-27 16:53:52'),
(1575, 'measurement_unit', '{"unit":"5","display_lebel":"px"}', '1', 1, 0, 0, '2020-01-29 18:55:40'),
(1576, 'currency', '{"currencyId":3,"currency":"\\u00a5","separator":",","post_fix":"CNY"}', '1', 1, 0, 0, '2020-01-29 18:55:40'),
(1577, 'email', '"prangya@riaxe.co.in"', '1', 1, 0, 0, '2020-01-29 18:55:40'),
(1588, 'facebook_import', '{"app_id":"facebook13","domain_name":"facebook.com","url":".com"}', '1', 3, 0, 0, '2020-01-31 14:16:12'),
(1589, 'dropbox_import', '{"is_enabled":true}', '1', 3, 0, 0, '2020-01-31 14:16:12'),
(1590, 'google_drive_import', '{"is_enabled":true}', '1', 3, 0, 0, '2020-01-31 14:16:12'),
(1591, 'file_uploaded', '{"width":"12","height":"12","low_resolution":true,"disable_cart":true,"max_file":"0"}', '1', 3, 0, 0, '2020-01-31 14:16:12'),
(1592, 'terms_condition', '{"is_enabled":true,"message":"New"}', '1', 3, 0, 0, '2020-01-31 14:16:12'),
(1656, 'color', '"color"', '1', 4, 0, 0, '2020-01-31 16:57:46'),
(1657, 'size', '"Material"', '1', 4, 0, 0, '2020-01-31 16:57:46'),
(1658, 'theme_color', '"#061907"', '1', 2, 0, 0, '2020-02-03 13:22:09'),
(1659, 'custom_css', '"style.css"', '1', 2, 0, 0, '2020-02-03 13:22:09'),
(1660, 'theme_layouts', '2', '1', 2, 0, 0, '2020-02-03 13:22:09');

-- --------------------------------------------------------

--
-- Table structure for table `shapes`
--

CREATE TABLE `shapes` (
  `xe_id` bigint(20) NOT NULL,
  `store_id` varchar(100) DEFAULT NULL,
  `name` varchar(100) DEFAULT NULL,
  `file_name` varchar(50) DEFAULT NULL,
  `created_at` datetime DEFAULT NULL,
  `updated_at` datetime DEFAULT NULL
) ENGINE=InnoDB DEFAULT CHARSET=latin1;

--
-- Dumping data for table `shapes`
--

INSERT INTO `shapes` (`xe_id`, `store_id`, `name`, `file_name`, `created_at`, `updated_at`) VALUES
(26, '1', 'Oblong', '201912180816579429.svg', '2019-12-18 08:16:57', '2020-01-24 11:10:47'),
(27, '1', 'Oblong', '201912180817064246.svg', '2019-12-18 08:17:06', '2020-01-24 11:10:40'),
(28, '1', 'Oblong', '201912180817152410.svg', '2019-12-18 08:17:15', '2020-01-24 11:10:33'),
(30, '1', 'Oblong', '201912180817481159.svg', '2019-12-18 08:17:48', '2020-01-24 11:10:28'),
(32, '1', 'Oblong', '201912180818055579.svg', '2019-12-18 08:18:05', '2020-01-24 11:10:20'),
(33, '1', 'Oblong', '201912180818139892.svg', '2019-12-18 08:18:13', '2020-01-24 11:10:14'),
(34, '1', 'Oblong', '201912180818221470.svg', '2019-12-18 08:18:22', '2020-01-24 11:10:09'),
(35, '1', 'Oblong', '201912180818301563.svg', '2019-12-18 08:18:30', '2020-01-24 11:10:03'),
(36, '1', 'Oblong', '201912180818406771.svg', '2019-12-18 08:18:40', '2020-01-24 11:09:56'),
(37, '1', 'Oblong b', '201912180818539617.svg', '2019-12-18 08:18:53', '2020-01-24 11:09:48'),
(38, '1', 'Oblong', '201912180819058107.svg', '2019-12-18 08:19:05', '2020-01-24 11:09:41'),
(39, '1', 'Oblong', '20191218081916915.svg', '2019-12-18 08:19:16', '2020-01-24 11:09:33'),
(40, '1', 'Oblong', '201912180819278706.svg', '2019-12-18 08:19:27', '2020-01-24 11:09:27'),
(41, '1', 'Oblong', '201912180819384644.svg', '2019-12-18 08:19:38', '2020-01-24 11:09:13'),
(42, '1', 'Oblong', '201912180819484875.svg', '2019-12-18 08:19:48', '2020-01-24 11:09:07'),
(43, '1', 'Oblong', '201912180819595298.svg', '2019-12-18 08:19:59', '2020-01-24 11:09:21'),
(44, '1', 'Oblong', '201912180820101388.svg', '2019-12-18 08:20:10', '2020-01-24 11:09:01'),
(45, '1', 'Oblong', '20191218082018927.svg', '2019-12-18 08:20:18', '2020-01-24 11:08:56'),
(46, '1', 'Oblong', '201912180820278858.svg', '2019-12-18 08:20:27', '2020-01-24 11:08:48'),
(55, '1', 'shape-10', '201912260551515901.svg', '2019-12-26 05:51:51', '2020-01-24 10:56:18'),
(70, '1', 'Oblong', '202001130309319742.svg', '2020-01-13 15:09:31', '2020-01-13 15:09:31'),
(71, '1', 'Shape', '202001130310419589.svg', '2020-01-13 15:10:41', '2020-01-13 15:10:41'),
(72, '1', 'Shape1', '202001130327159382.svg', '2020-01-13 15:27:15', '2020-01-24 10:56:11'),
(73, '1', 'Shape532', '202001130330126709.svg', '2020-01-13 15:30:12', '2020-01-24 10:55:45'),
(74, '1', 'Shape100', '202001130406353232.svg', '2020-01-13 16:06:35', '2020-01-13 16:06:35'),
(75, '1', 'Shape200y', '202001130407486148.svg', '2020-01-13 16:07:48', '2020-01-13 18:59:23'),
(76, '1', 'Shape 45', '202001130635406384.svg', '2020-01-13 18:35:40', '2020-01-24 10:55:36'),
(79, '1', 'Shape300', '202001140344508510.svg', '2020-01-14 15:44:50', '2020-01-24 10:55:29'),
(80, '1', 'Shape1', '202001160627014843.svg', '2020-01-16 13:41:18', '2020-01-16 18:27:01'),
(81, '1', '1234', '20200123061616329.svg', '2020-01-23 18:16:16', '2020-01-24 11:01:40'),
(82, '1', 'Mobile', '202001300247349461.svg', '2020-01-30 14:47:34', '2020-01-30 14:47:34');

-- --------------------------------------------------------

--
-- Table structure for table `shape_categories`
--

CREATE TABLE `shape_categories` (
  `xe_id` int(10) NOT NULL,
  `name` varchar(100) DEFAULT NULL,
  `store_id` varchar(100) DEFAULT NULL,
  `parent_id` int(10) DEFAULT NULL,
  `sort_order` smallint(4) DEFAULT NULL,
  `is_disable` tinyint(1) DEFAULT '0',
  `is_default` tinyint(1) DEFAULT '0',
  `created_at` datetime DEFAULT NULL,
  `updated_at` datetime DEFAULT NULL
) ENGINE=InnoDB DEFAULT CHARSET=latin1;

-- --------------------------------------------------------

--
-- Table structure for table `shape_category_rel`
--

CREATE TABLE `shape_category_rel` (
  `shape_id` bigint(20) DEFAULT NULL,
  `category_id` int(10) DEFAULT NULL
) ENGINE=InnoDB DEFAULT CHARSET=latin1;

--
-- Dumping data for table `shape_category_rel`
--

INSERT INTO `shape_category_rel` (`shape_id`, `category_id`) VALUES
(8, 83),
(15, 83),
(16, 83),
(17, 83),
(18, 83),
(21, 83),
(22, 83),
(23, 83),
(53, 302),
(53, 303),
(66, 472),
(66, 473),
(67, 472),
(67, 473),
(56, 507),
(56, 506),
(68, 472),
(68, 473),
(69, 473),
(69, 472),
(70, 481),
(71, 508),
(74, 508),
(75, 508),
(77, 508),
(78, 508),
(79, 507),
(80, 508),
(81, 506),
(81, 507),
(81, 508),
(82, 506),
(82, 507),
(83, 506),
(83, 507),
(83, 508),
(84, 506),
(84, 507),
(84, 508),
(85, 506),
(85, 507),
(85, 508),
(79, 481),
(76, 506),
(76, 507),
(76, 508),
(73, 506),
(73, 507),
(73, 508),
(73, 481),
(72, 912),
(55, 912),
(46, 508),
(46, 481),
(45, 481),
(45, 912),
(44, 508),
(44, 506),
(44, 507),
(42, 481),
(42, 912),
(41, 506),
(41, 507),
(41, 508),
(43, 506),
(43, 507),
(43, 912),
(40, 506),
(40, 507),
(40, 912),
(39, 508),
(39, 912),
(38, 506),
(38, 507),
(38, 508),
(37, 506),
(37, 507),
(37, 912),
(36, 506),
(36, 507),
(36, 508),
(35, 506),
(35, 507),
(35, 912),
(34, 506),
(34, 507),
(34, 912),
(33, 506),
(33, 507),
(33, 912),
(32, 481),
(32, 506),
(32, 507),
(32, 912),
(30, 506),
(30, 507),
(30, 481),
(30, 912),
(28, 481),
(28, 506),
(28, 507),
(27, 912),
(27, 506),
(27, 507),
(27, 508),
(26, 506),
(26, 507),
(26, 912);

-- --------------------------------------------------------

--
-- Table structure for table `shape_tags`
--

CREATE TABLE `shape_tags` (
  `xe_id` int(10) NOT NULL,
  `name` varchar(100) DEFAULT NULL,
  `store_id` varchar(100) DEFAULT NULL,
  `created_at` datetime DEFAULT NULL,
  `updated_at` datetime DEFAULT NULL
) ENGINE=InnoDB DEFAULT CHARSET=latin1;

--
-- Dumping data for table `shape_tags`
--

INSERT INTO `shape_tags` (`xe_id`, `name`, `store_id`, `created_at`, `updated_at`) VALUES
(3, 'test2', NULL, '2019-12-17 15:41:23', '2019-12-17 15:41:23'),
(4, 'test45', NULL, '2019-12-17 15:41:23', '2019-12-17 15:41:23'),
(5, 'test', NULL, '2019-12-17 16:07:00', '2019-12-17 16:07:00'),
(6, 'test1', NULL, '2019-12-17 16:09:18', '2019-12-17 16:09:18'),
(7, 'tag2', NULL, '2019-12-17 16:09:43', '2019-12-17 16:09:43'),
(8, 'Tags', NULL, '2019-12-23 12:26:00', '2019-12-23 12:26:00'),
(9, 'New', NULL, '2019-12-23 12:33:01', '2019-12-23 12:33:01'),
(10, 'asds', NULL, '2019-12-23 12:35:14', '2019-12-23 12:35:14'),
(11, 'traingle', NULL, '2019-12-25 09:39:55', '2019-12-25 09:39:55'),
(12, 'shape', NULL, '2019-12-25 09:39:55', '2019-12-25 09:39:55'),
(13, 'svg', NULL, '2019-12-25 09:39:55', '2019-12-25 09:39:55'),
(14, 'tag1', NULL, '2019-12-26 03:45:25', '2019-12-26 03:45:25'),
(15, 'Jungle', NULL, '2020-01-03 13:35:38', '2020-01-03 13:35:38'),
(16, '1234', NULL, '2020-01-23 18:16:16', '2020-01-23 18:16:16');

-- --------------------------------------------------------

--
-- Table structure for table `shape_tag_rel`
--

CREATE TABLE `shape_tag_rel` (
  `shape_id` bigint(20) DEFAULT NULL,
  `tag_id` int(10) DEFAULT NULL
) ENGINE=InnoDB DEFAULT CHARSET=latin1;

--
-- Dumping data for table `shape_tag_rel`
--

INSERT INTO `shape_tag_rel` (`shape_id`, `tag_id`) VALUES
(18, 5),
(21, 3),
(21, 4),
(22, 6),
(22, 7),
(23, 5),
(50, 8),
(48, 9),
(47, 9),
(52, 11),
(52, 12),
(52, 13),
(60, 8),
(62, 12),
(26, 12),
(64, 15),
(81, 16),
(82, 16),
(83, 16),
(84, 16),
(85, 16);

-- --------------------------------------------------------

--
-- Table structure for table `stores`
--

CREATE TABLE `stores` (
  `xe_id` int(11) NOT NULL,
  `store_name` varchar(70) DEFAULT NULL,
  `store_url` varchar(70) DEFAULT NULL,
  `created_date` datetime DEFAULT CURRENT_TIMESTAMP,
  `status` enum('1','0') DEFAULT '1',
  `settings` text
) ENGINE=InnoDB DEFAULT CHARSET=latin1;

--
-- Dumping data for table `stores`
--

INSERT INTO `stores` (`xe_id`, `store_name`, `store_url`, `created_date`, `status`, `settings`) VALUES
(1, 'Woocommerce Instance 001', 'http://www.woo.com', '2020-01-03 11:13:54', '1', '{"app_name":"Inkxe API 0.1","app_url":"http:\\/\\/localhost\\/api\\/v1\\/","date_format":"F j, Y","time_format":"g:i a","currency_code":""}'),
(2, 'Woocommerce Instance 002', 'http://www.woo.com', '2020-01-03 11:13:54', '0', '{"app_name":"Inkxe API 0.1","app_url":"http:\\/\\/localhost\\/api\\/v1\\/","date_format":"F j, Y","time_format":"g:i a","currency_code":""}');

-- --------------------------------------------------------

--
-- Table structure for table `templates`
--

CREATE TABLE `templates` (
  `xe_id` int(11) NOT NULL,
  `ref_id` int(11) NOT NULL,
  `store_id` int(11) DEFAULT NULL,
  `name` varchar(100) NOT NULL,
  `description` varchar(255) DEFAULT NULL,
  `no_of_colors` int(11) DEFAULT NULL,
  `color_hash_codes` varchar(255) DEFAULT NULL,
  `created_at` datetime NOT NULL DEFAULT CURRENT_TIMESTAMP
) ENGINE=InnoDB DEFAULT CHARSET=latin1;

--
-- Dumping data for table `templates`
--

INSERT INTO `templates` (`xe_id`, `ref_id`, `store_id`, `name`, `description`, `no_of_colors`, `color_hash_codes`, `created_at`) VALUES
(157, 162, 1, 'sdasd', 'asdasda', 1, '["#5C2500"]', '2020-01-16 19:58:35'),
(159, 164, 1, 'Dance', 'DanceDanceDanceDanceDanceDanceDanceDanceDanceDanceDanceDance', 5, '["#7200b4","#3E2335","#A68C98","#E0D4AF","#C9DCAC"]', '2020-01-17 12:52:18'),
(160, 165, 1, 'Calculates123', 'Calculates', 0, '[]', '2020-01-17 15:49:50'),
(161, 166, 1, 'Crones', 'Crones', 1, '["#5C2500"]', '2020-01-17 15:52:59'),
(163, 168, 1, 'Gates', 'Gates', 0, '[]', '2020-01-17 16:18:55'),
(165, 170, 1, 'Women\'s Template', 'Women\'s Template', 1, '["#5C2500"]', '2020-01-20 12:42:17'),
(166, 171, 1, 'Hellos', 'HellosHellos', 1, '["#5C2500"]', '2020-01-20 17:46:09'),
(169, 174, 1, 'Lizard', 'TEST TEST', 6, '["#C7202D","#FFFFFF","#030404","#F7E9A1"]', '2020-01-22 10:33:16'),
(175, 180, 1, 'Category Template', 'Category Template', 2, '["#DE1414","#FEFE00"]', '2020-01-24 10:22:28'),
(176, 181, 1, 'Sun', 'Sun', 3, '["#4D4546","#F58220","#EAAA27"]', '2020-01-24 10:54:43'),
(177, 182, 1, 'Lady', NULL, 1, '["#5C2500"]', '2020-01-29 11:43:53');

-- --------------------------------------------------------

--
-- Table structure for table `template_category_rel`
--

CREATE TABLE `template_category_rel` (
  `template_id` int(11) DEFAULT NULL,
  `category_id` int(10) DEFAULT NULL
) ENGINE=InnoDB DEFAULT CHARSET=latin1;

--
-- Dumping data for table `template_category_rel`
--

INSERT INTO `template_category_rel` (`template_id`, `category_id`) VALUES
(1, 198),
(2, 198),
(3, 198),
(4, 193),
(4, 195),
(5, 193),
(5, 195),
(6, 193),
(6, 196),
(7, 197),
(8, 198),
(9, 193),
(9, 195),
(10, 197),
(12, 198),
(11, 197),
(13, 193),
(13, 195),
(14, 198),
(15, 198),
(16, 198),
(17, 198),
(18, 198),
(19, 198),
(20, 197),
(21, 193),
(21, 195),
(22, 197),
(23, 198),
(24, 197),
(25, 198),
(26, 197),
(27, 198),
(28, 198),
(29, 198),
(30, 198),
(31, 197),
(32, 197),
(33, 198),
(34, 198),
(35, 193),
(35, 195),
(36, 193),
(36, 195),
(37, 198),
(38, 197),
(39, 197),
(40, 197),
(41, 197),
(42, 198),
(43, 193),
(43, 195),
(44, 193),
(44, 195),
(45, 197),
(46, 193),
(46, 195),
(47, 338),
(47, 340),
(48, 197),
(49, 197),
(50, 1),
(50, 2),
(50, 3),
(51, 1),
(51, 2),
(51, 3),
(52, 1),
(52, 2),
(52, 3),
(53, 198),
(54, 197),
(55, 198),
(56, 358),
(56, 0),
(57, 358),
(57, 0),
(58, 197),
(59, 1),
(59, 2),
(59, 3),
(60, 197),
(61, 198),
(62, 1),
(62, 2),
(62, 3),
(63, 1),
(63, 2),
(63, 3),
(64, 1),
(64, 2),
(64, 3),
(65, 198),
(67, 193),
(67, 195),
(68, 193),
(68, 195),
(69, 198),
(71, 1),
(71, 2),
(71, 3),
(70, 193),
(70, 195),
(72, 197),
(73, 198),
(74, 341),
(74, 343),
(66, 197),
(77, 197),
(75, 197),
(75, 198),
(78, 193),
(78, 195),
(76, 197),
(80, 197),
(79, 341),
(79, 342),
(82, 197),
(83, 193),
(83, 195),
(81, 197),
(81, 198),
(84, 404),
(84, 422),
(85, 193),
(85, 195),
(86, 197),
(86, 341),
(86, 342),
(86, 343),
(86, 345),
(86, 346),
(86, 349),
(86, 350),
(86, 351),
(86, 352),
(86, 354),
(86, 355),
(86, 362),
(87, 197),
(88, 197),
(89, 198),
(90, 198),
(91, 198),
(92, 198),
(93, 198),
(95, 197),
(96, 198),
(97, 198),
(98, 198),
(99, 197),
(100, 198),
(101, 197),
(102, 198),
(103, 197),
(104, 198),
(105, 198),
(106, 198),
(107, 198),
(109, 197),
(110, 198),
(111, 197),
(112, 198),
(113, 197),
(114, 198),
(115, 198),
(116, 198),
(117, 193),
(117, 195),
(118, 198),
(119, 193),
(119, 195),
(120, 358),
(120, 399),
(94, 197),
(94, 198),
(108, 198),
(122, 193),
(122, 195),
(123, 197),
(124, 193),
(124, 195),
(121, 193),
(121, 195),
(125, 193),
(125, 195),
(126, 193),
(126, 195),
(127, 193),
(127, 195),
(128, 1),
(128, 2),
(128, 3),
(129, 1),
(129, 2),
(129, 3),
(130, 1),
(130, 2),
(130, 3),
(131, 1),
(131, 2),
(131, 3),
(132, 1),
(132, 2),
(132, 3),
(133, 1),
(133, 2),
(133, 3),
(135, 435),
(135, 436),
(137, 193),
(137, 195),
(138, 193),
(138, 196),
(139, 1),
(139, 2),
(139, 3),
(140, 1),
(140, 2),
(140, 3),
(141, 1),
(141, 2),
(141, 3),
(143, 193),
(143, 195),
(136, 193),
(136, 195),
(142, 193),
(142, 195),
(144, 345),
(144, 346),
(144, 349),
(144, 350),
(144, 351),
(144, 352),
(144, 354),
(144, 355),
(144, 463),
(144, 466),
(144, 422),
(144, 423),
(145, 358),
(145, 399),
(146, 404),
(146, 422),
(147, 404),
(147, 426),
(148, 404),
(148, 422),
(149, 362),
(149, 462),
(150, 404),
(150, 422),
(151, 404),
(151, 423),
(152, 404),
(152, 422),
(153, 404),
(153, 423),
(154, 404),
(154, 423),
(155, 404),
(155, 423),
(156, 435),
(156, 509),
(158, 1),
(158, 2),
(158, 3),
(159, 404),
(159, 422),
(161, 404),
(161, 423),
(162, 397),
(162, 402),
(164, 404),
(164, 422),
(165, 561),
(165, 562),
(166, 404),
(166, 423),
(163, 404),
(163, 422),
(168, 1),
(168, 2),
(168, 3),
(157, 404),
(157, 422),
(157, 345),
(157, 346),
(157, 349),
(157, 350),
(157, 351),
(157, 352),
(157, 354),
(157, 355),
(167, 404),
(167, 422),
(167, 423),
(167, 467),
(167, 463),
(167, 466),
(167, 435),
(167, 436),
(167, 509),
(167, 511),
(167, 437),
(167, 341),
(167, 342),
(167, 343),
(167, 345),
(167, 346),
(167, 349),
(167, 350),
(167, 351),
(167, 352),
(167, 354),
(167, 355),
(167, 362),
(167, 462),
(167, 397),
(167, 402),
(169, 486),
(169, 487),
(160, 404),
(160, 422),
(170, 404),
(170, 422),
(171, 463),
(171, 466),
(172, 404),
(172, 422),
(173, 404),
(173, 422),
(173, 341),
(173, 342),
(173, 343),
(173, 345),
(173, 346),
(173, 349),
(173, 350),
(173, 351),
(173, 352),
(173, 354),
(173, 355),
(173, 362),
(173, 462),
(174, 463),
(174, 466),
(175, 404),
(175, 422),
(176, 341),
(176, 349),
(177, 561),
(177, 562);

-- --------------------------------------------------------

--
-- Table structure for table `template_print_profile_rel`
--

CREATE TABLE `template_print_profile_rel` (
  `template_id` int(11) NOT NULL,
  `print_profile_id` int(11) NOT NULL
) ENGINE=InnoDB DEFAULT CHARSET=latin1;

--
-- Dumping data for table `template_print_profile_rel`
--

INSERT INTO `template_print_profile_rel` (`template_id`, `print_profile_id`) VALUES
(2, 71),
(5, 74),
(6, 71),
(7, 71),
(11, 76),
(13, 74),
(17, 71),
(18, 74),
(19, 71),
(19, 74),
(20, 71),
(22, 71),
(28, 71),
(29, 71),
(32, 71),
(33, 71),
(34, 71),
(35, 71),
(35, 73),
(35, 75),
(35, 74),
(47, 78),
(50, 3),
(50, 4),
(50, 5),
(51, 3),
(51, 4),
(51, 5),
(52, 3),
(52, 4),
(52, 5),
(53, 99),
(54, 94),
(56, 114),
(57, 114),
(58, 71),
(58, 75),
(58, 78),
(58, 79),
(58, 94),
(58, 99),
(58, 105),
(58, 106),
(58, 107),
(58, 108),
(58, 109),
(58, 111),
(58, 112),
(58, 113),
(58, 114),
(59, 3),
(59, 4),
(59, 5),
(60, 124),
(60, 128),
(61, 124),
(62, 3),
(62, 4),
(62, 5),
(63, 3),
(63, 4),
(63, 5),
(64, 3),
(64, 4),
(64, 5),
(65, 71),
(67, 124),
(67, 129),
(68, 124),
(68, 129),
(69, 79),
(71, 3),
(71, 4),
(71, 5),
(70, 124),
(70, 129),
(70, 133),
(70, 134),
(66, 124),
(77, 133),
(75, 78),
(75, 79),
(78, 71),
(76, 78),
(80, 133),
(79, 71),
(79, 133),
(82, 133),
(83, 78),
(81, 71),
(84, 147),
(84, 146),
(84, 141),
(84, 138),
(84, 137),
(84, 135),
(84, 134),
(84, 133),
(84, 132),
(85, 152),
(85, 161),
(86, 150),
(86, 147),
(89, 71),
(90, 71),
(92, 71),
(95, 71),
(98, 71),
(100, 71),
(110, 71),
(117, 135),
(118, 71),
(120, 161),
(120, 152),
(94, 161),
(122, 163),
(123, 150),
(124, 132),
(121, 150),
(121, 152),
(121, 162),
(121, 163),
(125, 135),
(125, 164),
(125, 163),
(125, 162),
(125, 152),
(125, 150),
(125, 147),
(126, 71),
(128, 1),
(128, 2),
(128, 3),
(129, 1),
(129, 2),
(129, 3),
(130, 1),
(130, 2),
(130, 3),
(131, 1),
(131, 2),
(131, 3),
(132, 1),
(132, 2),
(132, 3),
(133, 1),
(133, 2),
(133, 3),
(135, 71),
(139, 1),
(139, 2),
(139, 3),
(140, 1),
(140, 2),
(140, 3),
(141, 1),
(141, 2),
(141, 3),
(143, 171),
(142, 78),
(145, 245),
(145, 240),
(147, 71),
(147, 78),
(147, 129),
(147, 229),
(147, 240),
(147, 251),
(148, 251),
(150, 240),
(151, 240),
(153, 240),
(154, 240),
(165, 240),
(169, 240),
(175, 240),
(176, 251),
(176, 270),
(177, 270);

-- --------------------------------------------------------

--
-- Table structure for table `template_tags`
--

CREATE TABLE `template_tags` (
  `xe_id` int(11) NOT NULL,
  `store_id` int(11) DEFAULT NULL,
  `name` varchar(50) DEFAULT NULL,
  `updated_at` datetime DEFAULT NULL
) ENGINE=InnoDB DEFAULT CHARSET=latin1;

--
-- Dumping data for table `template_tags`
--

INSERT INTO `template_tags` (`xe_id`, `store_id`, `name`, `updated_at`) VALUES
(1, 1, 'Goa', NULL),
(2, 1, 'Holidays', NULL),
(3, 1, 'Nature', NULL),
(4, 1, 'plant', NULL),
(5, 1, 'Moon', NULL),
(6, 1, 'Text', NULL),
(7, 1, 'xzdbgfvb', NULL),
(8, 1, 'Build', NULL),
(9, 1, 'Zen', NULL),
(10, 1, 'Leaf', NULL),
(11, 1, 'tree', NULL),
(12, 1, 'Plain-Text', NULL),
(13, 1, 'Ride', NULL),
(14, 1, 'red-bull', NULL),
(15, 1, 'Love', NULL),
(16, 1, 'Multi-Text', NULL),
(17, 1, 'Pizza', NULL),
(18, 1, 'Burger', NULL),
(19, 1, 'food', NULL),
(20, 1, 'Lemon', NULL),
(21, 1, 'fruit', NULL),
(22, 1, 'Coffee', NULL),
(23, 1, 'bean', NULL),
(24, 1, 'Himalay', NULL),
(25, 1, 'Coconut', NULL),
(26, 1, 'Sunset', NULL),
(27, 1, 'testing', NULL),
(28, 1, 'Cube', NULL),
(29, 1, 'colors', NULL),
(30, 1, 'Heart', NULL),
(31, 1, 'Girl', NULL),
(32, 1, 'human', NULL),
(33, 1, 'Mutual-fund', NULL),
(34, 1, 'savings', NULL),
(35, 1, 'Doll', NULL),
(36, 1, 'Tiger', NULL),
(37, 1, 'animal', NULL),
(38, 1, 'Shark', NULL),
(39, 1, 'squirrel-drawing', NULL),
(40, 1, 'Iphone-case', NULL),
(41, 1, 'Graduation', NULL),
(42, 1, 'Music', NULL),
(43, 1, 'vyhg', NULL),
(44, 1, 'artist', NULL),
(45, 1, 'musician', NULL),
(46, 1, 'vbhm', NULL),
(47, 1, 'BBSR', NULL),
(48, 1, 'CTC', NULL),
(49, 1, 'RKL', NULL),
(50, 1, 'sdf', NULL),
(51, 1, 'sdasd', NULL),
(52, 1, 'Lady', NULL),
(53, 1, 'logo', NULL),
(54, 1, 'christma\'s', NULL),
(55, 1, 'Group', NULL),
(56, 1, 'logos', NULL),
(57, 1, 'danes', NULL),
(58, 1, 'grrom', NULL),
(59, 1, 'grromgrrom', NULL),
(60, 1, 'grromgrromgrrom', NULL),
(61, 1, 'grromgrromgrromgrrom', NULL),
(62, 1, 'Pumkin', NULL),
(63, 1, 'penguin', NULL),
(64, 1, 'black', NULL),
(65, 1, 'great', NULL),
(66, 1, 'fdsfs', NULL),
(67, 1, 'sdfsd', NULL),
(68, 1, 'sdfsdf', NULL),
(69, 1, 'dsfsdf', NULL),
(70, 1, 'rgerter', NULL),
(71, 1, 'Men-Tshirt', NULL),
(72, 1, 'School', NULL),
(73, 1, 'man', NULL),
(74, 1, 'boy', NULL),
(75, 1, 'Plain Text', NULL),
(76, 1, 'Himalaya', NULL),
(77, 1, 'Bike', NULL),
(78, 1, 'vehicle', NULL),
(79, 1, 'road', NULL),
(80, 1, 'Hello', NULL),
(81, 1, 'World', NULL),
(82, 1, 'image', NULL),
(83, 1, 'can', NULL),
(84, 1, 'bees', NULL),
(85, 1, 'honey', NULL),
(86, 1, 'ground', NULL),
(87, 1, 'fleece', NULL),
(88, 1, 'cows', NULL),
(89, 1, '2020', NULL),
(90, 1, 'happy', NULL),
(91, 1, 'new', NULL),
(92, 1, 'year', NULL),
(93, 1, 'cool', NULL),
(94, 1, 'done', NULL),
(95, 1, 'to-be-all', NULL),
(96, 1, 'gone', NULL),
(97, 1, 'get to be done', NULL),
(98, 1, 'Piano', NULL),
(99, 1, 'banana', NULL),
(100, 1, 'Eagle-Eagle', NULL),
(101, 1, 'Tank', NULL),
(102, 1, 'Slipper', NULL),
(103, 1, 'Headphone', NULL),
(104, 1, 'Drum', NULL),
(105, 1, 'Rose', NULL),
(106, 1, 'HNY', NULL),
(107, 1, 'Halloween', NULL),
(108, 1, 'Sad', NULL),
(109, 1, 'LIC', NULL),
(110, 1, 'Ruppes', NULL),
(111, 1, 'Hello-World', NULL),
(112, 1, 'Logolized', NULL),
(113, 1, 'LogolizedLogolized', NULL),
(114, 1, 'Localized', NULL),
(115, 1, 'Mistakes', NULL),
(116, 1, 'xfbsz', NULL),
(117, 1, 'dfbdzsfb', NULL),
(118, 1, 'dfzbdzasrfbAERgargaerdgAEDFgarga', NULL),
(119, 1, 'dfbdzrfbvgr', NULL),
(120, 1, 'zdrfdref', NULL),
(121, 1, 'zdrfbvg', NULL),
(122, 1, 'zdrfbgvdrzaefvgb', NULL),
(123, 1, 'dfbdf', NULL),
(124, 1, 'Greens', NULL),
(125, 1, 'Happy-Newy-Year-Party-Template', NULL),
(126, 1, 'Christmas', NULL),
(127, 1, 'Thanks-Giving-Day', NULL),
(128, 1, 'Zuckerberg-Day', NULL),
(129, 1, 'ccc', NULL),
(130, 1, 'ddd', NULL),
(131, 1, '000', NULL),
(132, 1, 'test', NULL),
(133, 1, 'Shook', NULL),
(134, 1, '11111', NULL),
(135, 1, 'Creator', NULL),
(136, 1, 'Grones', NULL),
(137, 1, 'Kyle', NULL),
(138, 1, 'Flooce', NULL),
(139, 1, 'bdzfbdfdgfb', NULL),
(140, 1, 'sample', NULL),
(141, 1, 'demo', NULL),
(142, 1, 'Dropes', NULL),
(143, 1, 'Drown', NULL),
(144, 1, 'Krice', NULL),
(145, 1, 'Frice', NULL),
(146, 1, 'Plus', NULL),
(147, 1, 'Minus', NULL),
(148, 1, 'Test1234', NULL),
(149, 1, 'ljlj', NULL),
(150, 1, 'hjbhj', NULL),
(151, 1, 'TEXSTG', NULL),
(152, 1, 'Dance', NULL),
(153, 1, 'Calculates', NULL),
(154, 1, 'Crones', NULL),
(155, 1, 'Gates', NULL),
(156, 1, 'James', NULL),
(157, 1, 'Women\'s-Template', NULL),
(158, 1, 'Hellos', NULL),
(159, 1, 'Shones', NULL),
(160, 1, 'Animals', NULL),
(161, 1, 'Monkey', NULL),
(162, 1, 'Hanes', NULL),
(163, 1, 'parrot', NULL),
(164, 1, 'cHIMES', NULL),
(165, 1, 'gROWNES', NULL),
(166, 1, 'Test-by-Api-end', NULL),
(167, 1, 'Category-Template', NULL),
(168, 1, 'sun', NULL);

-- --------------------------------------------------------

--
-- Table structure for table `template_tag_rel`
--

CREATE TABLE `template_tag_rel` (
  `template_id` int(11) NOT NULL,
  `tag_id` int(11) NOT NULL
) ENGINE=InnoDB DEFAULT CHARSET=latin1;

--
-- Dumping data for table `template_tag_rel`
--

INSERT INTO `template_tag_rel` (`template_id`, `tag_id`) VALUES
(159, 152),
(161, 154),
(165, 157),
(166, 158),
(163, 155),
(169, 161),
(160, 153),
(175, 167),
(176, 168);

-- --------------------------------------------------------

--
-- Table structure for table `user_privileges`
--

CREATE TABLE `user_privileges` (
  `xe_id` int(11) NOT NULL,
  `store_id` varchar(50) DEFAULT NULL,
  `module_name` varchar(100) NOT NULL,
  `status` enum('0','1') NOT NULL DEFAULT '1'
) ENGINE=InnoDB DEFAULT CHARSET=utf8;

--
-- Dumping data for table `user_privileges`
--

INSERT INTO `user_privileges` (`xe_id`, `store_id`, `module_name`, `status`) VALUES
(1, '1', 'Products', '1'),
(2, '1', 'Assets', '1'),
(3, '1', 'Print profile', '1'),
(4, '1', 'Global settings', '1'),
(5, '1', 'Orders', '1'),
(6, '1', 'Users', '0');

-- --------------------------------------------------------

--
-- Table structure for table `user_privileges_rel`
--

CREATE TABLE `user_privileges_rel` (
  `user_id` int(11) NOT NULL,
  `privilege_id` int(11) NOT NULL,
  `privilege_type` text COMMENT 'vallue = all/{''view'':1, ''create'':0, ''update'':0, ''delete'':0}'
) ENGINE=InnoDB DEFAULT CHARSET=utf8;

-- --------------------------------------------------------

--
-- Table structure for table `user_roles`
--

CREATE TABLE `user_roles` (
  `xe_id` int(11) NOT NULL,
  `store_id` varchar(50) DEFAULT NULL,
  `role_name` varchar(100) NOT NULL
) ENGINE=InnoDB DEFAULT CHARSET=utf8;

--
-- Dumping data for table `user_roles`
--

INSERT INTO `user_roles` (`xe_id`, `store_id`, `role_name`) VALUES
(1, '1', 'admin'),
(14, '1', 'Super'),
(33, '1', 'Shipping'),
(52, '1', 'Manager'),
(70, '1', 'Printing'),
(71, '1', 'Production'),
(72, '1', 'Marketing'),
(73, '1', 'Account'),
(75, '1', 'Billing'),
(76, '1', 'test'),
(78, '1', 'test i/p');

-- --------------------------------------------------------

--
-- Table structure for table `user_role_privileges_rel`
--

CREATE TABLE `user_role_privileges_rel` (
  `role_id` int(11) NOT NULL,
  `privilege_id` int(11) NOT NULL,
  `privilege_type` text
) ENGINE=InnoDB DEFAULT CHARSET=utf8;

--
-- Dumping data for table `user_role_privileges_rel`
--

INSERT INTO `user_role_privileges_rel` (`role_id`, `privilege_id`, `privilege_type`) VALUES
(6, 2, '{"read":1,"write":1}'),
(6, 5, '{"read":0,"write":0}'),
(9, 2, '{"read":1,"write":1}'),
(9, 5, '{"read":1,"write":1}'),
(9, 3, '{"read":1,"write":1}'),
(9, 1, '{"read":1,"write":1}'),
(9, 4, '{"read":1,"write":1}'),
(9, 6, '{"read":1,"write":1}'),
(14, 2, '{"read":1,"write":0}'),
(14, 4, '{"read":0,"write":1}'),
(14, 5, '{"read":1,"write":0}'),
(14, 3, '{"read":1,"write":0}'),
(14, 1, '{"read":1,"write":0}'),
(72, 2, '{"read":1,"write":1}'),
(72, 4, '{"read":1,"write":1}'),
(72, 3, '{"read":1,"write":1}'),
(71, 2, '{"read":1,"write":1}'),
(71, 4, '{"read":1,"write":1}'),
(71, 5, '{"read":1,"write":1}'),
(33, 2, '{"read":1,"write":1}'),
(33, 4, '{"read":1,"write":1}'),
(52, 2, '{"read":1,"write":1}'),
(73, 2, '{"read":1,"write":0}'),
(70, 2, '{"read":1,"write":1}'),
(70, 3, '{"read":1,"write":1}'),
(75, 2, '{"read":1,"write":0}'),
(75, 4, '{"read":1,"write":0}'),
(75, 5, '{"read":1,"write":1}'),
(76, 2, '{"read":1,"write":1}');

-- --------------------------------------------------------

--
-- Table structure for table `user_role_rel`
--

CREATE TABLE `user_role_rel` (
  `user_id` int(10) DEFAULT NULL,
  `role_id` int(10) DEFAULT NULL
) ENGINE=InnoDB DEFAULT CHARSET=latin1;

--
-- Dumping data for table `user_role_rel`
--

INSERT INTO `user_role_rel` (`user_id`, `role_id`) VALUES
(11, 6),
(1, 1),
(73, 73),
(74, 72),
(75, 70),
(76, 73),
(77, 33),
(78, 73),
(79, 52),
(80, 72),
(82, 75);

-- --------------------------------------------------------

--
-- Table structure for table `word_clouds`
--

CREATE TABLE `word_clouds` (
  `xe_id` bigint(20) NOT NULL,
  `name` varchar(100) DEFAULT NULL,
  `store_id` varchar(100) DEFAULT NULL,
  `file_name` varchar(50) DEFAULT NULL,
  `created_at` datetime DEFAULT NULL,
  `updated_at` datetime DEFAULT NULL
) ENGINE=InnoDB DEFAULT CHARSET=latin1;

--
-- Dumping data for table `word_clouds`
--

INSERT INTO `word_clouds` (`xe_id`, `name`, `store_id`, `file_name`, `created_at`, `updated_at`) VALUES
(37, 'Tweeter', '1', '202001221131079164.jpg', '2020-01-22 11:31:07', '2020-01-24 10:37:34');

-- --------------------------------------------------------

--
-- Table structure for table `word_cloud_categories`
--

CREATE TABLE `word_cloud_categories` (
  `xe_id` int(10) NOT NULL,
  `name` varchar(100) DEFAULT NULL,
  `store_id` varchar(100) DEFAULT NULL,
  `parent_id` int(10) DEFAULT NULL,
  `sort_order` smallint(4) DEFAULT NULL,
  `is_disable` tinyint(1) DEFAULT '0',
  `is_default` tinyint(1) DEFAULT '0',
  `created_at` datetime DEFAULT NULL,
  `updated_at` datetime DEFAULT NULL
) ENGINE=InnoDB DEFAULT CHARSET=latin1;

-- --------------------------------------------------------

--
-- Table structure for table `word_cloud_category_rel`
--

CREATE TABLE `word_cloud_category_rel` (
  `word_cloud_id` bigint(20) DEFAULT NULL,
  `category_id` int(10) DEFAULT NULL
) ENGINE=InnoDB DEFAULT CHARSET=latin1;

--
-- Dumping data for table `word_cloud_category_rel`
--

INSERT INTO `word_cloud_category_rel` (`word_cloud_id`, `category_id`) VALUES
(9, 129),
(10, 129),
(11, 129),
(12, 129),
(13, 129),
(14, 129),
(14, 308),
(15, 306),
(16, 305),
(16, 307),
(17, 306),
(18, 306),
(19, 129),
(19, 308),
(19, 366),
(20, 306),
(21, 129),
(21, 308),
(21, 366),
(22, 366),
(24, 308),
(24, 366),
(24, 129),
(23, 306),
(25, 129),
(25, 308),
(25, 366),
(26, 306),
(27, 523),
(28, 129),
(28, 308),
(28, 366),
(29, 305),
(29, 307),
(30, 129),
(30, 308),
(30, 366),
(31, 523),
(33, 523),
(34, 523),
(35, 129),
(35, 308),
(35, 366),
(36, 523),
(32, 305),
(32, 307),
(37, 366),
(38, 678),
(37, 305),
(37, 307);

-- --------------------------------------------------------

--
-- Table structure for table `word_cloud_tags`
--

CREATE TABLE `word_cloud_tags` (
  `xe_id` int(10) NOT NULL,
  `name` varchar(100) DEFAULT NULL,
  `store_id` varchar(100) DEFAULT NULL,
  `created_at` datetime DEFAULT NULL,
  `updated_at` datetime DEFAULT NULL
) ENGINE=InnoDB DEFAULT CHARSET=latin1;

--
-- Dumping data for table `word_cloud_tags`
--

INSERT INTO `word_cloud_tags` (`xe_id`, `name`, `store_id`, `created_at`, `updated_at`) VALUES
(3, 'teat1', NULL, '2019-12-17 16:14:31', '2019-12-17 16:14:31'),
(4, 'test1', NULL, '2019-12-17 16:17:44', '2019-12-17 16:17:44'),
(5, '534ygu', NULL, '2019-12-17 16:20:15', '2019-12-17 16:20:15'),
(6, 'tag1', NULL, '2019-12-26 03:48:43', '2019-12-26 03:48:43'),
(7, 'twitter', NULL, '2019-12-26 09:00:44', '2019-12-26 09:00:44'),
(8, 'yahoo', NULL, '2019-12-26 09:00:44', '2019-12-26 09:00:44'),
(9, 'gmail', NULL, '2019-12-26 09:00:44', '2019-12-26 09:00:44'),
(10, 'facebook', NULL, '2019-12-26 09:00:44', '2019-12-26 09:00:44'),
(11, 'twitter1', NULL, '2019-12-26 09:00:44', '2019-12-26 09:00:44'),
(12, 'Tags', NULL, '2019-12-26 13:44:54', '2019-12-26 13:44:54'),
(13, 'star', NULL, '2020-01-03 15:36:54', '2020-01-03 15:36:54'),
(14, 'moon', NULL, '2020-01-03 15:36:54', '2020-01-03 15:36:54'),
(15, 'black', NULL, '2020-01-03 15:36:54', '2020-01-03 15:36:54'),
(16, 'solid', NULL, '2020-01-03 15:37:43', '2020-01-03 15:37:43'),
(17, 'tree', NULL, '2020-01-03 16:18:06', '2020-01-03 16:18:06'),
(18, 'teste', NULL, '2020-01-14 16:22:44', '2020-01-14 16:22:44'),
(19, 'dsfs', NULL, '2020-01-14 16:24:54', '2020-01-14 16:24:54'),
(20, '123456789', NULL, '2020-01-16 19:00:15', '2020-01-16 19:00:15'),
(21, '1111', NULL, '2020-01-20 16:06:15', '2020-01-20 16:06:15');

-- --------------------------------------------------------

--
-- Table structure for table `word_cloud_tag_rel`
--

CREATE TABLE `word_cloud_tag_rel` (
  `word_cloud_id` bigint(20) DEFAULT NULL,
  `tag_id` int(10) DEFAULT NULL
) ENGINE=InnoDB DEFAULT CHARSET=latin1;

--
-- Dumping data for table `word_cloud_tag_rel`
--

INSERT INTO `word_cloud_tag_rel` (`word_cloud_id`, `tag_id`) VALUES
(5, 3),
(6, 4),
(7, 5),
(16, 6),
(17, 7),
(17, 8),
(17, 9),
(17, 10),
(18, 12),
(20, 12),
(21, 13),
(21, 14),
(21, 15),
(22, 16),
(22, 15),
(23, 17),
(25, 12),
(27, 12),
(31, 18),
(33, 19),
(36, 20),
(29, 21),
(37, 12);

--
-- Indexes for dumped tables
--

--
-- Indexes for table `admin_roles`
--
ALTER TABLE `admin_roles`
  ADD PRIMARY KEY (`xe_id`);

--
-- Indexes for table `admin_users`
--
ALTER TABLE `admin_users`
  ADD PRIMARY KEY (`xe_id`);

--
-- Indexes for table `app_currency`
--
ALTER TABLE `app_currency`
  ADD PRIMARY KEY (`xe_id`);

--
-- Indexes for table `app_units`
--
ALTER TABLE `app_units`
  ADD PRIMARY KEY (`xe_id`);

--
-- Indexes for table `asset_types`
--
ALTER TABLE `asset_types`
  ADD PRIMARY KEY (`xe_id`);

--
-- Indexes for table `backgrounds`
--
ALTER TABLE `backgrounds`
  ADD PRIMARY KEY (`xe_id`);

--
-- Indexes for table `background_pattern_categories`
--
ALTER TABLE `background_pattern_categories`
  ADD PRIMARY KEY (`xe_id`);

--
-- Indexes for table `background_tags`
--
ALTER TABLE `background_tags`
  ADD PRIMARY KEY (`xe_id`);

--
-- Indexes for table `capture_images`
--
ALTER TABLE `capture_images`
  ADD PRIMARY KEY (`xe_id`),
  ADD KEY `FK_capture_images` (`ref_id`);

--
-- Indexes for table `categories`
--
ALTER TABLE `categories`
  ADD PRIMARY KEY (`xe_id`);

--
-- Indexes for table `cliparts`
--
ALTER TABLE `cliparts`
  ADD PRIMARY KEY (`xe_id`),
  ADD KEY `FK_cliparts_user` (`user_id`),
  ADD KEY `index_cliparts_name` (`name`);

--
-- Indexes for table `clipart_tags`
--
ALTER TABLE `clipart_tags`
  ADD PRIMARY KEY (`xe_id`),
  ADD UNIQUE KEY `index_cliparts_tag_name` (`name`);

--
-- Indexes for table `clipart_tag_rel`
--
ALTER TABLE `clipart_tag_rel`
  ADD KEY `FK_clipart_tags_relations_cliparts` (`clipart_id`),
  ADD KEY `FK_clipart_tags_relations_clipart_tags` (`tag_id`);

--
-- Indexes for table `colors`
--
ALTER TABLE `colors`
  ADD PRIMARY KEY (`xe_id`);

--
-- Indexes for table `color_categories`
--
ALTER TABLE `color_categories`
  ADD PRIMARY KEY (`xe_id`),
  ADD KEY `NewIndex1` (`name`);

--
-- Indexes for table `color_palettes`
--
ALTER TABLE `color_palettes`
  ADD PRIMARY KEY (`xe_id`);

--
-- Indexes for table `color_swatches`
--
ALTER TABLE `color_swatches`
  ADD PRIMARY KEY (`xe_id`),
  ADD KEY `FK_color_swatches` (`color_type`);

--
-- Indexes for table `color_tags`
--
ALTER TABLE `color_tags`
  ADD PRIMARY KEY (`xe_id`);

--
-- Indexes for table `color_tag_rel`
--
ALTER TABLE `color_tag_rel`
  ADD KEY `FK_color_tag_rel_colors` (`color_id`),
  ADD KEY `FK_color_tag_rel_tags` (`tag_id`);

--
-- Indexes for table `color_types`
--
ALTER TABLE `color_types`
  ADD PRIMARY KEY (`xe_id`);

--
-- Indexes for table `design_states`
--
ALTER TABLE `design_states`
  ADD PRIMARY KEY (`xe_id`);

--
-- Indexes for table `distresses`
--
ALTER TABLE `distresses`
  ADD PRIMARY KEY (`xe_id`);

--
-- Indexes for table `distress_categories`
--
ALTER TABLE `distress_categories`
  ADD PRIMARY KEY (`xe_id`);

--
-- Indexes for table `distress_tags`
--
ALTER TABLE `distress_tags`
  ADD PRIMARY KEY (`xe_id`);

--
-- Indexes for table `engraved_surfaces`
--
ALTER TABLE `engraved_surfaces`
  ADD PRIMARY KEY (`xe_id`);

--
-- Indexes for table `features`
--
ALTER TABLE `features`
  ADD PRIMARY KEY (`xe_id`);

--
-- Indexes for table `feature_types`
--
ALTER TABLE `feature_types`
  ADD PRIMARY KEY (`xe_id`);

--
-- Indexes for table `fonts`
--
ALTER TABLE `fonts`
  ADD PRIMARY KEY (`xe_id`);

--
-- Indexes for table `font_categories`
--
ALTER TABLE `font_categories`
  ADD PRIMARY KEY (`xe_id`),
  ADD KEY `NewIndex1` (`name`);

--
-- Indexes for table `font_tags`
--
ALTER TABLE `font_tags`
  ADD PRIMARY KEY (`xe_id`);

--
-- Indexes for table `graphic_fonts`
--
ALTER TABLE `graphic_fonts`
  ADD PRIMARY KEY (`xe_id`);

--
-- Indexes for table `graphic_font_letters`
--
ALTER TABLE `graphic_font_letters`
  ADD PRIMARY KEY (`xe_id`);

--
-- Indexes for table `graphic_font_tags`
--
ALTER TABLE `graphic_font_tags`
  ADD PRIMARY KEY (`xe_id`);

--
-- Indexes for table `languages`
--
ALTER TABLE `languages`
  ADD PRIMARY KEY (`xe_id`);

--
-- Indexes for table `layouts`
--
ALTER TABLE `layouts`
  ADD PRIMARY KEY (`xe_id`);

--
-- Indexes for table `masks`
--
ALTER TABLE `masks`
  ADD PRIMARY KEY (`xe_id`);

--
-- Indexes for table `mask_tags`
--
ALTER TABLE `mask_tags`
  ADD PRIMARY KEY (`xe_id`);

--
-- Indexes for table `order_logs`
--
ALTER TABLE `order_logs`
  ADD PRIMARY KEY (`xe_id`);

--
-- Indexes for table `order_log_files`
--
ALTER TABLE `order_log_files`
  ADD PRIMARY KEY (`xe_id`);

--
-- Indexes for table `price_advanced_price_settings`
--
ALTER TABLE `price_advanced_price_settings`
  ADD PRIMARY KEY (`xe_id`);

--
-- Indexes for table `price_default_settings`
--
ALTER TABLE `price_default_settings`
  ADD PRIMARY KEY (`xe_id`),
  ADD KEY `FK_price_default_settings` (`price_module_setting_id`);

--
-- Indexes for table `price_modules`
--
ALTER TABLE `price_modules`
  ADD PRIMARY KEY (`xe_id`);

--
-- Indexes for table `price_module_settings`
--
ALTER TABLE `price_module_settings`
  ADD PRIMARY KEY (`xe_id`),
  ADD KEY `FK_price_module_w_print_profile_pricing` (`print_profile_pricing_id`),
  ADD KEY `FK_price_settings_price_modules` (`price_module_id`),
  ADD KEY `FK_advance_price_settings` (`advance_price_settings_id`);

--
-- Indexes for table `price_tier_quantity_ranges`
--
ALTER TABLE `price_tier_quantity_ranges`
  ADD PRIMARY KEY (`xe_id`),
  ADD KEY `FK_price_default_setting_w_tier_range` (`price_module_setting_id`);

--
-- Indexes for table `price_tier_values`
--
ALTER TABLE `price_tier_values`
  ADD PRIMARY KEY (`xe_id`),
  ADD KEY `FK_tier_price_default_setting` (`price_module_setting_id`);

--
-- Indexes for table `price_tier_whitebases`
--
ALTER TABLE `price_tier_whitebases`
  ADD KEY `price_tier_value_id` (`price_tier_value_id`),
  ADD KEY `FK_price_tier_whitebases_rel` (`tier_range_id`);

--
-- Indexes for table `print_areas`
--
ALTER TABLE `print_areas`
  ADD PRIMARY KEY (`xe_id`);

--
-- Indexes for table `print_area_types`
--
ALTER TABLE `print_area_types`
  ADD PRIMARY KEY (`xe_id`);

--
-- Indexes for table `print_profiles`
--
ALTER TABLE `print_profiles`
  ADD PRIMARY KEY (`xe_id`);

--
-- Indexes for table `print_profile_allowed_formats`
--
ALTER TABLE `print_profile_allowed_formats`
  ADD PRIMARY KEY (`xe_id`);

--
-- Indexes for table `print_profile_decoration_setting_rel`
--
ALTER TABLE `print_profile_decoration_setting_rel`
  ADD KEY `FK_print_profile_decoration_setting_rel_print_profiles` (`print_profile_id`),
  ADD KEY `FK_print_profile_product_setting_rel_decoration_setting` (`decoration_setting_id`);

--
-- Indexes for table `print_profile_engrave_settings`
--
ALTER TABLE `print_profile_engrave_settings`
  ADD KEY `FK_engraved_surfaces` (`engraved_surface_id`),
  ADD KEY `FK_print_profile_engrave_settings` (`print_profile_id`);

--
-- Indexes for table `print_profile_pricings`
--
ALTER TABLE `print_profile_pricings`
  ADD PRIMARY KEY (`xe_id`);

--
-- Indexes for table `product_decoration_settings`
--
ALTER TABLE `product_decoration_settings`
  ADD PRIMARY KEY (`xe_id`);

--
-- Indexes for table `product_images`
--
ALTER TABLE `product_images`
  ADD PRIMARY KEY (`xe_id`),
  ADD KEY `store_id` (`store_id`);

--
-- Indexes for table `product_image_settings_rel`
--
ALTER TABLE `product_image_settings_rel`
  ADD KEY `FK_product_image_settings_rel_product_settings` (`product_setting_id`),
  ADD KEY `FK_product_image_settings_rel_product_image` (`product_image_id`);

--
-- Indexes for table `product_image_sides`
--
ALTER TABLE `product_image_sides`
  ADD PRIMARY KEY (`xe_id`);

--
-- Indexes for table `product_settings`
--
ALTER TABLE `product_settings`
  ADD PRIMARY KEY (`xe_id`);

--
-- Indexes for table `product_sides`
--
ALTER TABLE `product_sides`
  ADD PRIMARY KEY (`xe_id`);

--
-- Indexes for table `product_size_variant_decoration_settings`
--
ALTER TABLE `product_size_variant_decoration_settings`
  ADD PRIMARY KEY (`xe_id`),
  ADD KEY `FK_product_size_variant_decoration_settings` (`decoration_setting_id`),
  ADD KEY `FK_product_size_variant_decoration_settings_print_area` (`print_area_id`);

--
-- Indexes for table `settings`
--
ALTER TABLE `settings`
  ADD PRIMARY KEY (`xe_id`);

--
-- Indexes for table `shapes`
--
ALTER TABLE `shapes`
  ADD PRIMARY KEY (`xe_id`);

--
-- Indexes for table `shape_categories`
--
ALTER TABLE `shape_categories`
  ADD PRIMARY KEY (`xe_id`);

--
-- Indexes for table `shape_tags`
--
ALTER TABLE `shape_tags`
  ADD PRIMARY KEY (`xe_id`);

--
-- Indexes for table `stores`
--
ALTER TABLE `stores`
  ADD PRIMARY KEY (`xe_id`);

--
-- Indexes for table `templates`
--
ALTER TABLE `templates`
  ADD PRIMARY KEY (`xe_id`),
  ADD KEY `FK_templates` (`ref_id`);

--
-- Indexes for table `template_category_rel`
--
ALTER TABLE `template_category_rel`
  ADD KEY `template_id` (`template_id`),
  ADD KEY `category_id` (`category_id`);

--
-- Indexes for table `template_print_profile_rel`
--
ALTER TABLE `template_print_profile_rel`
  ADD KEY `FK_print_profile_template` (`template_id`),
  ADD KEY `FK_print_profile` (`print_profile_id`);

--
-- Indexes for table `template_tags`
--
ALTER TABLE `template_tags`
  ADD PRIMARY KEY (`xe_id`);

--
-- Indexes for table `template_tag_rel`
--
ALTER TABLE `template_tag_rel`
  ADD KEY `FK_template_tags` (`tag_id`),
  ADD KEY `FK_template_tag_rel` (`template_id`);

--
-- Indexes for table `user_privileges`
--
ALTER TABLE `user_privileges`
  ADD PRIMARY KEY (`xe_id`);

--
-- Indexes for table `user_roles`
--
ALTER TABLE `user_roles`
  ADD PRIMARY KEY (`xe_id`);

--
-- Indexes for table `user_role_rel`
--
ALTER TABLE `user_role_rel`
  ADD KEY `FK_user_role_rel_role` (`role_id`),
  ADD KEY `FK_user_role_rel_user` (`user_id`);

--
-- Indexes for table `word_clouds`
--
ALTER TABLE `word_clouds`
  ADD PRIMARY KEY (`xe_id`);

--
-- Indexes for table `word_cloud_categories`
--
ALTER TABLE `word_cloud_categories`
  ADD PRIMARY KEY (`xe_id`);

--
-- Indexes for table `word_cloud_tags`
--
ALTER TABLE `word_cloud_tags`
  ADD PRIMARY KEY (`xe_id`);

--
-- AUTO_INCREMENT for dumped tables
--

--
-- AUTO_INCREMENT for table `admin_roles`
--
ALTER TABLE `admin_roles`
  MODIFY `xe_id` int(10) NOT NULL AUTO_INCREMENT, AUTO_INCREMENT=2;
--
-- AUTO_INCREMENT for table `admin_users`
--
ALTER TABLE `admin_users`
  MODIFY `xe_id` int(10) NOT NULL AUTO_INCREMENT, AUTO_INCREMENT=83;
--
-- AUTO_INCREMENT for table `app_currency`
--
ALTER TABLE `app_currency`
  MODIFY `xe_id` tinyint(1) NOT NULL AUTO_INCREMENT, AUTO_INCREMENT=6;
--
-- AUTO_INCREMENT for table `app_units`
--
ALTER TABLE `app_units`
  MODIFY `xe_id` int(11) NOT NULL AUTO_INCREMENT, AUTO_INCREMENT=7;
--
-- AUTO_INCREMENT for table `asset_types`
--
ALTER TABLE `asset_types`
  MODIFY `xe_id` int(11) NOT NULL AUTO_INCREMENT, AUTO_INCREMENT=13;
--
-- AUTO_INCREMENT for table `backgrounds`
--
ALTER TABLE `backgrounds`
  MODIFY `xe_id` bigint(20) NOT NULL AUTO_INCREMENT, AUTO_INCREMENT=156;
--
-- AUTO_INCREMENT for table `background_pattern_categories`
--
ALTER TABLE `background_pattern_categories`
  MODIFY `xe_id` int(10) NOT NULL AUTO_INCREMENT;
--
-- AUTO_INCREMENT for table `background_tags`
--
ALTER TABLE `background_tags`
  MODIFY `xe_id` int(10) NOT NULL AUTO_INCREMENT, AUTO_INCREMENT=40;
--
-- AUTO_INCREMENT for table `capture_images`
--
ALTER TABLE `capture_images`
  MODIFY `xe_id` int(11) NOT NULL AUTO_INCREMENT, AUTO_INCREMENT=174;
--
-- AUTO_INCREMENT for table `categories`
--
ALTER TABLE `categories`
  MODIFY `xe_id` int(11) NOT NULL AUTO_INCREMENT, AUTO_INCREMENT=935;
--
-- AUTO_INCREMENT for table `cliparts`
--
ALTER TABLE `cliparts`
  MODIFY `xe_id` bigint(20) NOT NULL AUTO_INCREMENT, AUTO_INCREMENT=85584;
--
-- AUTO_INCREMENT for table `clipart_tags`
--
ALTER TABLE `clipart_tags`
  MODIFY `xe_id` int(10) NOT NULL AUTO_INCREMENT, AUTO_INCREMENT=122;
--
-- AUTO_INCREMENT for table `colors`
--
ALTER TABLE `colors`
  MODIFY `xe_id` bigint(20) NOT NULL AUTO_INCREMENT;
--
-- AUTO_INCREMENT for table `color_categories`
--
ALTER TABLE `color_categories`
  MODIFY `xe_id` int(10) NOT NULL AUTO_INCREMENT;
--
-- AUTO_INCREMENT for table `color_palettes`
--
ALTER TABLE `color_palettes`
  MODIFY `xe_id` int(11) NOT NULL AUTO_INCREMENT, AUTO_INCREMENT=332;
--
-- AUTO_INCREMENT for table `color_swatches`
--
ALTER TABLE `color_swatches`
  MODIFY `xe_id` int(11) NOT NULL AUTO_INCREMENT, AUTO_INCREMENT=95;
--
-- AUTO_INCREMENT for table `color_tags`
--
ALTER TABLE `color_tags`
  MODIFY `xe_id` int(10) NOT NULL AUTO_INCREMENT;
--
-- AUTO_INCREMENT for table `color_types`
--
ALTER TABLE `color_types`
  MODIFY `xe_id` int(10) NOT NULL AUTO_INCREMENT, AUTO_INCREMENT=7;
--
-- AUTO_INCREMENT for table `design_states`
--
ALTER TABLE `design_states`
  MODIFY `xe_id` int(11) NOT NULL AUTO_INCREMENT, AUTO_INCREMENT=183;
--
-- AUTO_INCREMENT for table `distresses`
--
ALTER TABLE `distresses`
  MODIFY `xe_id` bigint(20) NOT NULL AUTO_INCREMENT, AUTO_INCREMENT=47;
--
-- AUTO_INCREMENT for table `distress_categories`
--
ALTER TABLE `distress_categories`
  MODIFY `xe_id` int(10) NOT NULL AUTO_INCREMENT;
--
-- AUTO_INCREMENT for table `distress_tags`
--
ALTER TABLE `distress_tags`
  MODIFY `xe_id` int(10) NOT NULL AUTO_INCREMENT, AUTO_INCREMENT=14;
--
-- AUTO_INCREMENT for table `engraved_surfaces`
--
ALTER TABLE `engraved_surfaces`
  MODIFY `xe_id` int(11) NOT NULL AUTO_INCREMENT, AUTO_INCREMENT=298;
--
-- AUTO_INCREMENT for table `features`
--
ALTER TABLE `features`
  MODIFY `xe_id` int(11) NOT NULL AUTO_INCREMENT, AUTO_INCREMENT=10;
--
-- AUTO_INCREMENT for table `feature_types`
--
ALTER TABLE `feature_types`
  MODIFY `xe_id` int(11) NOT NULL AUTO_INCREMENT, AUTO_INCREMENT=4;
--
-- AUTO_INCREMENT for table `fonts`
--
ALTER TABLE `fonts`
  MODIFY `xe_id` bigint(20) NOT NULL AUTO_INCREMENT, AUTO_INCREMENT=24;
--
-- AUTO_INCREMENT for table `font_categories`
--
ALTER TABLE `font_categories`
  MODIFY `xe_id` int(10) NOT NULL AUTO_INCREMENT;
--
-- AUTO_INCREMENT for table `font_tags`
--
ALTER TABLE `font_tags`
  MODIFY `xe_id` int(10) NOT NULL AUTO_INCREMENT, AUTO_INCREMENT=43;
--
-- AUTO_INCREMENT for table `graphic_fonts`
--
ALTER TABLE `graphic_fonts`
  MODIFY `xe_id` bigint(20) NOT NULL AUTO_INCREMENT;
--
-- AUTO_INCREMENT for table `graphic_font_letters`
--
ALTER TABLE `graphic_font_letters`
  MODIFY `xe_id` bigint(20) NOT NULL AUTO_INCREMENT;
--
-- AUTO_INCREMENT for table `graphic_font_tags`
--
ALTER TABLE `graphic_font_tags`
  MODIFY `xe_id` int(10) NOT NULL AUTO_INCREMENT;
--
-- AUTO_INCREMENT for table `languages`
--
ALTER TABLE `languages`
  MODIFY `xe_id` int(10) NOT NULL AUTO_INCREMENT, AUTO_INCREMENT=30;
--
-- AUTO_INCREMENT for table `layouts`
--
ALTER TABLE `layouts`
  MODIFY `xe_id` int(11) NOT NULL AUTO_INCREMENT, AUTO_INCREMENT=5;
--
-- AUTO_INCREMENT for table `masks`
--
ALTER TABLE `masks`
  MODIFY `xe_id` bigint(20) NOT NULL AUTO_INCREMENT, AUTO_INCREMENT=69;
--
-- AUTO_INCREMENT for table `mask_tags`
--
ALTER TABLE `mask_tags`
  MODIFY `xe_id` int(10) NOT NULL AUTO_INCREMENT, AUTO_INCREMENT=22;
--
-- AUTO_INCREMENT for table `order_logs`
--
ALTER TABLE `order_logs`
  MODIFY `xe_id` bigint(20) NOT NULL AUTO_INCREMENT, AUTO_INCREMENT=52;
--
-- AUTO_INCREMENT for table `order_log_files`
--
ALTER TABLE `order_log_files`
  MODIFY `xe_id` bigint(20) NOT NULL AUTO_INCREMENT, AUTO_INCREMENT=79;
--
-- AUTO_INCREMENT for table `price_advanced_price_settings`
--
ALTER TABLE `price_advanced_price_settings`
  MODIFY `xe_id` int(11) NOT NULL AUTO_INCREMENT, AUTO_INCREMENT=69;
--
-- AUTO_INCREMENT for table `price_default_settings`
--
ALTER TABLE `price_default_settings`
  MODIFY `xe_id` int(11) NOT NULL AUTO_INCREMENT, AUTO_INCREMENT=955;
--
-- AUTO_INCREMENT for table `price_modules`
--
ALTER TABLE `price_modules`
  MODIFY `xe_id` int(11) NOT NULL AUTO_INCREMENT, AUTO_INCREMENT=13;
--
-- AUTO_INCREMENT for table `price_module_settings`
--
ALTER TABLE `price_module_settings`
  MODIFY `xe_id` int(11) NOT NULL AUTO_INCREMENT, AUTO_INCREMENT=739;
--
-- AUTO_INCREMENT for table `price_tier_quantity_ranges`
--
ALTER TABLE `price_tier_quantity_ranges`
  MODIFY `xe_id` int(11) NOT NULL AUTO_INCREMENT, AUTO_INCREMENT=35;
--
-- AUTO_INCREMENT for table `price_tier_values`
--
ALTER TABLE `price_tier_values`
  MODIFY `xe_id` bigint(20) NOT NULL AUTO_INCREMENT, AUTO_INCREMENT=922;
--
-- AUTO_INCREMENT for table `print_areas`
--
ALTER TABLE `print_areas`
  MODIFY `xe_id` bigint(20) NOT NULL AUTO_INCREMENT, AUTO_INCREMENT=102;
--
-- AUTO_INCREMENT for table `print_area_types`
--
ALTER TABLE `print_area_types`
  MODIFY `xe_id` int(11) NOT NULL AUTO_INCREMENT, AUTO_INCREMENT=7;
--
-- AUTO_INCREMENT for table `print_profiles`
--
ALTER TABLE `print_profiles`
  MODIFY `xe_id` int(11) NOT NULL AUTO_INCREMENT, AUTO_INCREMENT=291;
--
-- AUTO_INCREMENT for table `print_profile_allowed_formats`
--
ALTER TABLE `print_profile_allowed_formats`
  MODIFY `xe_id` int(11) NOT NULL AUTO_INCREMENT, AUTO_INCREMENT=17;
--
-- AUTO_INCREMENT for table `print_profile_pricings`
--
ALTER TABLE `print_profile_pricings`
  MODIFY `xe_id` int(11) NOT NULL AUTO_INCREMENT, AUTO_INCREMENT=69;
--
-- AUTO_INCREMENT for table `product_decoration_settings`
--
ALTER TABLE `product_decoration_settings`
  MODIFY `xe_id` int(11) NOT NULL AUTO_INCREMENT, AUTO_INCREMENT=1600;
--
-- AUTO_INCREMENT for table `product_images`
--
ALTER TABLE `product_images`
  MODIFY `xe_id` int(11) NOT NULL AUTO_INCREMENT, AUTO_INCREMENT=89;
--
-- AUTO_INCREMENT for table `product_image_sides`
--
ALTER TABLE `product_image_sides`
  MODIFY `xe_id` int(11) NOT NULL AUTO_INCREMENT, AUTO_INCREMENT=381;
--
-- AUTO_INCREMENT for table `product_settings`
--
ALTER TABLE `product_settings`
  MODIFY `xe_id` int(11) NOT NULL AUTO_INCREMENT, AUTO_INCREMENT=227;
--
-- AUTO_INCREMENT for table `product_sides`
--
ALTER TABLE `product_sides`
  MODIFY `xe_id` int(11) NOT NULL AUTO_INCREMENT, AUTO_INCREMENT=2011;
--
-- AUTO_INCREMENT for table `product_size_variant_decoration_settings`
--
ALTER TABLE `product_size_variant_decoration_settings`
  MODIFY `xe_id` int(11) NOT NULL AUTO_INCREMENT;
--
-- AUTO_INCREMENT for table `settings`
--
ALTER TABLE `settings`
  MODIFY `xe_id` int(11) NOT NULL AUTO_INCREMENT, AUTO_INCREMENT=1661;
--
-- AUTO_INCREMENT for table `shapes`
--
ALTER TABLE `shapes`
  MODIFY `xe_id` bigint(20) NOT NULL AUTO_INCREMENT, AUTO_INCREMENT=83;
--
-- AUTO_INCREMENT for table `shape_categories`
--
ALTER TABLE `shape_categories`
  MODIFY `xe_id` int(10) NOT NULL AUTO_INCREMENT;
--
-- AUTO_INCREMENT for table `shape_tags`
--
ALTER TABLE `shape_tags`
  MODIFY `xe_id` int(10) NOT NULL AUTO_INCREMENT, AUTO_INCREMENT=17;
--
-- AUTO_INCREMENT for table `stores`
--
ALTER TABLE `stores`
  MODIFY `xe_id` int(11) NOT NULL AUTO_INCREMENT, AUTO_INCREMENT=3;
--
-- AUTO_INCREMENT for table `templates`
--
ALTER TABLE `templates`
  MODIFY `xe_id` int(11) NOT NULL AUTO_INCREMENT, AUTO_INCREMENT=178;
--
-- AUTO_INCREMENT for table `template_tags`
--
ALTER TABLE `template_tags`
  MODIFY `xe_id` int(11) NOT NULL AUTO_INCREMENT, AUTO_INCREMENT=169;
--
-- AUTO_INCREMENT for table `user_privileges`
--
ALTER TABLE `user_privileges`
  MODIFY `xe_id` int(11) NOT NULL AUTO_INCREMENT, AUTO_INCREMENT=7;
--
-- AUTO_INCREMENT for table `user_roles`
--
ALTER TABLE `user_roles`
  MODIFY `xe_id` int(11) NOT NULL AUTO_INCREMENT, AUTO_INCREMENT=79;
--
-- AUTO_INCREMENT for table `word_clouds`
--
ALTER TABLE `word_clouds`
  MODIFY `xe_id` bigint(20) NOT NULL AUTO_INCREMENT, AUTO_INCREMENT=38;
--
-- AUTO_INCREMENT for table `word_cloud_categories`
--
ALTER TABLE `word_cloud_categories`
  MODIFY `xe_id` int(10) NOT NULL AUTO_INCREMENT;
--
-- AUTO_INCREMENT for table `word_cloud_tags`
--
ALTER TABLE `word_cloud_tags`
  MODIFY `xe_id` int(10) NOT NULL AUTO_INCREMENT, AUTO_INCREMENT=22;
--
-- Constraints for dumped tables
--

--
-- Constraints for table `capture_images`
--
ALTER TABLE `capture_images`
  ADD CONSTRAINT `FK_capture_images` FOREIGN KEY (`ref_id`) REFERENCES `design_states` (`xe_id`) ON DELETE CASCADE ON UPDATE CASCADE;

--
-- Constraints for table `color_swatches`
--
ALTER TABLE `color_swatches`
  ADD CONSTRAINT `FK_color_swatches` FOREIGN KEY (`color_type`) REFERENCES `color_types` (`xe_id`) ON DELETE CASCADE ON UPDATE CASCADE;

--
-- Constraints for table `print_profile_engrave_settings`
--
ALTER TABLE `print_profile_engrave_settings`
  ADD CONSTRAINT `FK_engraved_surfaces` FOREIGN KEY (`engraved_surface_id`) REFERENCES `engraved_surfaces` (`xe_id`) ON DELETE CASCADE ON UPDATE CASCADE,
  ADD CONSTRAINT `FK_print_profile_engrave_settings` FOREIGN KEY (`print_profile_id`) REFERENCES `print_profiles` (`xe_id`) ON DELETE CASCADE ON UPDATE CASCADE;

--
-- Constraints for table `product_image_settings_rel`
--
ALTER TABLE `product_image_settings_rel`
  ADD CONSTRAINT `FK_product_image_settings_rel_product_image` FOREIGN KEY (`product_image_id`) REFERENCES `product_images` (`xe_id`) ON DELETE CASCADE ON UPDATE CASCADE,
  ADD CONSTRAINT `FK_product_image_settings_rel_product_settings` FOREIGN KEY (`product_setting_id`) REFERENCES `product_settings` (`xe_id`) ON DELETE CASCADE ON UPDATE CASCADE;

--
-- Constraints for table `templates`
--
ALTER TABLE `templates`
  ADD CONSTRAINT `FK_templates` FOREIGN KEY (`ref_id`) REFERENCES `design_states` (`xe_id`) ON DELETE CASCADE ON UPDATE CASCADE;

--
-- Constraints for table `template_tag_rel`
--
ALTER TABLE `template_tag_rel`
  ADD CONSTRAINT `FK_template_tag_rel` FOREIGN KEY (`template_id`) REFERENCES `templates` (`xe_id`) ON DELETE CASCADE ON UPDATE CASCADE,
  ADD CONSTRAINT `FK_template_tags` FOREIGN KEY (`tag_id`) REFERENCES `template_tags` (`xe_id`) ON DELETE CASCADE ON UPDATE CASCADE;

/*!40101 SET CHARACTER_SET_CLIENT=@OLD_CHARACTER_SET_CLIENT */;
/*!40101 SET CHARACTER_SET_RESULTS=@OLD_CHARACTER_SET_RESULTS */;
/*!40101 SET COLLATION_CONNECTION=@OLD_COLLATION_CONNECTION */;
